bytes_hex,tid,comment
00,8,'\x00'
01,9,'\x01'
02,10,'\x02'
03,11,'\x03'
04,12,'\x04'
05,13,'\x05'
06,14,'\x06'
07,15,'\x07'
08,16,'\x08'
09,17,'\t'
0a,18,'\n'
0b,19,'\x0b'
0c,20,'\x0c'
0d,21,'\r'
0e,22,'\x0e'
0f,23,'\x0f'
10,24,'\x10'
11,25,'\x11'
12,26,'\x12'
13,27,'\x13'
14,28,'\x14'
15,29,'\x15'
16,30,'\x16'
17,31,'\x17'
18,32,'\x18'
19,33,'\x19'
1a,34,'\x1a'
1b,35,'\x1b'
1c,36,'\x1c'
1d,37,'\x1d'
1e,38,'\x1e'
1f,39,'\x1f'
20,40,' '
21,41,'!'
22,42,"'""'"
23,43,'#'
24,44,'$'
25,45,'%'
26,46,'&'
27,47,"""'"""
28,48,'('
29,49,')'
2a,50,'*'
2b,51,'+'
2c,52,"','"
2d,53,'-'
2e,54,'.'
2f,55,'/'
30,56,'0'
31,57,'1'
32,58,'2'
33,59,'3'
34,60,'4'
35,61,'5'
36,62,'6'
37,63,'7'
38,64,'8'
39,65,'9'
3a,66,':'
3b,67,';'
3c,68,'<'
3d,69,'='
3e,70,'>'
3f,71,'?'
40,72,'@'
41,73,'A'
42,74,'B'
43,75,'C'
44,76,'D'
45,77,'E'
46,78,'F'
47,79,'G'
48,80,'H'
49,81,'I'
4a,82,'J'
4b,83,'K'
4c,84,'L'
4d,85,'M'
4e,86,'N'
4f,87,'O'
50,88,'P'
51,89,'Q'
52,90,'R'
53,91,'S'
54,92,'T'
55,93,'U'
56,94,'V'
57,95,'W'
58,96,'X'
59,97,'Y'
5a,98,'Z'
5b,99,'['
5c,100,'\\'
5d,101,']'
5e,102,'^'
5f,103,'_'
60,104,'`'
61,105,'a'
62,106,'b'
63,107,'c'
64,108,'d'
65,109,'e'
66,110,'f'
67,111,'g'
68,112,'h'
69,113,'i'
6a,114,'j'
6b,115,'k'
6c,116,'l'
6d,117,'m'
6e,118,'n'
6f,119,'o'
70,120,'p'
71,121,'q'
72,122,'r'
73,123,'s'
74,124,'t'
75,125,'u'
76,126,'v'
77,127,'w'
78,128,'x'
79,129,'y'
7a,130,'z'
7b,131,'{'
7c,132,'|'
7d,133,'}'
7e,134,'~'
7f,135,'\x7f'
80,136,'\udc80'
81,137,'\udc81'
82,138,'\udc82'
83,139,'\udc83'
84,140,'\udc84'
85,141,'\udc85'
86,142,'\udc86'
87,143,'\udc87'
88,144,'\udc88'
89,145,'\udc89'
8a,146,'\udc8a'
8b,147,'\udc8b'
8c,148,'\udc8c'
8d,149,'\udc8d'
8e,150,'\udc8e'
8f,151,'\udc8f'
90,152,'\udc90'
91,153,'\udc91'
92,154,'\udc92'
93,155,'\udc93'
94,156,'\udc94'
95,157,'\udc95'
96,158,'\udc96'
97,159,'\udc97'
98,160,'\udc98'
99,161,'\udc99'
9a,162,'\udc9a'
9b,163,'\udc9b'
9c,164,'\udc9c'
9d,165,'\udc9d'
9e,166,'\udc9e'
9f,167,'\udc9f'
a0,168,'\udca0'
a1,169,'\udca1'
a2,170,'\udca2'
a3,171,'\udca3'
a4,172,'\udca4'
a5,173,'\udca5'
a6,174,'\udca6'
a7,175,'\udca7'
a8,176,'\udca8'
a9,177,'\udca9'
aa,178,'\udcaa'
ab,179,'\udcab'
ac,180,'\udcac'
ad,181,'\udcad'
ae,182,'\udcae'
af,183,'\udcaf'
b0,184,'\udcb0'
b1,185,'\udcb1'
b2,186,'\udcb2'
b3,187,'\udcb3'
b4,188,'\udcb4'
b5,189,'\udcb5'
b6,190,'\udcb6'
b7,191,'\udcb7'
b8,192,'\udcb8'
b9,193,'\udcb9'
ba,194,'\udcba'
bb,195,'\udcbb'
bc,196,'\udcbc'
bd,197,'\udcbd'
be,198,'\udcbe'
bf,199,'\udcbf'
c0,200,'\udcc0'
c1,201,'\udcc1'
c2,202,'\udcc2'
c3,203,'\udcc3'
c4,204,'\udcc4'
c5,205,'\udcc5'
c6,206,'\udcc6'
c7,207,'\udcc7'
c8,208,'\udcc8'
c9,209,'\udcc9'
ca,210,'\udcca'
cb,211,'\udccb'
cc,212,'\udccc'
cd,213,'\udccd'
ce,214,'\udcce'
cf,215,'\udccf'
d0,216,'\udcd0'
d1,217,'\udcd1'
d2,218,'\udcd2'
d3,219,'\udcd3'
d4,220,'\udcd4'
d5,221,'\udcd5'
d6,222,'\udcd6'
d7,223,'\udcd7'
d8,224,'\udcd8'
d9,225,'\udcd9'
da,226,'\udcda'
db,227,'\udcdb'
dc,228,'\udcdc'
dd,229,'\udcdd'
de,230,'\udcde'
df,231,'\udcdf'
e0,232,'\udce0'
e1,233,'\udce1'
e2,234,'\udce2'
e3,235,'\udce3'
e4,236,'\udce4'
e5,237,'\udce5'
e6,238,'\udce6'
e7,239,'\udce7'
e8,240,'\udce8'
e9,241,'\udce9'
ea,242,'\udcea'
eb,243,'\udceb'
ec,244,'\udcec'
ed,245,'\udced'
ee,246,'\udcee'
ef,247,'\udcef'
f0,248,'\udcf0'
f1,249,'\udcf1'
f2,250,'\udcf2'
f3,251,'\udcf3'
f4,252,'\udcf4'
f5,253,'\udcf5'
f6,254,'\udcf6'
f7,255,'\udcf7'
f8,256,'\udcf8'
f9,257,'\udcf9'
fa,258,'\udcfa'
fb,259,'\udcfb'
fc,260,'\udcfc'
fd,261,'\udcfd'
fe,262,'\udcfe'
ff,263,'\udcff'
6865,264,'he'
2074,265,' t'
2061,266,' a'
2073,267,' s'
6564,268,'ed'
20746865,269,' the'
696e,270,'in'
2077,271,' w'
2066,272,' f'
7265,273,'re'
6e64,274,'nd'
2062,275,' b'
6f75,276,'ou'
206865,277,' he'
6572,278,'er'
2063,279,' c'
696e67,280,'ing'
2068,281,' h'
206f,282,' o'
206c,283,' l'
6974,284,'it'
6172,285,'ar'
20746f,286,' to'
6174,287,'at'
20616e64,288,' and'
2064,289,' d'
6973,290,'is'
616e,291,'an'
546865,292,'The'
206d,293,' m'
6c6c,294,'ll'
656e,295,'en'
6173,296,'as'
20546865,297,' The'
6f72,298,'or'
6573,299,'es'
2070,300,' p'
2067,301,' g'
656c,302,'el'
6768,303,'gh'
207468,304,' th'
6f77,305,'ow'
20696e,306,' in'
206f66,307,' of'
6f6e,308,'on'
207374,309,' st'
206e,310,' n'
6c64,311,'ld'
6164,312,'ad'
6972,313,'ir'
676874,314,'ght'
6964,315,'id'
20686572,316,' her'
6574,317,'et'
20736865,318,' she'
6f6d,319,'om'
2065,320,' e'
6163,321,'ac'
20776173,322,' was'
7574,323,'ut'
7269,324,'ri'
696d,325,'im'
697468,326,'ith'
7374,327,'st'
6179,328,'ay'
6c65,329,'le'
616d,330,'am'
207368,331,' sh'
206974,332,' it'
2053,333,' S'
6f74,334,'ot'
206265,335,' be'
207265,336,' re'
2074686579,337,' they'
2049,338,' I'
2077697468,339,' with'
616c,340,'al'
6c79,341,'ly'
6963,342,'ic'
2072,343,' r'
6f6f,344,'oo'
766572,345,'ver'
686572,346,'her'
2048,347,' H'
6b6564,348,'ked'
206c69,349,' li'
6b65,350,'ke'
2074686174,351,' that'
7665,352,'ve'
207361,353,' sa'
656c74,354,'elt'
2066656c74,355,' felt'
206f6e,356,' on'
206a,357,' j'
6f756e64,358,'ound'
2054686579,359,' They'
696c6c,360,'ill'
20686973,361,' his'
6f756c64,362,'ould'
2075,363,' u'
204865,364,' He'
2041,365,' A'
20627574,366,' but'
616c6c,367,'all'
656e74,368,'ent'
20686164,369,' had'
6f7574,370,'out'
206173,371,' as'
20536865,372,' She'
20666f72,373,' for'
617274,374,'art'
686564,375,'hed'
696e64,376,'ind'
656172,377,'ear'
6167,378,'ag'
2079,379,' y'
757265,380,'ure'
7572,381,'ur'
207370,382,' sp'
7070,383,'pp'
206b,384,' k'
20736d,385,' sm'
6f79,386,'oy'
6e65,387,'ne'
207468656972,388,' their'
207768,389,' wh'
6f73,390,'os'
616e74,391,'ant'
207765,392,' we'
20796f75,393,' you'
696c,394,'il'
656e64,395,'end'
206c61,396,' la'
6563,397,'ec'
756e,398,'un'
206c6f,399,' lo'
204c,400,' L'
20706c,401,' pl'
206e6f74,402,' not'
757374,403,'ust'
2073616964,404,' said'
2068696d,405,' him'
7269656e64,406,'riend'
20776f72,407,' wor'
20747265,408,' tre'
6f7265,409,'ore'
206861,410,' ha'
20667269656e64,411,' friend'
61696e,412,'ain'
65726564,413,'ered'
206865617274,414,' heart'
696465,415,'ide'
617264,416,'ard'
20636c,417,' cl'
6f6e65,418,'one'
6565,419,'ee'
69676874,420,'ight'
206665,421,' fe'
6e6564,422,'ned'
6c6f77,423,'low'
204974,424,' It'
206368,425,' ch'
20616c,426,' al'
6674,427,'ft'
206e65,428,' ne'
61726b,429,'ark'
2057,430,' W'
6f70,431,'op'
726f75,432,'rou'
20616e,433,' an'
20646179,434,' day'
206c6175,435,' lau'
2076,436,' v'
20636f756c64,437,' could'
6365,438,'ce'
616368,439,'ach'
204d,440,' M'
7261,441,'ra'
20666f756e64,442,' found'
676574,443,'get'
6368,444,'ch'
657273,445,'ers'
72656174,446,'reat'
76657279,447,'very'
6f6e67,448,'ong'
656d,449,'em'
206162,450,' ab'
726f6d,451,'rom'
6967,452,'ig'
2073746f72,453,' stor'
69726c,454,'irl'
206c696b65,455,' like'
6961,456,'ia'
206174,457,' at'
676574686572,458,'gether'
207468656d,459,' them'
206c6f6f,460,' loo'
20736f,461,' so'
427574,462,'But'
6f6d65,463,'ome'
206973,464,' is'
7265616d,465,'ream'
696573,466,'ies'
616e67,467,'ang'
6966,468,'if'
206578,469,' ex'
6f6f64,470,'ood'
7269676874,471,'right'
6f75676874,472,'ought'
766564,473,'ved'
7573,474,'us'
206769726c,475,' girl'
207472,476,' tr'
20667269656e6473,477,' friends'
20636f,478,' co'
657373,479,'ess'
206172,480,' ar'
206665656c,481,' feel'
616365,482,'ace'
20726f,483,' ro'
61636b,484,'ack'
20647265616d,485,' dream'
61726564,486,'ared'
746f,487,'to'
657374,488,'est'
6b696e67,489,'king'
64656e,490,'den'
2066696c6c,491,' fill'
2074686f75676874,492,' thought'
2045,493,' E'
2077657265,494,' were'
2077616e74,495,' want'
2061626f7574,496,' about'
2063616e,497,' can'
207570,498,' up'
206a6f79,499,' joy'
756c,500,'ul'
20646f,501,' do'
617374,502,'ast'
20627269676874,503,' bright'
20696e746f,504,' into'
20737472,505,' str'
68696e67,506,'hing'
20626f79,507,' boy'
6c70,508,'lp'
20427574,509,' But'
2073746172,510,' star'
616d65,511,'ame'
6e6f77,512,'now'
206c65,513,' le'
6e646572,514,'nder'
206d61,515,' ma'
20736d696c,516,' smil'
2068656c70,517,' help'
686174,518,'hat'
20776174,519,' wat'
20776f756c64,520,' would'
75656c,521,'uel'
206361,522,' ca'
206c69676874,523,' light'
656f,524,'eo'
6f7572,525,'our'
2066696c6c6564,526,' filled'
776179,527,'way'
206576657279,528,' every'
20746f676574686572,529,' together'
206772,530,' gr'
206261636b,531,' back'
2066696e64,532,' find'
696365,533,'ice'
204c656f,534,' Leo'
2054,535,' T'
206c6f6f6b6564,536,' looked'
204d6961,537,' Mia'
207265616c,538,' real'
6c6564,539,'led'
2066726f6d,540,' from'
68656e,541,'hen'
20746f6f,542,' too'
616465,543,'ade'
696f6e,544,'ion'
73696465,545,'side'
206f7574,546,' out'
20736565,547,' see'
636b,548,'ck'
206579,549,' ey'
4173,550,'As'
6173757265,551,'asure'
206a757374,552,' just'
697374,553,'ist'
207472656173757265,554,' treasure'
4f6e65,555,'One'
206f6c64,556,' old'
756c6c,557,'ull'
7564,558,'ud'
20736b,559,' sk'
697a,560,'iz'
20736d616c6c,561,' small'
74686572,562,'ther'
2065796573,563,' eyes'
20776973,564,' wis'
2064616e,565,' dan'
706c,566,'pl'
206167,567,' ag'
20736177,568,' saw'
6176,569,'av'
20736d696c6564,570,' smiled'
206f74686572,571,' other'
2074686973,572,' this'
616d6564,573,'amed'
20616c6c,574,' all'
206f6e65,575,' one'
726f756768,576,'rough'
206665656c696e67,577,' feeling'
20626567,578,' beg'
61676963,579,'agic'
2061736b6564,580,' asked'
206272,581,' br'
206d616465,582,' made'
2068617070,583,' happ'
2073756e,584,' sun'
6c6578,585,'lex'
70706564,586,'pped'
20666c6f77,587,' flow'
6f7365,588,'ose'
206d61676963,589,' magic'
206c656172,590,' lear'
6f7573,591,'ous'
20747572,592,' tur'
206d65,593,' me'
207468726f756768,594,' through'
20496e,595,' In'
206164,596,' ad'
2072656d,597,' rem'
2061726f756e64,598,' around'
20776f726c64,599,' world'
206e616d6564,600,' named'
206372656174,601,' creat'
2077616e746564,602,' wanted'
6f6d6574,603,'omet'
20416c6578,604,' Alex'
206c6f7374,605,' lost'
20706c6179,606,' play'
204b,607,' K'
696d65,608,'ime'
7175,609,'qu'
696c79,610,'ily'
616e6765,611,'ange'
20666c,612,' fl'
6665,613,'fe'
206e6f,614,' no'
746572,615,'ter'
204a,616,' J'
776e,617,'wn'
6970,618,'ip'
20626567616e,619,' began'
656e6564,620,'ened'
2073746f72696573,621,' stories'
206e69676874,622,' night'
20626967,623,' big'
20676f,624,' go'
20736b79,625,' sky'
207265616c697a,626,' realiz'
2057697468,627,' With'
206d616e,628,' man'
207374617273,629,' stars'
20646563,630,' dec'
204b696d,631,' Kim'
206b6e6f77,632,' know'
206279,633,' by'
63686564,634,'ched'
20686f70,635,' hop'
756d,636,'um'
746564,637,'ted'
207377,638,' sw'
206461726b,639,' dark'
656570,640,'eep'
2074696d65,641,' time'
616765,642,'age'
696c65,643,'ile'
616d75656c,644,'amuel'
6473,645,'ds'
20756e646572,646,' under'
6570,647,'ep'
6f776e,648,'own'
76656e74,649,'vent'
20736f6d6574,650,' somet'
6c6f72,651,'lor'
76656e,652,'ven'
68657265,653,'here'
6768746572,654,'ghter'
756464656e,655,'udden'
20657863,656,' exc'
206372,657,' cr'
20776172,658,' war'
20647265616d73,659,' dreams'
616e64,660,'and'
596f75,661,'You'
6f6f6b,662,'ook'
57686174,663,'What'
2065616368,664,' each'
206c6561726e6564,665,' learned'
697479,666,'ity'
2053616d75656c,667,' Samuel'
207461,668,' ta'
756464656e6c79,669,'uddenly'
2064616e63,670,' danc'
20636f6c6f72,671,' color'
20697473,672,' its'
2077686f,673,' who'
206966,674,' if'
746c65,675,'tle'
76656e74757265,676,'venture'
2077696c6c,677,' will'
6f6e64,678,'ond'
66756c,679,'ful'
20736861726564,680,' shared'
656c6c,681,'ell'
2064656570,682,' deep'
6174686572,683,'ather'
7468,684,'th'
20616476656e74757265,685,' adventure'
20616972,686,' air'
206c6f7665,687,' love'
204173,688,' As'
206c61756768746572,689,' laughter'
206e6577,690,' new'
72656e,691,'ren'
69646564,692,'ided'
20636865,693,' che'
696c64,694,'ild'
207265616c697a6564,695,' realized'
206d6f6d,696,' mom'
616c6b6564,697,'alked'
67686564,698,'ghed'
206c617567686564,699,' laughed'
206769,700,' gi'
20616761696e,701,' again'
206d6f7265,702,' more'
736564,703,'sed'
697370,704,'isp'
206d79,705,' my'
656d62,706,'emb'
6e657373,707,'ness'
20736861,708,' sha'
206d6f6d656e74,709,' moment'
2064656369646564,710,' decided'
20666f,711,' fo'
69636b,712,'ick'
207761726d,713,' warm'
207768697370,714,' whisp'
61646f77,715,'adow'
656c66,716,'elf'
20737061726b,717,' spark'
6e6577,718,'new'
20736f6d657468696e67,719,' something'
206d6f,720,' mo'
207175,721,' qu'
20636f6e,722,' con'
204f6e65,723,' One'
696e6773,724,'ings'
726574,725,'ret'
207363,726,' sc'
20686964,727,' hid'
7565,728,'ue'
20617265,729,' are'
207065,730,' pe'
207365,731,' se'
617574,732,'aut'
206f70,733,' op'
206b6e6577,734,' knew'
20736f6674,735,' soft'
207368696e,736,' shin'
20616d,737,' am'
20746f6f6b,738,' took'
726f,739,'ro'
20626c,740,' bl'
69746564,741,'ited'
2066756e,742,' fun'
2064616e636564,743,' danced'
206576656e,744,' even'
2074726565,745,' tree'
20666f7265,746,' fore'
6f706c65,747,'ople'
20756e,748,' un'
20646f776e,749,' down'
20686f6d65,750,' home'
207761,751,' wa'
206265617574,752,' beaut'
20636c6f73,753,' clos'
7365,754,'se'
2052,755,' R'
206b65,756,' ke'
2072656d656d62,757,' rememb'
496e,758,'In'
617264656e,759,'arden'
726577,760,'rew'
2077686174,761,' what'
2077616c6b6564,762,' walked'
2067617264656e,763,' garden'
2061776179,764,' away'
6163686564,765,'ached'
20736861646f77,766,' shadow'
206578706c,767,' expl'
6f6b65,768,'oke'
686973,769,'his'
2072656164,770,' read'
20676c6f77,771,' glow'
206f766572,772,' over'
206c6974,773,' lit'
2045616368,774,' Each'
20627261,775,' bra'
20736164,776,' sad'
6765,777,'ge'
20686f7065,778,' hope'
6965,779,'ie'
2062656c,780,' bel'
20666c6f77657273,781,' flowers'
73656c66,782,'self'
2076696c6c,783,' vill'
2073686f77,784,' show'
207768657265,785,' where'
207475726e6564,786,' turned'
6f696e,787,'oin'
57697468,788,'With'
20737572,789,' sur'
72696564,790,'ried'
20686f77,791,' how'
7074,792,'pt'
6f74686572,793,'other'
2068616e64,794,' hand'
207468616e,795,' than'
2077696e64,796,' wind'
20737472616e6765,797,' strange'
20776179,798,' way'
61636564,799,'aced'
2066656172,800,' fear'
617468,801,'ath'
206c6574,802,' let'
6e696e67,803,'ning'
697461,804,'ita'
696e6b,805,'ink'
20646964,806,' did'
206275,807,' bu'
74696e67,808,'ting'
20766f,809,' vo'
2073746f6f64,810,' stood'
2073686f7574,811,' shout'
20736174,812,' sat'
2068696464656e,813,' hidden'
20736563,814,' sec'
20546f,815,' To'
20617070,816,' app'
207477,817,' tw'
20696e73696465,818,' inside'
2068617665,819,' have'
20626f,820,' bo'
20706c616e,821,' plan'
66746572,822,'fter'
2052697461,823,' Rita'
616c6c79,824,'ally'
206d6170,825,' map'
20736563726574,826,' secret'
6172696e67,827,'aring'
20626563,828,' bec'
2066756c6c,829,' full'
747572,830,'tur'
207468656e,831,' then'
2073686f75746564,832,' shouted'
207061696e,833,' pain'
706564,834,'ped'
20616c69,835,' ali'
20706c616365,836,' place'
207761746572,837,' water'
206861707079,838,' happy'
686970,839,'hip'
20656e,840,' en'
207374726f6e67,841,' strong'
207468657265,842,' there'
206c6f766564,843,' loved'
757269,844,'uri'
207265747572,845,' retur'
6d6564,846,'med'
6262,847,'bb'
207772,848,' wr'
77617973,849,'ways'
206b6e6f77696e67,850,' knowing'
2063616d65,851,' came'
2070656f706c65,852,' people'
617465,853,'ate'
206272617665,854,' brave'
20746f6c64,855,' told'
20636f6c6f7273,856,' colors'
206e656564,857,' need'
2073746f7279,858,' story'
204c696c79,859,' Lily'
20616c77617973,860,' always'
206c6974746c65,861,' little'
2050,862,' P'
206c616e64,863,' land'
20766f696365,864,' voice'
20666f72657374,865,' forest'
6272,866,'br'
20736574,867,' set'
697368,868,'ish'
20737465,869,' ste'
206f7468657273,870,' others'
206d616b65,871,' make'
206669,872,' fi'
207768656e,873,' when'
207472656573,874,' trees'
20696d,875,' im'
7567,876,'ug'
636f,877,'co'
206b696e64,878,' kind'
206f776e,879,' own'
207368617265,880,' share'
206c696665,881,' life'
207269,882,' ri'
2065766572796f6e65,883,' everyone'
726565,884,'ree'
697365,885,'ise'
206e6f77,886,' now'
20676174686572,887,' gather'
2063697479,888,' city'
2072656163686564,889,' reached'
206372656174757265,890,' creature'
20776869737065726564,891,' whispered'
206c6f6e67,892,' long'
6f7564,893,'oud'
2068617264,894,' hard'
69736564,895,'ised'
2077617463686564,896,' watched'
20646f6f72,897,' door'
2062656175746966,898,' beautif'
20616c6f6e65,899,' alone'
656c79,900,'ely'
2046,901,' F'
646564,902,'ded'
61766573,903,'aves'
65746572,904,'eter'
20626972,905,' bir'
626c65,906,'ble'
2043,907,' C'
6374,908,'ct'
617373,909,'ass'
206f70656e6564,910,' opened'
2062656175746966756c,911,' beautiful'
20686f,912,' ho'
2068656c64,913,' held'
20646973,914,' dis'
20736861646f7773,915,' shadows'
206c697374,916,' list'
6c696365,917,'lice'
20796f7572,918,' your'
6c696e67,919,'ling'
6c6c6f77,920,'llow'
5765,921,'We'
20756e6465727374,922,' underst'
20626f74,923,' bot'
6c6577,924,'lew'
206c61756768,925,' laugh'
616b,926,'ak'
207465,927,' te'
206368696c64,928,' child'
697465,929,'ite'
7279,930,'ry'
6d616e,931,'man'
206d757374,932,' must'
2076696c6c616765,933,' village'
2063617665,934,' cave'
61726961,935,'aria'
696564,936,'ied'
61746564,937,'ated'
656e6365,938,'ence'
65616e,939,'ean'
656d6f72,940,'emor'
686573,941,'hes'
2074616c6c,942,' tall'
20726f636b,943,' rock'
6f7373,944,'oss'
2072656d656d6265726564,945,' remembered'
2073746f6e65,946,' stone'
20706f77,947,' pow'
20636f6d,948,' com'
2063616c6c,949,' call'
206272656174,950,' breat'
206472,951,' dr'
20667269656e6473686970,952,' friendship'
20546f676574686572,953,' Together'
6368696e67,954,'ching'
206865617264,955,' heard'
20706963,956,' pic'
2053756464656e6c79,957,' Suddenly'
20416c696365,958,' Alice'
7665726564,959,'vered'
2072616e,960,' ran'
2070726f6d,961,' prom'
2074616c,962,' tal'
204d61726961,963,' Maria'
207265616479,964,' ready'
696574,965,'iet'
2074727565,966,' true'
69636564,967,'iced'
20626574,968,' bet'
726573,969,'res'
7072,970,'pr'
20616e79,971,' any'
20736d696c65,972,' smile'
206772656174,973,' great'
656d656e74,974,'ement'
206d656d6f72,975,' memor'
207265706c,976,' repl'
204a6f7365,977,' Jose'
206e6f64,978,' nod'
7572696f7573,979,'urious'
20706f776572,980,' power'
206661,981,' fa'
2073686172696e67,982,' sharing'
2070617468,983,' path'
656e61,984,'ena'
206c656164,985,' lead'
20726f6f6d,986,' room'
2073656172,987,' sear'
206f6666,988,' off'
2067726577,989,' grew'
206a6f696e,990,' join'
206769616e74,991,' giant'
20626f6f6b,992,' book'
696e616c6c79,993,'inally'
2070617274,994,' part'
5768656e,995,'When'
20627265617468,996,' breath'
69616c,997,'ial'
77617264,998,'ward'
20736f6d65,999,' some'
204a65616e,1000,' Jean'
2073746f726d,1001,' storm'
6174696f6e,1002,'ation'
20706c61796564,1003,' played'
20736e6f77,1004,' snow'
20676f6c64,1005,' gold'
206e6f64646564,1006,' nodded'
206f72,1007,' or'
54686973,1008,'This'
2073746570706564,1009,' stepped'
20677261,1010,' gra'
2063686565726564,1011,' cheered'
20636f6d65,1012,' come'
6e67,1013,'ng'
20626563616d65,1014,' became'
20666c79,1015,' fly'
20626f7468,1016,' both'
2066616d,1017,' fam'
6f6f6e,1018,'oon'
206e65766572,1019,' never'
204c656e61,1020,' Lena'
20656d,1021,' em'
206578636974,1022,' excit'
207375727072,1023,' surpr'
726f7564,1024,'roud'
6f7665,1025,'ove'
20666f6c6c6f77,1026,' follow'
2073706f6b65,1027,' spoke'
6f756e,1028,'oun'
696768,1029,'igh'
2073706563,1030,' spec'
20656e64,1031,' end'
4c6574,1032,'Let'
5768,1033,'Wh'
2070726f7564,1034,' proud'
206775,1035,' gu'
207370656369616c,1036,' special'
207072,1037,' pr'
207374617274,1038,' start'
20796f756e67,1039,' young'
53756464656e6c79,1040,'Suddenly'
20747261,1041,' tra'
696d62,1042,'imb'
207768696c65,1043,' while'
2062657374,1044,' best'
206e6f7469636564,1045,' noticed'
206f6e6c79,1046,' only'
6c6573,1047,'les'
616e6b,1048,'ank'
206761746865726564,1049,' gathered'
207265706c696564,1050,' replied'
74656e,1051,'ten'
2070756c6c,1052,' pull'
6d6d616e,1053,'mman'
6d6d616e75656c,1054,'mmanuel'
76696e67,1055,'ving'
206578636974656d656e74,1056,' excitement'
20746f776e,1057,' town'
207261696e,1058,' rain'
6f6d616e,1059,'oman'
2062656c6965,1060,' belie'
20776f726473,1061,' words'
20736f756e64,1062,' sound'
20776f6d616e,1063,' woman'
20776f6e64,1064,' wond'
6f756473,1065,'ouds'
20636c696d62,1066,' climb'
2067726f77,1067,' grow'
207761726d7468,1068,' warmth'
2066616365,1069,' face'
206578706c6f7265,1070,' explore'
696e657373,1071,'iness'
68696e64,1072,'hind'
20776f,1073,' wo'
617a,1074,'az'
20636f7572,1075,' cour'
2066697368,1076,' fish'
20666c6577,1077,' flew'
6572696e67,1078,'ering'
7874,1079,'xt'
2070617374,1080,' past'
2067726f756e64,1081,' ground'
7468696e67,1082,'thing'
2072657475726e6564,1083,' returned'
20636c6f736572,1084,' closer'
2077697368,1085,' wish'
207573,1086,' us'
63686f,1087,'cho'
20456d6d616e75656c,1088,' Emmanuel'
696d6d,1089,'imm'
61636573,1090,'aces'
6e79,1091,'ny'
2068656176,1092,' heav'
20646973636f,1093,' disco'
656374,1094,'ect'
696e79,1095,'iny'
2073746570,1096,' step'
20626568696e64,1097,' behind'
616e6365,1098,'ance'
20486973,1099,' His'
20636c6f756473,1100,' clouds'
20676c,1101,' gl'
206d616e79,1102,' many'
20737061726b6c6564,1103,' sparkled'
20736f66746c79,1104,' softly'
696d6573,1105,'imes'
6561726564,1106,'eared'
206272696e67,1107,' bring'
20636172,1108,' car'
20636c65,1109,' cle'
2073686970,1110,' ship'
207365656d6564,1111,' seemed'
2062697264,1112,' bird'
2074656c6c,1113,' tell'
207269766572,1114,' river'
756767,1115,'ugg'
666f7265,1116,'fore'
20666972,1117,' fir'
20686561727473,1118,' hearts'
207374696c6c,1119,' still'
206563686f,1120,' echo'
20486572,1121,' Her'
6f6f6c,1122,'ool'
626f74,1123,'bot'
757368,1124,'ush'
61676f6e,1125,'agon'
2065786369746564,1126,' excited'
205768656e,1127,' When'
206d6574,1128,' met'
696e6564,1129,'ined'
2063617265,1130,' care'
2074616b65,1131,' take'
72656564,1132,'reed'
206368616e6765,1133,' change'
2074696e79,1134,' tiny'
20726f626f74,1135,' robot'
20647261676f6e,1136,' dragon'
206a6f7572,1137,' jour'
20666c6f776572,1138,' flower'
6974696e67,1139,'iting'
6170,1140,'ap'
6265,1141,'be'
7573686564,1142,'ushed'
2066616d696c79,1143,' family'
54686579,1144,'They'
736f,1145,'so'
616c73,1146,'als'
20416e,1147,' An'
206c697374656e6564,1148,' listened'
20666c6f,1149,' flo'
2066656c6c,1150,' fell'
2063616c6c6564,1151,' called'
656164,1152,'ead'
20696d6167,1153,' imag'
206865617679,1154,' heavy'
20636174,1155,' cat'
204576657279,1156,' Every'
6e6579,1157,'ney'
206a756d,1158,' jum'
207261636564,1159,' raced'
206265696e67,1160,' being'
20776f726b6564,1161,' worked'
206a6f75726e6579,1162,' journey'
207175696574,1163,' quiet'
206d696e64,1164,' mind'
20646966,1165,' dif'
2061626f7665,1166,' above'
666572656e,1167,'feren'
20776f726b,1168,' work'
206e657874,1169,' next'
20646966666572656e,1170,' differen'
206f6e6365,1171,' once'
206669727374,1172,' first'
207261,1173,' ra'
696e65,1174,'ine'
69726974,1175,'irit'
20616c736f,1176,' also'
2070726f6d69736564,1177,' promised'
206c6f6f6b696e67,1178,' looking'
2077697365,1179,' wise'
7370,1180,'sp'
20636f7572616765,1181,' courage'
206d656d6f72696573,1182,' memories'
20626f78,1183,' box'
6f7274,1184,'ort'
617665,1185,'ave'
206170706561726564,1186,' appeared'
2067656e74,1187,' gent'
20616c697665,1188,' alive'
20737069726974,1189,' spirit'
2072656d696e64,1190,' remind'
766573,1191,'ves'
206d61676963616c,1192,' magical'
6f6d6564,1193,'omed'
206e656172,1194,' near'
20696e76,1195,' inv'
2073656372657473,1196,' secrets'
206265666f7265,1197,' before'
726f75676874,1198,'rought'
20776f6e646572,1199,' wonder'
7374656164,1200,'stead'
2068696d73656c66,1201,' himself'
207468696e6773,1202,' things'
206163,1203,' ac'
206b696e67,1204,' king'
2062726f75676874,1205,' brought'
206c6f7564,1206,' loud'
20696465,1207,' ide'
6173736564,1208,'assed'
206b656570,1209,' keep'
4865,1210,'He'
20676f6f64,1211,' good'
6b73,1212,'ks'
696e6b696e67,1213,'inking'
20736f6f6e,1214,' soon'
2068657273656c66,1215,' herself'
7461696e,1216,'tain'
20676c6f77696e67,1217,' glowing'
20747279,1218,' try'
6976,1219,'iv'
2064616e6365,1220,' dance'
2068657265,1221,' here'
4f6e,1222,'On'
206d6973,1223,' mis'
20736561,1224,' sea'
206c61756768696e67,1225,' laughing'
20706173736564,1226,' passed'
207368696e79,1227,' shiny'
2073706f74,1228,' spot'
6c6f776c79,1229,'lowly'
6c616e64,1230,'land'
2063617374,1231,' cast'
61796265,1232,'aybe'
20416e6e65,1233,' Anne'
2073686f776564,1234,' showed'
2068617070696e657373,1235,' happiness'
4166746572,1236,'After'
2073696c,1237,' sil'
6f757365,1238,'ouse'
206672,1239,' fr'
20776f6e6465726564,1240,' wondered'
2068616e6473,1241,' hands'
2073746172746564,1242,' started'
2068696768,1243,' high'
206c656674,1244,' left'
205065746572,1245,' Peter'
20626c6f,1246,' blo'
206b696e646e657373,1247,' kindness'
2066726565,1248,' free'
20686f6c64,1249,' hold'
656574,1250,'eet'
206b6579,1251,' key'
20496e73696465,1252,' Inside'
2066616972,1253,' fair'
207368696e696e67,1254,' shining'
69726564,1255,'ired'
20616c69656e,1256,' alien'
2054686973,1257,' This'
2077616c6c,1258,' wall'
20736361726564,1259,' scared'
2067616d65,1260,' game'
20756e64657273746f6f64,1261,' understood'
2064696e,1262,' din'
20616476656e7475726573,1263,' adventures'
20636f6c6f7266756c,1264,' colorful'
757468,1265,'uth'
20747269,1266,' tri'
206f7572,1267,' our'
2077696465,1268,' wide'
2044,1269,' D'
617572,1270,'aur'
206f757473696465,1271,' outside'
6f73617572,1272,'osaur'
6279,1273,'by'
206c6574746572,1274,' letter'
76656c,1275,'vel'
75736564,1276,'used'
206f70656e,1277,' open'
207468696e6b696e67,1278,' thinking'
206c617374,1279,' last'
726f7570,1280,'roup'
646f6d,1281,'dom'
20646966666572656e74,1282,' different'
2067726f7570,1283,' group'
207069636b6564,1284,' picked'
6f756e7461696e,1285,'ountain'
20636c696d626564,1286,' climbed'
206b6e,1287,' kn'
207377656574,1288,' sweet'
207472757374,1289,' trust'
75636b,1290,'uck'
206d6f6f6e,1291,' moon'
20666172,1292,' far'
207465616d,1293,' team'
6f7465,1294,'ote'
20776f6f64,1295,' wood'
206d616b696e67,1296,' making'
207472757468,1297,' truth'
20666164,1298,' fad'
2069736c616e64,1299,' island'
656272,1300,'ebr'
206c69766564,1301,' lived'
207061726b,1302,' park'
2077726f7465,1303,' wrote'
6163696e67,1304,'acing'
6374696f6e,1305,'ction'
2077696e,1306,' win'
20666967,1307,' fig'
207468696e6b,1308,' think'
6c61,1309,'la'
20636f6e6e65,1310,' conne'
65617273,1311,'ears'
20776569676874,1312,' weight'
20666967757265,1313,' figure'
6f7374,1314,'ost'
20666f6c6c6f776564,1315,' followed'
576879,1316,'Why'
20706c616e74,1317,' plant'
2064696e6f73617572,1318,' dinosaur'
2057686174,1319,' What'
776c,1320,'wl'
2062616c6c,1321,' ball'
20746f75,1322,' tou'
656c656272,1323,'elebr'
2068696c6c,1324,' hill'
20646973636f7665726564,1325,' discovered'
20736f6e67,1326,' song'
2063656c656272,1327,' celebr'
72656e67,1328,'reng'
20616d617a,1329,' amaz'
206772616e64,1330,' grand'
20636f6e74,1331,' cont'
5468,1332,'Th'
2077656e74,1333,' went'
72656e677468,1334,'rength'
617368,1335,'ash'
206865726f,1336,' hero'
2074616c6573,1337,' tales'
696473,1338,'ids'
20737472656e677468,1339,' strength'
696d6564,1340,'imed'
72656164,1341,'read'
206f776c,1342,' owl'
206a756d706564,1343,' jumped'
4974,1344,'It'
20637572696f7573,1345,' curious'
6c69676874,1346,'light'
62626974,1347,'bbit'
20617274,1348,' art'
20636f6c64,1349,' cold'
206c6561766573,1350,' leaves'
207761766573,1351,' waves'
20626574746572,1352,' better'
206d7573,1353,' mus'
20706972,1354,' pir'
206c6564,1355,' led'
6f636b,1356,'ock'
646179,1357,'day'
206265656e,1358,' been'
20647261,1359,' dra'
2072756e,1360,' run'
206275696c64,1361,' build'
20637265617475726573,1362,' creatures'
2064617973,1363,' days'
756d62,1364,'umb'
20626561757479,1365,' beauty'
756c6c79,1366,'ully'
20726162626974,1367,' rabbit'
2042,1368,' B'
20717569636b,1369,' quick'
6f726e,1370,'orn'
696767,1371,'igg'
206272696768746572,1372,' brighter'
75676874,1373,'ught'
2066617374,1374,' fast'
206368696c6472656e,1375,' children'
6b656e,1376,'ken'
6f6c,1377,'ol'
207375,1378,' su'
2073616e67,1379,' sang'
65656e,1380,'een'
2077616974696e67,1381,' waiting'
2065766572797468696e67,1382,' everything'
7a65,1383,'ze'
206d75736963,1384,' music'
657473,1385,'ets'
20747572746c65,1386,' turtle'
204e,1387,' N'
20776973686564,1388,' wished'
207368696d6d,1389,' shimm'
206b696473,1390,' kids'
206368616e67,1391,' chang'
207069,1392,' pi'
20666f6f64,1393,' food'
20616e696d,1394,' anim'
696c74,1395,'ilt'
617973,1396,'ays'
206d6f756e7461696e,1397,' mountain'
20637265617465,1398,' create'
206d6f766564,1399,' moved'
20636c6f736564,1400,' closed'
20637279,1401,' cry'
6973686564,1402,'ished'
206f6674656e,1403,' often'
2065766572,1404,' ever'
6176696e67,1405,'aving'
6d62,1406,'mb'
66756c6c79,1407,'fully'
2066696e,1408,' fin'
20746f79,1409,' toy'
2062656e,1410,' ben'
207477696e6b,1411,' twink'
2064757374,1412,' dust'
206e6565646564,1413,' needed'
206368657374,1414,' chest'
206563686f6564,1415,' echoed'
206166746572,1416,' after'
207375727072697365,1417,' surprise'
2074726176656c,1418,' travel'
207361646e657373,1419,' sadness'
2068656c706564,1420,' helped'
20617070726f,1421,' appro'
20766973,1422,' vis'
2073686f6e65,1423,' shone'
20646565706572,1424,' deeper'
2064697374,1425,' dist'
6c61696d6564,1426,'laimed'
20666c79696e67,1427,' flying'
2074686f7365,1428,' those'
20756e6465727374616e64,1429,' understand'
726f756e64,1430,'round'
20666f78,1431,' fox'
2073686f756c64,1432,' should'
20636f6e66,1433,' conf'
20676173,1434,' gas'
20616e696d616c73,1435,' animals'
20656d7074,1436,' empt'
20647265616d6564,1437,' dreamed'
206578636c61696d6564,1438,' exclaimed'
696c6c79,1439,'illy'
2077616e64,1440,' wand'
546f,1441,'To'
206c6179,1442,' lay'
20626f6e64,1443,' bond'
20706c6179696e67,1444,' playing'
697272,1445,'irr'
206578706c6f72,1446,' explor'
20616772656564,1447,' agreed'
2070726573,1448,' pres'
207370616365,1449,' space'
20666f7267,1450,' forg'
6f756768,1451,'ough'
2073696e67,1452,' sing'
2072657475726e,1453,' return'
20737175,1454,' squ'
2072656d656d626572,1455,' remember'
20636173746c65,1456,' castle'
7269766564,1457,'rived'
20746f77617264,1458,' toward'
74657273,1459,'ters'
726f7373,1460,'ross'
206661646564,1461,' faded'
46696e616c6c79,1462,'Finally'
6365616e,1463,'cean'
207361696c,1464,' sail'
696464,1465,'idd'
2066756e6e79,1466,' funny'
756e67,1467,'ung'
207377616d,1468,' swam'
6978,1469,'ix'
4174,1470,'At'
206c6967687473,1471,' lights'
20736967,1472,' sig'
20656e74,1473,' ent'
20706f696e,1474,' poin'
206c616e646564,1475,' landed'
206c6f6e,1476,' lon'
20676c6f776564,1477,' glowed'
6f6e6573,1478,'ones'
65617468,1479,'eath'
20776f6f6473,1480,' woods'
73746572,1481,'ster'
207374726f6e676572,1482,' stronger'
2070726f,1483,' pro'
20666f7265766572,1484,' forever'
61696e6564,1485,'ained'
20637265,1486,' cre'
20747265617375726573,1487,' treasures'
726f77,1488,'row'
2063686f,1489,' cho'
206461726b6e657373,1490,' darkness'
20676173706564,1491,' gasped'
20616e6f74686572,1492,' another'
20617070726f6163686564,1493,' approached'
207761746368696e67,1494,' watching'
2066616c6c,1495,' fall'
207469676874,1496,' tight'
616d6573,1497,'ames'
6f6e73,1498,'ons'
20696d70,1499,' imp'
206f6365616e,1500,' ocean'
2073746179,1501,' stay'
20666c6f61746564,1502,' floated'
2068656164,1503,' head'
6666,1504,'ff'
2070696563,1505,' piec'
616e73,1506,'ans'
617279,1507,'ary'
20626f6174,1508,' boat'
206368616e676564,1509,' changed'
207365617263686564,1510,' searched'
2073616e64,1511,' sand'
206c6f6f6b,1512,' look'
596573,1513,'Yes'
2077616c6c73,1514,' walls'
696e73,1515,'ins'
206d6f74686572,1516,' mother'
61746572,1517,'ater'
756973,1518,'uis'
20636c6f7365,1519,' close'
206661697279,1520,' fairy'
20666c69636b,1521,' flick'
2073706f74746564,1522,' spotted'
20666174686572,1523,' father'
20736974,1524,' sit'
20726163696e67,1525,' racing'
207475726e,1526,' turn'
20736f6d656f6e65,1527,' someone'
20626c7565,1528,' blue'
2069646561,1529,' idea'
6173686564,1530,'ashed'
756d626c6564,1531,'umbled'
2073696c6c79,1532,' silly'
2073656e,1533,' sen'
207365656e,1534,' seen'
2073746f,1535,' sto'
61676572,1536,'ager'
207472696564,1537,' tried'
69626c65,1538,'ible'
636b6564,1539,'cked'
756564,1540,'ued'
206d6978,1541,' mix'
4c6f6f6b,1542,'Look'
20646573,1543,' des'
617265,1544,'are'
2073746f6e6573,1545,' stones'
20666f7277617264,1546,' forward'
657465726d,1547,'eterm'
20686f70696e67,1548,' hoping'
20656d707479,1549,' empty'
20737061726b6c696e67,1550,' sparkling'
204a757374,1551,' Just'
656f706c65,1552,'eople'
206272696768746c79,1553,' brightly'
20736179,1554,' say'
20666f72676f74,1555,' forgot'
20747279696e67,1556,' trying'
6579,1557,'ey'
7377,1558,'sw'
206c657373,1559,' less'
2063726f77,1560,' crow'
2076696c6c6167,1561,' villag'
54686174,1562,'That'
206275696c74,1563,' built'
20736f6d6574696d6573,1564,' sometimes'
43616e,1565,'Can'
676564,1566,'ged'
20616e7377,1567,' answ'
204c756973,1568,' Luis'
20616d6f6e67,1569,' among'
2073747265,1570,' stre'
207061696e746564,1571,' painted'
2068656172,1572,' hear'
7768657265,1573,'where'
2076696c6c6167657273,1574,' villagers'
66746564,1575,'fted'
207368656c6c,1576,' shell'
20736c6f776c79,1577,' slowly'
206d697373,1578,' miss'
2073696465,1579,' side'
20686f6e,1580,' hon'
656c6c6564,1581,'elled'
5468616e6b,1582,'Thank'
20696d6167696e6564,1583,' imagined'
2077616e6465726564,1584,' wandered'
617365,1585,'ase'
2066697265,1586,' fire'
206372797374,1587,' cryst'
206a6f696e6564,1588,' joined'
2067696767,1589,' gigg'
206d6174,1590,' mat'
6369,1591,'ci'
206661636564,1592,' faced'
207269676874,1593,' right'
207761766564,1594,' waved'
2061727269766564,1595,' arrived'
2077697468696e,1596,' within'
6972726f72,1597,'irror'
6174696e67,1598,'ating'
2070756c6c6564,1599,' pulled'
206163726f7373,1600,' across'
206b696e67646f6d,1601,' kingdom'
20717569636b6c79,1602,' quickly'
6976616c,1603,'ival'
206d6f72,1604,' mor'
20686f757365,1605,' house'
6b6573,1606,'kes'
206c6f6e656c79,1607,' lonely'
666f72,1608,'for'
4d61796265,1609,'Maybe'
20796574,1610,' yet'
6f73697479,1611,'osity'
206d6972726f72,1612,' mirror'
20706572,1613,' per'
2072657665,1614,' reve'
20646f67,1615,' dog'
676572,1616,'ger'
2067656e746c65,1617,' gentle'
20736c,1618,' sl'
2068656c70696e67,1619,' helping'
617070,1620,'app'
616374,1621,'act'
2072657665616c,1622,' reveal'
20736561726368696e67,1623,' searching'
2077696e646f77,1624,' window'
6d73,1625,'ms'
207061,1626,' pa'
207768697370657273,1627,' whispers'
2063616e64,1628,' cand'
20736368,1629,' sch'
20737769726c,1630,' swirl'
206772617373,1631,' grass'
20687572,1632,' hur'
74657266,1633,'terf'
20616761696e7374,1634,' against'
206c656176696e67,1635,' leaving'
2047,1636,' G'
2067696674,1637,' gift'
2045766572796f6e65,1638,' Everyone'
206372696564,1639,' cried'
207265616368,1640,' reach'
6964646c65,1641,'iddle'
20747269636b,1642,' trick'
2073616665,1643,' safe'
2072616365,1644,' race'
206d6f726e696e67,1645,' morning'
2063726577,1646,' crew'
205765,1647,' We'
206d69676874,1648,' might'
206c65617665,1649,' leave'
207363686f6f6c,1650,' school'
2073746f70706564,1651,' stopped'
20636f7665726564,1652,' covered'
2062757474657266,1653,' butterf'
2062726565,1654,' bree'
6573746976616c,1655,'estival'
206c6561646572,1656,' leader'
20627573,1657,' bus'
2067616d6573,1658,' games'
206669656c,1659,' fiel'
6970706564,1660,'ipped'
616e63,1661,'anc'
206665617273,1662,' fears'
206576656e696e67,1663,' evening'
2073686170,1664,' shap'
20676574,1665,' get'
2062656c6f6e67,1666,' belong'
696f6e73,1667,'ions'
2073686f6f6b,1668,' shook'
6c6c6564,1669,'lled'
2064726177,1670,' draw'
686f7374,1671,'host'
756368,1672,'uch'
205468656972,1673,' Their'
2077617665,1674,' wave'
20707573686564,1675,' pushed'
20746869636b,1676,' thick'
2063726f7764,1677,' crowd'
2063726561746564,1678,' created'
20636c6f7564,1679,' cloud'
206c657474657273,1680,' letters'
4d6961,1681,'Mia'
6a6f79,1682,'joy'
2075706f6e,1683,' upon'
2067686f7374,1684,' ghost'
20736e,1685,' sn'
206564,1686,' ed'
2074776f,1687,' two'
206b6e69676874,1688,' knight'
2077696e6773,1689,' wings'
20727573686564,1690,' rushed'
206d756368,1691,' much'
7265656e,1692,'reen'
20636f6e6e656374696f6e,1693,' connection'
2067697665,1694,' give'
2073656564,1695,' seed'
656e696e67,1696,'ening'
206c6561726e,1697,' learn'
20627265657a65,1698,' breeze'
2062656e65617468,1699,' beneath'
20776974686f7574,1700,' without'
20596f75,1701,' You'
207061696e74,1702,' paint'
2050656f706c65,1703,' People'
2067656e746c79,1704,' gently'
2062726f74686572,1705,' brother'
20676f74,1706,' got'
656c63,1707,'elc'
20696e7374656164,1708,' instead'
205468657265,1709,' There'
206e6561726279,1710,' nearby'
2062656c6965766564,1711,' believed'
2072757368,1712,' rush'
20736d696c696e67,1713,' smiling'
20617474,1714,' att'
2062656c69657665,1715,' believe'
2066726f,1716,' fro'
20676f6e65,1717,' gone'
206b657074,1718,' kept'
207069656365,1719,' piece'
20666573746976616c,1720,' festival'
206669676874,1721,' fight'
2075736564,1722,' used'
7572696f73697479,1723,'uriosity'
696f7573,1724,'ious'
2064616e63696e67,1725,' dancing'
616c6c656e,1726,'allen'
207368696e65,1727,' shine'
20696d706f7274,1728,' import'
61746573,1729,'ates'
20737072656164,1730,' spread'
2065646765,1731,' edge'
207477696e6b6c6564,1732,' twinkled'
207374756d626c6564,1733,' stumbled'
20496e7374656164,1734,' Instead'
696e6174696f6e,1735,'ination'
206368616c6c656e,1736,' challen'
2073656e7365,1737,' sense'
2062656c6f77,1738,' below'
207477697374,1739,' twist'
20656e6a6f79,1740,' enjoy'
69636573,1741,'ices'
20776f7272696564,1742,' worried'
20776565,1743,' wee'
20616c6f6e67,1744,' along'
206e6f7465,1745,' note'
207265616c697a696e67,1746,' realizing'
6573746572,1747,'ester'
206772616e646d,1748,' grandm'
7070696e67,1749,'pping'
20647265616d696e67,1750,' dreaming'
2073706c,1751,' spl'
2059,1752,' Y'
2073686f7265,1753,' shore'
20706972617465,1754,' pirate'
2073696c656e6365,1755,' silence'
207379,1756,' sy'
696e6573,1757,'ines'
20536f6f6e,1758,' Soon'
20737572707269736564,1759,' surprised'
2074616c6b6564,1760,' talked'
206d656574,1761,' meet'
616b6564,1762,'aked'
2073756e6e79,1763,' sunny'
206372797374616c,1764,' crystal'
206461,1765,' da'
616e676572,1766,'anger'
6962,1767,'ib'
206177,1768,' aw'
205374,1769,' St'
757365,1770,'use'
206475737479,1771,' dusty'
20736f756e6473,1772,' sounds'
206a6573746572,1773,' jester'
2074687269,1774,' thri'
2066696e616c6c79,1775,' finally'
6577,1776,'ew'
656c73,1777,'els'
46726f6d,1778,'From'
4a757374,1779,'Just'
207061696e74696e67,1780,' painting'
2077616c,1781,' wal'
20776973686573,1782,' wishes'
206578706c6f726572,1783,' explorer'
62626564,1784,'bbed'
207075,1785,' pu'
207468616e6b6564,1786,' thanked'
20636f6f6c,1787,' cool'
206661636573,1788,' faces'
4966,1789,'If'
6f6b656e,1790,'oken'
44617973,1791,'Days'
20676f6c64656e,1792,' golden'
20416e64,1793,' And'
2064657465726d,1794,' determ'
7863,1795,'xc'
7a7a,1796,'zz'
20736d696c6573,1797,' smiles'
706572,1798,'per'
207065616365,1799,' peace'
65766572,1800,'ever'
20636f6e74696e,1801,' contin'
20746f70,1802,' top'
74757265,1803,'ture'
20666c617368,1804,' flash'
20636f6d70,1805,' comp'
2074686f7567687473,1806,' thoughts'
737069726564,1807,'spired'
207370656e74,1808,' spent'
20736f72,1809,' sor'
2077726f6e67,1810,' wrong'
20616e797468696e67,1811,' anything'
20737572726f756e64,1812,' surround'
20737072,1813,' spr'
206772696e,1814,' grin'
20627572,1815,' bur'
20636f726e,1816,' corn'
206465,1817,' de'
6573696465,1818,'eside'
6563746564,1819,'ected'
207365656b,1820,' seek'
206772616e646d6f74686572,1821,' grandmother'
6779,1822,'gy'
206d6f6d656e7473,1823,' moments'
2074616c65,1824,' tale'
20576f756c64,1825,' Would'
20706c61636573,1826,' places'
7574757265,1827,'uture'
766f7573,1828,'vous'
61727468,1829,'arth'
2076657279,1830,' very'
20636c6f73656c79,1831,' closely'
20667574757265,1832,' future'
206469,1833,' di'
2063616e6479,1834,' candy'
206265616368,1835,' beach'
20626c6f6f6d,1836,' bloom'
6573746564,1837,'ested'
206964656173,1838,' ideas'
206166,1839,' af'
20437572696f7573,1840,' Curious'
20686f6e657374,1841,' honest'
2073697374,1842,' sist'
20686f6c64696e67,1843,' holding'
7465726564,1844,'tered'
6d626f6c,1845,'mbol'
626f77,1846,'bow'
2073796d626f6c,1847,' symbol'
20636175676874,1848,' caught'
206d656d6f7279,1849,' memory'
2067726162626564,1850,' grabbed'
207175657374,1851,' quest'
7473,1852,'ts'
6f726b,1853,'ork'
2073686f,1854,' sho'
206269726473,1855,' birds'
2066696e64696e67,1856,' finding'
706c65,1857,'ple'
7765656e,1858,'ween'
617273,1859,'ars'
20696d706f7274616e74,1860,' important'
6f757273,1861,'ours'
20686173,1862,' has'
20706f6e64,1863,' pond'
206d6f6e,1864,' mon'
2065766572797768657265,1865,' everywhere'
2066696c6c696e67,1866,' filling'
5468656e,1867,'Then'
2073756767,1868,' sugg'
20616d617a696e67,1869,' amazing'
20726564,1870,' red'
6369656e74,1871,'cient'
616c6d,1872,'alm'
206361726566756c6c79,1873,' carefully'
206e6572,1874,' ner'
20726964646c65,1875,' riddle'
20726f6c6c6564,1876,' rolled'
6f7562,1877,'oub'
20736869,1878,' shi'
2073697474696e67,1879,' sitting'
20736f6e6773,1880,' songs'
7567676564,1881,'ugged'
207374616e64,1882,' stand'
20726f636b73,1883,' rocks'
207072696e,1884,' prin'
2067656d,1885,' gem'
206c6f6e676572,1886,' longer'
206372656174696e67,1887,' creating'
68656164,1888,'head'
446f,1889,'Do'
2068756e67,1890,' hung'
616e746564,1891,'anted'
206561676572,1892,' eager'
20616e6369656e74,1893,' ancient'
20737567676573746564,1894,' suggested'
2077696c64,1895,' wild'
2061676f,1896,' ago'
2063617074,1897,' capt'
536865,1898,'She'
556e646572,1899,'Under'
2062726f6b656e,1900,' broken'
206469646e,1901,' didn'
616b696e67,1902,'aking'
207261696e626f77,1903,' rainbow'
776f726b,1904,'work'
206661696c,1905,' fail'
20756e74,1906,' unt'
20746f7563686564,1907,' touched'
20706c616e6574,1908,' planet'
72656c,1909,'rel'
20636c6f636b,1910,' clock'
207472616e73,1911,' trans'
206361727279,1912,' carry'
206e6572766f7573,1913,' nervous'
20656c,1914,' el'
20726566,1915,' ref'
2070696374757265,1916,' picture'
206265747765656e,1917,' between'
206d697374,1918,' mist'
20616d617a6564,1919,' amazed'
206c696768746572,1920,' lighter'
2067617665,1921,' gave'
20706f696e746564,1922,' pointed'
616c6c6579,1923,'alley'
206665656c73,1924,' feels'
2062656172,1925,' bear'
206a6577,1926,' jew'
2074696768746c79,1927,' tightly'
20636c61,1928,' cla'
204e6f77,1929,' Now'
20756e6465727374616e64696e67,1930,' understanding'
20596574,1931,' Yet'
20616374,1932,' act'
2079656172,1933,' year'
546f676574686572,1934,'Together'
20646f7562,1935,' doub'
20647269,1936,' dri'
207472616e73666f72,1937,' transfor'
2062726964,1938,' brid'
20707265,1939,' pre'
616b65,1940,'ake'
20636c65766572,1941,' clever'
20656e7465726564,1942,' entered'
2079656c6c6564,1943,' yelled'
61636b6564,1944,'acked'
204f,1945,' O'
206775617264,1946,' guard'
20736973746572,1947,' sister'
20737572726f756e646564,1948,' surrounded'
207275,1949,' ru'
206b697465,1950,' kite'
20626c6f6f6d6564,1951,' bloomed'
6964696e67,1952,'iding'
756974,1953,'uit'
20686174,1954,' hat'
20696e766973,1955,' invis'
697272656c,1956,'irrel'
206d65616e,1957,' mean'
61766f72,1958,'avor'
20636f726e6572,1959,' corner'
204166746572,1960,' After'
72616964,1961,'raid'
20636f6e74696e756564,1962,' continued'
697274,1963,'irt'
207061727479,1964,' party'
4973,1965,'Is'
20616672616964,1966,' afraid'
206e616d65,1967,' name'
786369746564,1968,'xcited'
2066656174686572,1969,' feather'
206d6f7665,1970,' move'
20696e7669746564,1971,' invited'
206578706c6f726564,1972,' explored'
20636f6d6573,1973,' comes'
20737175697272656c,1974,' squirrel'
20746f7973,1975,' toys'
20736f61726564,1976,' soared'
207772697465,1977,' write'
207368696d6d65726564,1978,' shimmered'
20666f72676f7474656e,1979,' forgotten'
206368616e6365,1980,' chance'
20626c6577,1981,' blew'
657363,1982,'esc'
20706f,1983,' po'
206c6f7373,1984,' loss'
20637261,1985,' cra'
20677265656e,1986,' green'
20686967,1987,' hig'
206e6f697365,1988,' noise'
20746872696c6c,1989,' thrill'
2076616c6c6579,1990,' valley'
2064616e676572,1991,' danger'
2064697374616e6365,1992,' distance'
20756e69,1993,' uni'
206578706c61696e6564,1994,' explained'
204966,1995,' If'
2073616d65,1996,' same'
206c69766573,1997,' lives'
2066616465,1998,' fade'
20627269646765,1999,' bridge'
726179,2000,'ray'
20636f6f6b,2001,' cook'
206b6e6f776e,2002,' known'
206168656164,2003,' ahead'
697263,2004,'irc'
2072756e6e696e67,2005,' running'
2066696e6973686564,2006,' finished'
616e79,2007,'any'
20627265,2008,' bre'
61757365,2009,'ause'
6c696573,2010,'lies'
20756e74696c,2011,' until'
20656e6572,2012,' ener'
66656374,2013,'fect'
20656e65726779,2014,' energy'
206c697374656e,2015,' listen'
496e73696465,2016,'Inside'
20676f696e67,2017,' going'
4f6e6365,2018,'Once'
205768,2019,' Wh'
20746175676874,2020,' taught'
2072656d696e646572,2021,' reminder'
2068757274,2022,' hurt'
2072657370,2023,' resp'
20667269656e646c79,2024,' friendly'
696566,2025,'ief'
206672756974,2026,' fruit'
206d657373,2027,' mess'
20626573696465,2028,' beside'
2070726f74,2029,' prot'
207465617273,2030,' tears'
5175,2031,'Qu'
20656d6272,2032,' embr'
2072657665616c696e67,2033,' revealing'
20626974,2034,' bit'
2070657273,2035,' pers'
20627574746572666c79,2036,' butterfly'
207368696d6d6572696e67,2037,' shimmering'
20777261,2038,' wra'
206d6973736564,2039,' missed'
6f7473,2040,'ots'
20646f6e,2041,' don'
207761746368,2042,' watch'
61746566756c,2043,'ateful'
2074696d6573,2044,' times'
2073686f77696e67,2045,' showing'
2073746f70,2046,' stop'
206368696c6c,2047,' chill'
20666978,2048,' fix'
2074726170706564,2049,' trapped'
20737461726564,2050,' stared'
20737065,2051,' spe'
2070617373,2052,' pass'
2073747265657473,2053,' streets'
20706c616e6e6564,2054,' planned'
2070697261746573,2055,' pirates'
20746f77,2056,' tow'
207369676e,2057,' sign'
206669656c64,2058,' field'
2063686f696365,2059,' choice'
2074616c6b,2060,' talk'
2062756262,2061,' bubb'
206661766f72,2062,' favor'
207365656473,2063,' seeds'
697265,2064,'ire'
207465616d776f726b,2065,' teamwork'
206d6f756e7461696e73,2066,' mountains'
20696e76697369626c65,2067,' invisible'
20636861,2068,' cha'
6f7273,2069,'ors'
20706170,2070,' pap'
207265666c65,2071,' refle'
756d6d,2072,'umm'
206d61726b,2073,' mark'
736974,2074,'sit'
2070657266656374,2075,' perfect'
206c616b65,2076,' lake'
2066726f67,2077,' frog'
206865736974,2078,' hesit'
20776f6b65,2079,' woke'
20746f646179,2080,' today'
6479,2081,'dy'
20636f6e6675736564,2082,' confused'
20736f6c,2083,' sol'
205468656e,2084,' Then'
6c73,2085,'ls'
627965,2086,'bye'
20666f72676574,2087,' forget'
20757365,2088,' use'
206661766f72697465,2089,' favorite'
2062616c6c6f6f6e,2090,' balloon'
206361746368,2091,' catch'
20686f757273,2092,' hours'
20776973646f6d,2093,' wisdom'
20676967676c6564,2094,' giggled'
207669736974,2095,' visit'
2046726f6d,2096,' From'
2072656d696e646564,2097,' reminded'
20736967686564,2098,' sighed'
20717565656e,2099,' queen'
2046696e616c6c79,2100,' Finally'
20707574,2101,' put'
2072757374,2102,' rust'
206c6573736f6e,2103,' lesson'
206a6577656c73,2104,' jewels'
206174746963,2105,' attic'
206b6974,2106,' kit'
61726b6564,2107,'arked'
20576173,2108,' Was'
206f6e746f,2109,' onto'
20626c616e6b,2110,' blank'
206c696674,2111,' lift'
2067617a,2112,' gaz'
20776f7265,2113,' wore'
20676f6f64627965,2114,' goodbye'
20536c6f776c79,2115,' Slowly'
207469726564,2116,' tired'
2054686174,2117,' That'
206c6f77,2118,' low'
2073756464656e6c79,2119,' suddenly'
20656e6368,2120,' ench'
20686967686572,2121,' higher'
206a6f,2122,' jo'
206d6174746572,2123,' matter'
4e6f77,2124,'Now'
206578706c6f72696e67,2125,' exploring'
206e6f7468696e67,2126,' nothing'
486f77,2127,'How'
2062726f6b65,2128,' broke'
2070726f6d697365,2129,' promise'
20656e6f756768,2130,' enough'
205368,2131,' Sh'
206c6172,2132,' lar'
20776f6e64657273,2133,' wonders'
20737061636573,2134,' spaces'
2066656574,2135,' feet'
20706c616e7473,2136,' plants'
6e6f74,2137,'not'
656e7473,2138,'ents'
20626574726179,2139,' betray'
20677261746566756c,2140,' grateful'
207765656b73,2141,' weeks'
2063686173,2142,' chas'
2061646d,2143,' adm'
207472616e73666f726d6564,2144,' transformed'
6f6c64,2145,'old'
20636c656172,2146,' clear'
206d616368,2147,' mach'
20536f,2148,' So'
2062757379,2149,' busy'
65726e,2150,'ern'
756666,2151,'uff'
2073696d,2152,' sim'
20707572,2153,' pur'
20737472756767,2154,' strugg'
20746f756368,2155,' touch'
6c657373,2156,'less'
656c70,2157,'elp'
20726563,2158,' rec'
2066696572,2159,' fier'
76656c79,2160,'vely'
20706572736f6e,2161,' person'
206d65616e74,2162,' meant'
206a756d70,2163,' jump'
20637572696f73697479,2164,' curiosity'
6b6179,2165,'kay'
20626174,2166,' bat'
20726f7365,2167,' rose'
20706c61636564,2168,' placed'
706563746564,2169,'pected'
2077656c63,2170,' welc'
416d,2171,'Am'
2073747564,2172,' stud'
2063616e6e6f74,2173,' cannot'
72696573,2174,'ries'
204174,2175,' At'
206c696272,2176,' libr'
20656e6368616e746564,2177,' enchanted'
20687567676564,2178,' hugged'
5374,2179,'St'
20616c69656e73,2180,' aliens'
207468657365,2181,' these'
207061706572,2182,' paper'
206d6f7374,2183,' most'
696b65,2184,'ike'
207461626c65,2185,' table'
2063697263,2186,' circ'
2073617665,2187,' save'
6f6e74,2188,'ont'
207072616374,2189,' pract'
206465636c,2190,' decl'
696572,2191,'ier'
2074656c6c696e67,2192,' telling'
2073696e67696e67,2193,' singing'
20726f636b6574,2194,' rocket'
20737475636b,2195,' stuck'
2062726176657279,2196,' bravery'
20546f646179,2197,' Today'
20657363,2198,' esc'
20666c69636b65726564,2199,' flickered'
2072657374,2200,' rest'
69656e6365,2201,'ience'
206465636c61726564,2202,' declared'
2062656361757365,2203,' because'
207265616c6c79,2204,' really'
2070726570,2205,' prep'
2061726d73,2206,' arms'
20616e73776572,2207,' answer'
656c696e67,2208,'eling'
7570,2209,'up'
20776f726b696e67,2210,' working'
2073756e6c69676874,2211,' sunlight'
73757265,2212,'sure'
20636f6d696e67,2213,' coming'
20737061636573686970,2214,' spaceship'
207572,2215,' ur'
61736b,2216,'ask'
2063616c6d,2217,' calm'
206775696465,2218,' guide'
2076616e,2219,' van'
206861756e,2220,' haun'
756768746572,2221,'ughter'
6962696c,2222,'ibil'
207361696c6564,2223,' sailed'
61636b73,2224,'acks'
616e63686573,2225,'anches'
676573,2226,'ges'
696368,2227,'ich'
2074617374,2228,' tast'
2072656d696e64696e67,2229,' reminding'
206d697373696f6e,2230,' mission'
206275727374,2231,' burst'
206563686f696e67,2232,' echoing'
72657373,2233,'ress'
20706f77657266756c,2234,' powerful'
6973696e67,2235,'ising'
206272616e63686573,2236,' branches'
206672656564,2237,' freed'
20646f756274,2238,' doubt'
20486f77,2239,' How'
20776f726c6473,2240,' worlds'
656c766573,2241,'elves'
2063726f776e,2242,' crown'
206d7973746572,2243,' myster'
6a656374,2244,'ject'
206c696272617279,2245,' library'
2068617070656e6564,2246,' happened'
20646973636f766572,2247,' discover'
20736d656c6c,2248,' smell'
20636f6c6c,2249,' coll'
69636b6564,2250,'icked'
20736179696e67,2251,' saying'
6f7279,2252,'ory'
2074656163,2253,' teac'
61676564,2254,'aged'
2077656c6c,2255,' well'
2063656c65627261746564,2256,' celebrated'
6f7065,2257,'ope'
20636f696e73,2258,' coins'
61646974,2259,'adit'
61726d,2260,'arm'
617065,2261,'ape'
20686573697461746564,2262,' hesitated'
2070726f74656374,2263,' protect'
6f6d6574696d6573,2264,'ometimes'
20736f75,2265,' sou'
2073757266,2266,' surf'
2070726573736564,2267,' pressed'
2070726574,2268,' pret'
616e7465726e,2269,'antern'
756d70,2270,'ump'
2068696465,2271,' hide'
20636c617373,2272,' class'
696e6e696e67,2273,'inning'
6174757265,2274,'ature'
20686964696e67,2275,' hiding'
207965617273,2276,' years'
20686974,2277,' hit'
5768657265,2278,'Where'
20676c696d6d,2279,' glimm'
20647261776e,2280,' drawn'
20747769726c,2281,' twirl'
69676862,2282,'ighb'
206c616e7465726e,2283,' lantern'
20616e796f6e65,2284,' anyone'
20736561726368,2285,' search'
2067726f77696e67,2286,' growing'
20706f7572,2287,' pour'
4f68,2288,'Oh'
4e6f,2289,'No'
616b6573,2290,'akes'
206d6f757365,2291,' mouse'
206368656572,2292,' cheer'
2063617272696564,2293,' carried'
20627265616b,2294,' break'
20666f67,2295,' fog'
20776f727279,2296,' worry'
20626167,2297,' bag'
20736879,2298,' shy'
205468,2299,' Th'
61676573,2300,'ages'
2064696e6f7361757273,2301,' dinosaurs'
616d70,2302,'amp'
207368617065,2303,' shape'
69736573,2304,'ises'
20626f6f6b73,2305,' books'
2073656173,2306,' seas'
756c79,2307,'uly'
206361707461696e,2308,' captain'
73656c766573,2309,'selves'
206561727468,2310,' earth'
20636c75,2311,' clu'
20646f6573,2312,' does'
2074616c6b696e67,2313,' talking'
76656e6765,2314,'venge'
206e6569676862,2315,' neighb'
2074616b656e,2316,' taken'
2077696e746572,2317,' winter'
63746564,2318,'cted'
206f666665726564,2319,' offered'
20666f75676874,2320,' fought'
206d6179,2321,' may'
65656c696e67,2322,'eeling'
7665727365,2323,'verse'
2077686973706572,2324,' whisper'
2073696c766572,2325,' silver'
20747261646974,2326,' tradit'
206865616c,2327,' heal'
2061667465726e,2328,' aftern'
2061667465726e6f6f6e,2329,' afternoon'
697665,2330,'ive'
2064697374616e74,2331,' distant'
2074726176656c6564,2332,' traveled'
206f6e6573,2333,' ones'
20647567,2334,' dug'
206372657074,2335,' crept'
20646973617070,2336,' disapp'
2068696c6c73,2337,' hills'
20726976657273,2338,' rivers'
206368616c6c656e6765,2339,' challenge'
207472756c79,2340,' truly'
206772656174657374,2341,' greatest'
20736861706573,2342,' shapes'
206c6561,2343,' lea'
2063656e74,2344,' cent'
20706175736564,2345,' paused'
206c696573,2346,' lies'
2074656163686572,2347,' teacher'
2067756964696e67,2348,' guiding'
20656e63,2349,' enc'
206665656c696e6773,2350,' feelings'
20616e676572,2351,' anger'
207072696e6365,2352,' prince'
206c6f636b,2353,' lock'
57686f,2354,'Who'
656e746c79,2355,'ently'
20666965726365,2356,' fierce'
20736f63,2357,' soc'
20666577,2358,' few'
20776169746564,2359,' waited'
20736f72726f77,2360,' sorrow'
20636c65616e,2361,' clean'
20776f6e64657266756c,2362,' wonderful'
20756e65,2363,' une'
2066696e67,2364,' fing'
206c61726765,2365,' large'
2063656e746572,2366,' center'
20706574,2367,' pet'
206c656164696e67,2368,' leading'
204d616e79,2369,' Many'
20766f69636573,2370,' voices'
63686573,2371,'ches'
20706f756e64,2372,' pound'
2074776973746564,2373,' twisted'
206c6966746564,2374,' lifted'
206275696c64696e67,2375,' building'
20756e73757265,2376,' unsure'
206d6f76696e67,2377,' moving'
2076616e6973686564,2378,' vanished'
206265636f6d65,2379,' become'
416e,2380,'An'
20776f7264,2381,' word'
207068,2382,' ph'
207669,2383,' vi'
20756e697665727365,2384,' universe'
20636c6170706564,2385,' clapped'
20736c6970706564,2386,' slipped'
2074616b696e67,2387,' taking'
757368696e67,2388,'ushing'
20616273,2389,' abs'
20776f6e,2390,' won'
204d61796265,2391,' Maybe'
20666c6f776564,2392,' flowed'
20706c616e73,2393,' plans'
2073696d706c65,2394,' simple'
20616e67,2395,' ang'
2076617374,2396,' vast'
2068756d,2397,' hum'
2064657465726d696e6564,2398,' determined'
2073757070,2399,' supp'
206272696e67696e67,2400,' bringing'
206861756e746564,2401,' haunted'
207061636b6564,2402,' packed'
576f77,2403,'Wow'
2073747265616d,2404,' stream'
207472656d62,2405,' tremb'
2062656c696576696e67,2406,' believing'
207465616368,2407,' teach'
20686f706573,2408,' hopes'
4576657279,2409,'Every'
2073756e73,2410,' suns'
20636f756c646e,2411,' couldn'
63657373,2412,'cess'
656c6c6f,2413,'ello'
20657363617065,2414,' escape'
48656c6c6f,2415,'Hello'
20737472656574,2416,' street'
2064656c,2417,' del'
20726576656e6765,2418,' revenge'
207061746873,2419,' paths'
206e6174757265,2420,' nature'
20636f6d70617373,2421,' compass'
207361766564,2422,' saved'
7572696e67,2423,'uring'
20656e646564,2424,' ended'
20696365,2425,' ice'
206d6f6e73746572,2426,' monster'
2063616b65,2427,' cake'
20737469636b,2428,' stick'
2074726176656c6572,2429,' traveler'
67696e67,2430,'ging'
20696e74,2431,' int'
2077656c636f6d6564,2432,' welcomed'
206d6f6f6e6c69676874,2433,' moonlight'
796f6e64,2434,'yond'
206265796f6e64,2435,' beyond'
20696e737069726564,2436,' inspired'
206875,2437,' hu'
20686f6e65737479,2438,' honesty'
6f73736564,2439,'ossed'
2077696e6473,2440,' winds'
20696d6167696e6174696f6e,2441,' imagination'
7a79,2442,'zy'
2073757266616365,2443,' surface'
746f7279,2444,'tory'
75726564,2445,'ured'
2063726f73736564,2446,' crossed'
20737769726c6564,2447,' swirled'
20616273656e6365,2448,' absence'
2045786369746564,2449,' Excited'
2062757474,2450,' butt'
207768696368,2451,' which'
206c696e65,2452,' line'
20637572,2453,' cur'
2068617070656e,2454,' happen'
20636f6f6b696573,2455,' cookies'
20736f75676874,2456,' sought'
20736e6f776d616e,2457,' snowman'
437572696f7573,2458,'Curious'
6c66,2459,'lf'
207468656d73656c766573,2460,' themselves'
20626967676572,2461,' bigger'
656d626572,2462,'ember'
2066726565646f6d,2463,' freedom'
6c65646765,2464,'ledge'
206865726f6573,2465,' heroes'
2070656172,2466,' pear'
48656c70,2467,'Help'
2063656c6562726174696f6e,2468,' celebration'
20746f776572,2469,' tower'
67657374,2470,'gest'
20666f63,2471,' foc'
20626c616e6b6574,2472,' blanket'
4265,2473,'Be'
206361726566756c,2474,' careful'
2073756d6d,2475,' summ'
73696e67,2476,'sing'
4c61746572,2477,'Later'
2072697365,2478,' rise'
427269676874,2479,'Bright'
207a,2480,' z'
2074726f75,2481,' trou'
20726f61726564,2482,' roared'
6865726f,2483,'hero'
20706565,2484,' pee'
2063616c6c696e67,2485,' calling'
69676e,2486,'ign'
6f6d696e67,2487,'oming'
2073776179,2488,' sway'
6272616e74,2489,'brant'
20657965,2490,' eye'
2068756e,2491,' hun'
20646f6e65,2492,' done'
6d6f7374,2493,'most'
207761726e6564,2494,' warned'
206d616368696e65,2495,' machine'
206368616f73,2496,' chaos'
20737065616b,2497,' speak'
2071756965746c79,2498,' quietly'
2062656e6368,2499,' bench'
6962696c697479,2500,'ibility'
78706563746564,2501,'xpected'
6f7468,2502,'oth'
2077617973,2503,' ways'
20756e636f,2504,' unco'
2062656c6f6e676564,2505,' belonged'
2062696767657374,2506,' biggest'
20656e636f7572,2507,' encour'
61626c65,2508,'able'
2077617368,2509,' wash'
6f6c6c6f77,2510,'ollow'
2066726f6e74,2511,' front'
206461776e,2512,' dawn'
206272696e6773,2513,' brings'
206b6e6f776c65646765,2514,' knowledge'
204c6574,2515,' Let'
2066696e67657273,2516,' fingers'
646572,2517,'der'
75616c,2518,'ual'
626f,2519,'bo'
20646f696e67,2520,' doing'
20616c6d6f7374,2521,' almost'
20436f756c64,2522,' Could'
2070757a7a,2523,' puzz'
6f776564,2524,'owed'
20736e61636b73,2525,' snacks'
616479,2526,'ady'
20676976696e67,2527,' giving'
67756564,2528,'gued'
2068617070696c79,2529,' happily'
2063656c656272617465,2530,' celebrate'
20676c617373,2531,' glass'
6f7073,2532,'ops'
6f756e63,2533,'ounc'
2077697368696e67,2534,' wishing'
206164646564,2535,' added'
20677269,2536,' gri'
2070726f626c65,2537,' proble'
20746f7761726473,2538,' towards'
207061676573,2539,' pages'
20726f626f7473,2540,' robots'
766173,2541,'vas'
2076696272616e74,2542,' vibrant'
206772616e74,2543,' grant'
20707269,2544,' pri'
2063616e766173,2545,' canvas'
20756e6c,2546,' unl'
20667572,2547,' fur'
2064697274,2548,' dirt'
2063726173686564,2549,' crashed'
726564,2550,'red'
20666c7574,2551,' flut'
2064657465726d696e6174696f6e,2552,' determination'
6c656570,2553,'leep'
204d79,2554,' My'
20706f756e64696e67,2555,' pounding'
20776964,2556,' wid'
207069637475726573,2557,' pictures'
20706174,2558,' pat'
20636f6e74726f,2559,' contro'
20737072696e67,2560,' spring'
206170,2561,' ap'
4c696c79,2562,'Lily'
75666679,2563,'uffy'
616d6f6e64,2564,'amond'
207374616e64696e67,2565,' standing'
6f6e79,2566,'ony'
72757374,2567,'rust'
69616e,2568,'ian'
79617264,2569,'yard'
5175696574,2570,'Quiet'
20656173,2571,' eas'
20686f776c6564,2572,' howled'
20656c7365,2573,' else'
656c636f6d65,2574,'elcome'
206d616b6573,2575,' makes'
20776f727468,2576,' worth'
20706f75726564,2577,' poured'
206469616d6f6e64,2578,' diamond'
206665617374,2579,' feast'
204f6e,2580,' On'
67726f756e64,2581,'ground'
20626164,2582,' bad'
206f6b6179,2583,' okay'
20637275656c,2584,' cruel'
207072657061726564,2585,' prepared'
2073706972697473,2586,' spirits'
6f726564,2587,'ored'
6976697479,2588,'ivity'
207370756e,2589,' spun'
2077616c6b696e67,2590,' walking'
20616e677279,2591,' angry'
206c6f6f6b73,2592,' looks'
20656d6572,2593,' emer'
207363617279,2594,' scary'
2072696465,2595,' ride'
206669656c6473,2596,' fields'
57656c636f6d65,2597,'Welcome'
20656d6272616365,2598,' embrace'
2073616e6b,2599,' sank'
2073746172696e67,2600,' staring'
2073656c66,2601,' self'
2070757070,2602,' pupp'
2064656172,2603,' dear'
207468696e67,2604,' thing'
2061636365,2605,' acce'
20666f726d,2606,' form'
20686176696e67,2607,' having'
2073696c656e74,2608,' silent'
207369676874,2609,' sight'
20666173746572,2610,' faster'
2064696d,2611,' dim'
2068756765,2612,' huge'
2076696e6573,2613,' vines'
2070726573656e6365,2614,' presence'
206368616c6c656e676573,2615,' challenges'
616972,2616,'air'
20747269636b73,2617,' tricks'
20726573706f6e73,2618,' respons'
69657479,2619,'iety'
20627574746572666c696573,2620,' butterflies'
2072656d61696e6564,2621,' remained'
2077726170706564,2622,' wrapped'
436f6d65,2623,'Come'
20736e65,2624,' sne'
696e696e67,2625,'ining'
20497473,2626,' Its'
72657368,2627,'resh'
207375706572,2628,' super'
206c6f6f6d6564,2629,' loomed'
2077616974,2630,' wait'
6f7264,2631,'ord'
20737461796564,2632,' stayed'
20706561726c,2633,' pearl'
4665656c696e67,2634,'Feeling'
4561676572,2635,'Eager'
2072656d656d626572696e67,2636,' remembering'
6f776e6564,2637,'owned'
6e6572,2638,'ner'
207072696465,2639,' pride'
62616c6c,2640,'ball'
206272616e,2641,' bran'
206c6567,2642,' leg'
20536f6d65,2643,' Some'
206272616e6368,2644,' branch'
2064726577,2645,' drew'
2063726561746976697479,2646,' creativity'
4c656f,2647,'Leo'
2068616972,2648,' hair'
206a6f7966756c,2649,' joyful'
206c617465,2650,' late'
20637265616b6564,2651,' creaked'
206c6f75646c79,2652,' loudly'
20617765,2653,' awe'
617473,2654,'ats'
206c6561726e696e67,2655,' learning'
206272757368,2656,' brush'
20636875636b,2657,' chuck'
2077686973706572696e67,2658,' whispering'
20447265616d,2659,' Dream'
207368656c6c73,2660,' shells'
636572,2661,'cer'
2072756c,2662,' rul'
2064726177696e67,2663,' drawing'
2072656c,2664,' rel'
2068616c6c,2665,' hall'
20636c656172696e67,2666,' clearing'
20736166,2667,' saf'
20706f696e74696e67,2668,' pointing'
2061736b,2669,' ask'
20737769726c696e67,2670,' swirling'
206c61746572,2671,' later'
207368616b696e67,2672,' shaking'
20776974,2673,' wit'
2067617a6564,2674,' gazed'
20736572,2675,' ser'
206672657368,2676,' fresh'
206d697373696e67,2677,' missing'
2077616c6b,2678,' walk'
207377696d,2679,' swim'
5265,2680,'Re'
2066726f776e6564,2681,' frowned'
207573696e67,2682,' using'
6d61,2683,'ma'
536f6f6e,2684,'Soon'
206c696b6564,2685,' liked'
206772696e6e6564,2686,' grinned'
2063686f69636573,2687,' choices'
2063617374696e67,2688,' casting'
51756965746c79,2689,'Quietly'
20686f706564,2690,' hoped'
2073756d6d6572,2691,' summer'
6c6f77657273,2692,'lowers'
206170617274,2693,' apart'
207461696c,2694,' tail'
20666f726d6564,2695,' formed'
20686f70706564,2696,' hopped'
20627572696564,2697,' buried'
206f616b,2698,' oak'
7479,2699,'ty'
2070726574656e64,2700,' pretend'
726f6e,2701,'ron'
726f74,2702,'rot'
206d6572,2703,' mer'
206e65696768626f72,2704,' neighbor'
206261636b79617264,2705,' backyard'
206d61796265,2706,' maybe'
20706c616e746564,2707,' planted'
206368617365,2708,' chase'
20746f72,2709,' tor'
20666f7274,2710,' fort'
6c7068,2711,'lph'
206265617374,2712,' beast'
2077656172,2713,' wear'
207275696e73,2714,' ruins'
2063686f6f,2715,' choo'
2063686f7365,2716,' chose'
746873,2717,'ths'
206c6f6e676564,2718,' longed'
20726573,2719,' res'
536f,2720,'So'
416e64,2721,'And'
617368696e67,2722,'ashing'
20626564,2723,' bed'
206f62,2724,' ob'
20706f74,2725,' pot'
20626574726179616c,2726,' betrayal'
20666c6f6f72,2727,' floor'
2073656e74,2728,' sent'
20686f72,2729,' hor'
2062757a7a,2730,' buzz'
2070756c6c696e67,2731,' pulling'
20636f6e6e6563746564,2732,' connected'
20636f6d6d,2733,' comm'
20736e6f7779,2734,' snowy'
20656d6572676564,2735,' emerged'
6465,2736,'de'
207370656c6c,2737,' spell'
617073,2738,'aps'
20646f6c7068,2739,' dolph'
20666c6f6174696e67,2740,' floating'
20747769726c6564,2741,' twirled'
20666164696e67,2742,' fading'
2066616d696c,2743,' famil'
20627573686573,2744,' bushes'
2072696e67,2745,' ring'
2073796d626f6c73,2746,' symbols'
205370,2747,' Sp'
206c616e6473,2748,' lands'
207065656b6564,2749,' peeked'
2077686f6c65,2750,' whole'
57696c6c,2751,'Will'
20696e7370,2752,' insp'
206f72616e6765,2753,' orange'
206772656564,2754,' greed'
656e73,2755,'ens'
206469616d6f6e6473,2756,' diamonds'
616e6963,2757,'anic'
20636f756e,2758,' coun'
20736f6c7665,2759,' solve'
20486f7765766572,2760,' However'
696577,2761,'iew'
2069676e,2762,' ign'
207374726574,2763,' stret'
20636c756573,2764,' clues'
20536861646f77,2765,' Shadow'
20706f7373,2766,' poss'
696666,2767,'iff'
20737465616c,2768,' steal'
20747261646974696f6e,2769,' tradition'
20616e7377657273,2770,' answers'
20636861736564,2771,' chased'
2074686f756768,2772,' though'
20736f6e,2773,' son'
706f7365,2774,'pose'
20706172,2775,' par'
20666c75666679,2776,' fluffy'
2061736b696e67,2777,' asking'
2073757065726865726f,2778,' superhero'
656e63,2779,'enc'
2073686f776e,2780,' shown'
207075707079,2781,' puppy'
2076697369746564,2782,' visited'
206661696c757265,2783,' failure'
20656e6a6f796564,2784,' enjoyed'
20696e766974696e67,2785,' inviting'
206c6f7365,2786,' lose'
20617274697374,2787,' artist'
20636f6e74726f6c,2788,' control'
2073706c6173686564,2789,' splashed'
44656172,2790,'Dear'
7368,2791,'sh'
6b6e6f77,2792,'know'
206c6f75646572,2793,' louder'
2062696b65,2794,' bike'
204e6f,2795,' No'
207765616b,2796,' weak'
6570656e64,2797,'epend'
204561727468,2798,' Earth'
76616c,2799,'val'
207468696566,2800,' thief'
756e6368,2801,'unch'
2063686972,2802,' chir'
206c6573736f6e73,2803,' lessons'
20726f6f7473,2804,' roots'
20656172,2805,' ear'
2066696e697368,2806,' finish'
20536f6d6574696d6573,2807,' Sometimes'
20696d6167696e696e67,2808,' imagining'
5768696c65,2809,'While'
20636875636b6c6564,2810,' chuckled'
6b6e6f776e,2811,'known'
20666c69636b6572,2812,' flicker'
2064726177696e6773,2813,' drawings'
206c696e67,2814,' ling'
207265666c656374696f6e,2815,' reflection'
2066696e616c,2816,' final'
52697461,2817,'Rita'
2076696577,2818,' view'
61747465726564,2819,'attered'
696e6b6564,2820,'inked'
2067656e,2821,' gen'
20616e74,2822,' ant'
20736f6369657479,2823,' society'
6f72726f77,2824,'orrow'
20627574746f6e,2825,' button'
20626567696e6e696e67,2826,' beginning'
20707261637469636564,2827,' practiced'
20646966666572656e6365,2828,' difference'
206d61726b6574,2829,' market'
756464,2830,'udd'
20756e6b6e6f776e,2831,' unknown'
20636f7a79,2832,' cozy'
686f6f64,2833,'hood'
2064726966746564,2834,' drifted'
206372656570,2835,' creep'
20707572706f7365,2836,' purpose'
2074726170,2837,' trap'
617270,2838,'arp'
6b79,2839,'ky'
20686f6c65,2840,' hole'
2063686572,2841,' cher'
207475726e696e67,2842,' turning'
20626f74746c65,2843,' bottle'
5368,2844,'Sh'
206d656574696e67,2845,' meeting'
20446964,2846,' Did'
2062656c6c,2847,' bell'
20657870,2848,' exp'
2070757368,2849,' push'
2063686f6f7365,2850,' choose'
20656174,2851,' eat'
20756e6578706563746564,2852,' unexpected'
2074726f75626c65,2853,' trouble'
2073686f70,2854,' shop'
657465726d696e6564,2855,'etermined'
2076616c,2856,' val'
2073746f726d73,2857,' storms'
20736d617274,2858,' smart'
45616765726c79,2859,'Eagerly'
206d7572,2860,' mur'
2070696e6b,2861,' pink'
20776879,2862,' why'
726967756564,2863,'rigued'
207a6f,2864,' zo'
666f756e64,2865,'found'
206c65616e,2866,' lean'
207475726e73,2867,' turns'
206d69786564,2868,' mixed'
20746f6f6c73,2869,' tools'
207265616368696e67,2870,' reaching'
20666f6375736564,2871,' focused'
2068756e74,2872,' hunt'
626f6f6b,2873,'book'
20736b696c6c,2874,' skill'
20796f757273656c66,2875,' yourself'
2074756e,2876,' tun'
69646573,2877,'ides'
20646967,2878,' dig'
2054696d65,2879,' Time'
20726563616c6c,2880,' recall'
6c65617365,2881,'lease'
20636972636c65,2882,' circle'
20697473656c66,2883,' itself'
207768697465,2884,' white'
6368656e,2885,'chen'
2053746172,2886,' Star'
206b69746368656e,2887,' kitchen'
2079617264,2888,' yard'
20667275697473,2889,' fruits'
417265,2890,'Are'
2077726974,2891,' writ'
2063726162,2892,' crab'
53616d75656c,2893,'Samuel'
20636c6f74,2894,' clot'
20636f696e,2895,' coin'
206461756768746572,2896,' daughter'
2073756e736574,2897,' sunset'
206e6577666f756e64,2898,' newfound'
206e6563,2899,' nec'
6f6d6573,2900,'omes'
6e69676874,2901,'night'
20636c6f74686573,2902,' clothes'
6f73696e67,2903,'osing'
2062656174,2904,' beat'
206d6561646f77,2905,' meadow'
416c6578,2906,'Alex'
207765656b,2907,' week'
2074657374,2908,' test'
20656e6a6f79696e67,2909,' enjoying'
20747567,2910,' tug'
207475,2911,' tu'
207368617270,2912,' sharp'
2073776f7264,2913,' sword'
6f707573,2914,'opus'
207377696e67,2915,' swing'
63746f707573,2916,'ctopus'
656e65617468,2917,'eneath'
68617073,2918,'haps'
656d656d626572,2919,'emember'
2073617973,2920,' says'
20696e64,2921,' ind'
2066616972696573,2922,' fairies'
20776173686564,2923,' washed'
2073757265,2924,' sure'
44657465726d696e6564,2925,'Determined'
20696e7374,2926,' inst'
2077696e6e696e67,2927,' winning'
626c6573,2928,'bles'
2077616e74696e67,2929,' wanting'
206261736b,2930,' bask'
20706f636b,2931,' pock'
657874,2932,'ext'
206e65636b,2933,' neck'
79696e67,2934,'ying'
7269656e6473,2935,'riends'
207472656d626c696e67,2936,' trembling'
20736c656570,2937,' sleep'
20626c696e6b6564,2938,' blinked'
20636f75727365,2939,' course'
2061646d69726564,2940,' admired'
2070726f7665,2941,' prove'
206b6e656c74,2942,' knelt'
2070696c65,2943,' pile'
686f757365,2944,'house'
20736962,2945,' sib'
20736565696e67,2946,' seeing'
206e6967687473,2947,' nights'
616c65,2948,'ale'
20746f73,2949,' tos'
206361727279696e67,2950,' carrying'
6d656e74,2951,'ment'
20437572696f73697479,2952,' Curiosity'
20776865,2953,' whe'
20636f72,2954,' cor'
20666c6f6f64,2955,' flood'
2068617070656e696e67,2956,' happening'
6e6963,2957,'nic'
20636f6d6574,2958,' comet'
2073747275636b,2959,' struck'
206c697374656e696e67,2960,' listening'
206c697665,2961,' live'
20636f6e666964,2962,' confid'
206c6f76656c79,2963,' lovely'
76696365,2964,'vice'
2070726f626c656d,2965,' problem'
206c6f6e67696e67,2966,' longing'
2066616c6c696e67,2967,' falling'
20766963,2968,' vic'
20626174746c65,2969,' battle'
20617761,2970,' awa'
20636f7374,2971,' cost'
2070616765,2972,' page'
20726567,2973,' reg'
20747261696e,2974,' train'
206769667473,2975,' gifts'
207069636e6963,2976,' picnic'
206572,2977,' er'
20706c616e657473,2978,' planets'
20616c6f7564,2979,' aloud'
6d6f7265,2980,'more'
20706965636573,2981,' pieces'
207374657073,2982,' steps'
206c656166,2983,' leaf'
20776f7272696573,2984,' worries'
2072616e67,2985,' rang'
757473696465,2986,'utside'
72616e6365,2987,'rance'
207374726f6b65,2988,' stroke'
20737572707269736573,2989,' surprises'
206d65726d61,2990,' merma'
20726976616c,2991,' rival'
20676174686572696e67,2992,' gathering'
20666c6173686c69676874,2993,' flashlight'
45786369746564,2994,'Excited'
20736c6f77,2995,' slow'
207368616b65,2996,' shake'
206d797374657279,2997,' mystery'
6879,2998,'hy'
20736b696e,2999,' skin'
2067726179,3000,' gray'
696d6d696e67,3001,'imming'
206c696e6765726564,3002,' lingered'
206f63746f707573,3003,' octopus'
6570656e64656e6365,3004,'ependence'
2070726f6a656374,3005,' project'
20706c617966756c,3006,' playful'
6374696e67,3007,'cting'
20737761796564,3008,' swayed'
20616e796d6f7265,3009,' anymore'
2064657370,3010,' desp'
204576656e,3011,' Even'
20676976656e,3012,' given'
6f67,3013,'og'
42656e65617468,3014,'Beneath'
20676c616e63,3015,' glanc'
207468726565,3016,' three'
206c6f67,3017,' log'
206e6574,3018,' net'
2074756e6e,3019,' tunn'
20726f6172,3020,' roar'
20736b696573,3021,' skies'
4b696d,3022,'Kim'
20686172646572,3023,' harder'
206372617368,3024,' crash'
466f6c6c6f77,3025,'Follow'
636b696e67,3026,'cking'
207261696e79,3027,' rainy'
20636f6f,3028,' coo'
61696c,3029,'ail'
596f7572,3030,'Your'
6f636b6564,3031,'ocked'
20686f6c6473,3032,' holds'
20756e6963,3033,' unic'
206c6f73696e67,3034,' losing'
6177,3035,'aw'
20666f6f74,3036,' foot'
20676c696d6d65726564,3037,' glimmered'
54696d65,3038,'Time'
6178,3039,'ax'
696767696e67,3040,'igging'
2072657665616c6564,3041,' revealed'
2062757368,3042,' bush'
207072696e63657373,3043,' princess'
20726570,3044,' rep'
206d6964646c65,3045,' middle'
2067656d73,3046,' gems'
207365656b696e67,3047,' seeking'
20736d656c6c6564,3048,' smelled'
206e6f746573,3049,' notes'
206c65616e6564,3050,' leaned'
20646570,3051,' dep'
20626c6f7373,3052,' bloss'
656c6f,3053,'elo'
2073706c617368,3054,' splash'
206272656164,3055,' bread'
657074,3056,'ept'
756e646572,3057,'under'
2065617273,3058,' ears'
636f6c,3059,'col'
69727475616c,3060,'irtual'
2068756e677279,3061,' hungry'
204c61,3062,' La'
2063686172,3063,' char'
20656e636f757261676564,3064,' encouraged'
696674,3065,'ift'
2063686972706564,3066,' chirped'
206b6e6f7773,3067,' knows'
206c69676874696e67,3068,' lighting'
20496e737069726564,3069,' Inspired'
20636f6e6e656374,3070,' connect'
207669727475616c,3071,' virtual'
207374616765,3072,' stage'
697a617264,3073,'izard'
20686f6e6f72,3074,' honor'
6f756e636564,3075,'ounced'
626f617264,3076,'board'
2063686173696e67,3077,' chasing'
20666163696e67,3078,' facing'
6974696573,3079,'ities'
20706f636b6574,3080,' pocket'
207461737465,3081,' taste'
206261736b6574,3082,' basket'
20576974686f7574,3083,' Without'
2064726f,3084,' dro'
6174696f6e73,3085,'ations'
206c6976696e67,3086,' living'
2062656c6f6e67696e67,3087,' belonging'
7073,3088,'ps'
20756e636f766572,3089,' uncover'
206d61726b6564,3090,' marked'
20737563,3091,' suc'
206d657373616765,3092,' message'
20636f766572,3093,' cover'
20726f6465,3094,' rode'
726f6f6d,3095,'room'
20656e7472616e6365,3096,' entrance'
206f626a656374,3097,' object'
20746f6d,3098,' tom'
20637261636b,3099,' crack'
20776964656e6564,3100,' widened'
20646f6c7068696e,3101,' dolphin'
20616e6e,3102,' ann'
697a6f6e,3103,'izon'
20666561726564,3104,' feared'
2066616c6c656e,3105,' fallen'
20726573706f6e736962696c697479,3106,' responsibility'
206669676874696e67,3107,' fighting'
20706574616c73,3108,' petals'
206c657474696e67,3109,' letting'
726573736564,3110,'ressed'
69766564,3111,'ived'
5468657365,3112,'These'
636f6c617465,3113,'colate'
657279,3114,'ery'
204368,3115,' Ch'
20676f616c,3116,' goal'
207368656c,3117,' shel'
2063726f7373,3118,' cross'
206e696365,3119,' nice'
2076656e74,3120,' vent'
206d696e,3121,' min'
7570746564,3122,'upted'
20686f706566756c,3123,' hopeful'
206a6f6b6573,3124,' jokes'
2077697a617264,3125,' wizard'
207769746368,3126,' witch'
436c,3127,'Cl'
20736f756c,3128,' soul'
207477696e6b6c65,3129,' twinkle'
2064656c69676874,3130,' delight'
206661696c6564,3131,' failed'
20776f6c66,3132,' wolf'
207377696d6d696e67,3133,' swimming'
616c66,3134,'alf'
207665,3135,' ve'
2073656e64,3136,' send'
20756e69636f726e,3137,' unicorn'
20636f6d6d756e,3138,' commun'
207175657374696f6e73,3139,' questions'
20737472657463686564,3140,' stretched'
4d79,3141,'My'
20686f72697a6f6e,3142,' horizon'
20666f756e7461696e,3143,' fountain'
2063656c6562726174696e67,3144,' celebrating'
6767,3145,'gg'
20636c6f,3146,' clo'
2070757368696e67,3147,' pushing'
20616c6c6579,3148,' alley'
20616374696f6e,3149,' action'
616c6573,3150,'ales'
6964646c6573,3151,'iddles'
45616368,3152,'Each'
416d6964,3153,'Amid'
2070756c,3154,' pul'
2063686f636f6c617465,3155,' chocolate'
52656d656d626572,3156,'Remember'
20706f6574,3157,' poet'
65616c,3158,'eal'
207477696e6b6c696e67,3159,' twinkling'
2079656c6c,3160,' yell'
20736372,3161,' scr'
6275,3162,'bu'
5468726f756768,3163,'Through'
20737570706f7274,3164,' support'
636c65,3165,'cle'
206170706c65,3166,' apple'
206361726564,3167,' cared'
2068616e646564,3168,' handed'
6464,3169,'dd'
207a6f6f6d6564,3170,' zoomed'
20686f6c,3171,' hol'
696665,3172,'ife'
206d6172,3173,' mar'
2061776169746564,3174,' awaited'
4e657874,3175,'Next'
20726963686573,3176,' riches'
20736d6f,3177,' smo'
206d7564,3178,' mud'
20636c7565,3179,' clue'
206d65726d616964,3180,' mermaid'
20637574,3181,' cut'
2070686f74,3182,' phot'
20646570746873,3183,' depths'
697070696e67,3184,'ipping'
20776f726e,3185,' worn'
656473,3186,'eds'
20666c6f7572,3187,' flour'
20616e737765726564,3188,' answered'
6f6c6f72,3189,'olor'
20687567,3190,' hug'
2076656e7475726564,3191,' ventured'
207265706c61636564,3192,' replaced'
20696e646570656e64656e6365,3193,' independence'
20706c61796572,3194,' player'
2073686f74,3195,' shot'
20467269656e6473,3196,' Friends'
2072656164696e67,3197,' reading'
446964,3198,'Did'
20726964646c6573,3199,' riddles'
6e646572696e67,3200,'ndering'
206d65616e73,3201,' means'
20627562626c696e67,3202,' bubbling'
20726f6f,3203,' roo'
6f757468,3204,'outh'
517569636b,3205,'Quick'
6f6e6579,3206,'oney'
20686f6d6573,3207,' homes'
207368696674,3208,' shift'
20686f6c6964,3209,' holid'
696c6c6564,3210,'illed'
20636c696666,3211,' cliff'
48617070,3212,'Happ'
206c696e6573,3213,' lines'
2073656573,3214,' sees'
20616363657074,3215,' accept'
2065617379,3216,' easy'
446f6e,3217,'Don'
207072697a65,3218,' prize'
666f7274,3219,'fort'
4265666f7265,3220,'Before'
2073686f6f74,3221,' shoot'
206c6f636b6574,3222,' locket'
2062617365,3223,' base'
69657374,3224,'iest'
204c61756768746572,3225,' Laughter'
2073637265656e,3226,' screen'
205a,3227,' Z'
20736f727279,3228,' sorry'
207469636b,3229,' tick'
206461726b657374,3230,' darkest'
20666f7267657474696e67,3231,' forgetting'
5965617273,3232,'Years'
206c75636b,3233,' luck'
20466f72,3234,' For'
20677569646564,3235,' guided'
206861726d,3236,' harm'
2073637265616d,3237,' scream'
2076696c6c61696e,3238,' villain'
2066696e6473,3239,' finds'
416c,3240,'Al'
20736872,3241,' shr'
2064696767696e67,3242,' digging'
2065727570746564,3243,' erupted'
206f7262,3244,' orb'
206d61747465726564,3245,' mattered'
5468657265,3246,'There'
207761726e696e67,3247,' warning'
20766963746f7279,3248,' victory'
2068757272696564,3249,' hurried'
20686973746f7279,3250,' history'
2070617373696e67,3251,' passing'
20536861646f7773,3252,' Shadows'
206563686f6573,3253,' echoes'
2064656572,3254,' deer'
206d656c74,3255,' melt'
206c656170,3256,' leap'
72656e7473,3257,'rents'
2067656e6572,3258,' gener'
20747265617473,3259,' treats'
20636f6e74657374,3260,' contest'
20706172726f74,3261,' parrot'
20726f6c6c,3262,' roll'
20737061726b6564,3263,' sparked'
2070726573656e74,3264,' present'
2074616b6573,3265,' takes'
20726567726574,3266,' regret'
2063616665,3267,' cafe'
2068616c66,3268,' half'
20706c616e6e696e67,3269,' planning'
20626172,3270,' bar'
6170706564,3271,'apped'
206465636f72,3272,' decor'
206372797374616c73,3273,' crystals'
207365636f6e64,3274,' second'
207370696e65,3275,' spine'
20736b6574,3276,' sket'
20636865657266756c,3277,' cheerful'
206c616479,3278,' lady'
20746f776e73,3279,' towns'
61736564,3280,'ased'
207275737479,3281,' rusty'
656e73696f6e,3282,'ension'
20736d6f6f7468,3283,' smooth'
20756e697175,3284,' uniqu'
20636172696e67,3285,' caring'
20636f6d666f7274,3286,' comfort'
206a6f62,3287,' job'
746572696e67,3288,'tering'
20656e746572,3289,' enter'
206a756d70696e67,3290,' jumping'
666c,3291,'fl'
696172,3292,'iar'
206368656572696e67,3293,' cheering'
206265636f6d696e67,3294,' becoming'
20647572696e67,3295,' during'
656374696e67,3296,'ecting'
20726f6164,3297,' road'
20636f6d6d756e697479,3298,' community'
206e65636b6c,3299,' neckl'
206e65656473,3300,' needs'
207374656570,3301,' steep'
2062757a7a6564,3302,' buzzed'
20646973636f76657279,3303,' discovery'
2067726f776e,3304,' grown'
20706164,3305,' pad'
206578706c6f72657273,3306,' explorers'
206372656570696e67,3307,' creeping'
20666c69636b6572696e67,3308,' flickering'
20736e6f7762616c6c,3309,' snowball'
76657273,3310,'vers'
206d656c6f,3311,' melo'
4e656172,3312,'Near'
20646173686564,3313,' dashed'
20466c6f77657273,3314,' Flowers'
20636865657273,3315,' cheers'
207363656e74,3316,' scent'
207468726577,3317,' threw'
20666973,3318,' fis'
206e6f7465626f6f6b,3319,' notebook'
756e6b,3320,'unk'
20686f74,3321,' hot'
20736f6172696e67,3322,' soaring'
2074687269766564,3323,' thrived'
20537061726b,3324,' Spark'
206b6e6967687473,3325,' knights'
20666974,3326,' fit'
20746f73736564,3327,' tossed'
2065616765726c79,3328,' eagerly'
4f66,3329,'Of'
20636f72616c,3330,' coral'
206e65636b6c616365,3331,' necklace'
206465736572,3332,' deser'
204b656570,3333,' Keep'
20726169736564,3334,' raised'
656e74696f6e,3335,'ention'
206d7572616c,3336,' mural'
20656e646c657373,3337,' endless'
2073686966746564,3338,' shifted'
20576879,3339,' Why'
207069636b,3340,' pick'
20706f72,3341,' por'
2062616c,3342,' bal'
2077617465726564,3343,' watered'
20637265616d,3344,' cream'
20616464,3345,' add'
20706f726368,3346,' porch'
20726563616c6c6564,3347,' recalled'
616e676564,3348,'anged'
20666c6f6f646564,3349,' flooded'
2067657474696e67,3350,' getting'
486579,3351,'Hey'
205768696c65,3352,' While'
207363726174,3353,' scrat'
204c6f7665,3354,' Love'
536f6d6574696d6573,3355,'Sometimes'
206469736170706561726564,3356,' disappeared'
2072656365,3357,' rece'
207175657374696f6e,3358,' question'
2066617465,3359,' fate'
206d6574616c,3360,' metal'
2072696368,3361,' rich'
517569636b6c79,3362,'Quickly'
20646565706c79,3363,' deeply'
6566,3364,'ef'
61776179,3365,'away'
2074656e73696f6e,3366,' tension'
207468616e6b,3367,' thank'
206b6e6f636b6564,3368,' knocked'
4163,3369,'Ac'
206e657374,3370,' nest'
207572676564,3371,' urged'
207375726765,3372,' surge'
2074727573746564,3373,' trusted'
206669726566,3374,' firef'
20706f7274,3375,' port'
20737472616e676572,3376,' stranger'
2072656c696566,3377,' relief'
206b656570696e67,3378,' keeping'
20677561726469616e,3379,' guardian'
20736f6172,3380,' soar'
20616e797768657265,3381,' anywhere'
756d6e,3382,'umn'
6f6c6b,3383,'olk'
20756e69717565,3384,' unique'
206c6561706564,3385,' leaped'
207468696e6b73,3386,' thinks'
20637570,3387,' cup'
20776f6e646572696e67,3388,' wondering'
20666c6173686564,3389,' flashed'
20747261696c,3390,' trail'
2073706c617368696e67,3391,' splashing'
20656767,3392,' egg'
20736f696c,3393,' soil'
20676967676c696e67,3394,' giggling'
4163726f7373,3395,'Across'
2066617261776179,3396,' faraway'
746c6573,3397,'tles'
7574756d6e,3398,'utumn'
206472696e6b,3399,' drink'
206d7973746572696f7573,3400,' mysterious'
20686f6c69646179,3401,' holiday'
20646f6f7273,3402,' doors'
20667269656e647368697073,3403,' friendships'
206368616972,3404,' chair'
6f72696e67,3405,'oring'
657479,3406,'ety'
66616c6c,3407,'fall'
2073686f6f74696e67,3408,' shooting'
207363616c6573,3409,' scales'
206c65616473,3410,' leads'
696379,3411,'icy'
206d617073,3412,' maps'
20666c6f6174,3413,' float'
206d697374616b6573,3414,' mistakes'
20677265,3415,' gre'
20737469636b73,3416,' sticks'
20746f6d6f72726f77,3417,' tomorrow'
6c696e6773,3418,'lings'
2073756368,3419,' such'
2070756464,3420,' pudd'
2074756e6e656c,3421,' tunnel'
2074726970,3422,' trip'
206275696c64696e6773,3423,' buildings'
20657863697465646c79,3424,' excitedly'
20746f726e,3425,' torn'
2070616e6963,3426,' panic'
206f6464,3427,' odd'
69636b696e67,3428,'icking'
657268617073,3429,'erhaps'
20756e697479,3430,' unity'
20706f6e6465726564,3431,' pondered'
20416c,3432,' Al'
666f6c6b,3433,'folk'
20646970706564,3434,' dipped'
536c6f776c79,3435,'Slowly'
20776f6f64656e,3436,' wooden'
20626567696e,3437,' begin'
2077656172696e67,3438,' wearing'
6f79616c,3439,'oyal'
20736861706564,3440,' shaped'
666174686572,3441,'father'
5570,3442,'Up'
4f6b6179,3443,'Okay'
206f7264,3444,' ord'
666c616b6573,3445,'flakes'
20736166657479,3446,' safety'
206669726d,3447,' firm'
206f76657263,3448,' overc'
20696e76656e74,3449,' invent'
2073657474696e67,3450,' setting'
20746f776e73666f6c6b,3451,' townsfolk'
20596573,3452,' Yes'
2062616b,3453,' bak'
20706c616e74696e67,3454,' planting'
20736e65616b,3455,' sneak'
2073746f6d,3456,' stom'
2074696564,3457,' tied'
20706572666f72,3458,' perfor'
206d696e7574,3459,' minut'
20776176696e67,3460,' waving'
2072756d,3461,' rum'
6273,3462,'bs'
20726973696e67,3463,' rising'
2062697465,3464,' bite'
20676967676c65,3465,' giggle'
20736d6f6b65,3466,' smoke'
204c69676874,3467,' Light'
20696e73,3468,' ins'
2077616e7473,3469,' wants'
206c6f6e656c,3470,' lonel'
20486f7065,3471,' Hope'
20737175617265,3472,' square'
696c697a,3473,'iliz'
2056,3474,' V'
206372656174696f6e,3475,' creation'
207468756e646572,3476,' thunder'
2065786368,3477,' exch'
206f72646572,3478,' order'
206665617468657273,3479,' feathers'
20736b696c6c73,3480,' skills'
207768617465766572,3481,' whatever'
20636f6c6c656374,3482,' collect'
4261636b,3483,'Back'
2062616c6c6f6f6e73,3484,' balloons'
207377657074,3485,' swept'
207368656c66,3486,' shelf'
206d697374616b65,3487,' mistake'
206d696e65,3488,' mine'
207363656e,3489,' scen'
7765,3490,'we'
20626c6f6f6d696e67,3491,' blooming'
206d7973656c66,3492,' myself'
20636c7574,3493,' clut'
205472757374,3494,' Trust'
74726967756564,3495,'trigued'
6f6f6d,3496,'oom'
20736f756c73,3497,' souls'
6f6f6b696e67,3498,'ooking'
206261726b,3499,' bark'
6f6c6c,3500,'oll'
416d6f6e67,3501,'Among'
20617374,3502,' ast'
2066616d696c696172,3503,' familiar'
206c6f6e656c696e657373,3504,' loneliness'
20636c696d62696e67,3505,' climbing'
2067726f777468,3506,' growth'
20646f7665,3507,' dove'
756465,3508,'ude'
20656d7074696e657373,3509,' emptiness'
20646164,3510,' dad'
20666f6f6c,3511,' fool'
20756e6c6f636b,3512,' unlock'
2063686572697368,3513,' cherish'
6972726564,3514,'irred'
20656666,3515,' eff'
20737465616479,3516,' steady'
7761746572,3517,'water'
69616e74,3518,'iant'
2073747564696564,3519,' studied'
20726879,3520,' rhy'
207369626c696e6773,3521,' siblings'
207072616374696365,3522,' practice'
20756e64657267726f756e64,3523,' underground'
20636f6e73,3524,' cons'
20427269676874,3525,' Bright'
207365656d,3526,' seem'
2064657370616972,3527,' despair'
206775696c74,3528,' guilt'
207468726f77,3529,' throw'
6976696c697a,3530,'iviliz'
63617374,3531,'cast'
20636976696c697a,3532,' civiliz'
6f6e66,3533,'onf'
20416d,3534,' Am'
2070726f75646c79,3535,' proudly'
576974686f7574,3536,'Without'
207772697474656e,3537,' written'
2077726974696e67,3538,' writing'
206772616e64666174686572,3539,' grandfather'
206c6f636b6564,3540,' locked'
70746564,3541,'pted'
656d6f72696573,3542,'emories'
207363617265,3543,' scare'
206465736b,3544,' desk'
206265747261796564,3545,' betrayed'
2072656e6577,3546,' renew'
206265616d6564,3547,' beamed'
20756e69746564,3548,' united'
20707572706c65,3549,' purple'
20617465,3550,' ate'
20617574756d6e,3551,' autumn'
2070656e,3552,' pen'
206f6c646572,3553,' older'
2070726f6d6973696e67,3554,' promising'
206a756e67,3555,' jung'
20706f7274616c,3556,' portal'
207361696c6f72,3557,' sailor'
20746f756768,3558,' tough'
7265616479,3559,'ready'
20636972636c6573,3560,' circles'
207472656d626c6564,3561,' trembled'
20616c7265616479,3562,' already'
6173746572,3563,'aster'
206368696c64686f6f64,3564,' childhood'
536f6674,3565,'Soft'
2064657374,3566,' dest'
6f7773,3567,'ows'
6172726f77,3568,'arrow'
4c656e61,3569,'Lena'
20706172656e7473,3570,' parents'
20636f6d706c,3571,' compl'
2073686f636b6564,3572,' shocked'
20696e7374616e74,3573,' instant'
20676c6974,3574,' glit'
657265,3575,'ere'
20626f6c64,3576,' bold'
75616c6c79,3577,'ually'
6974746564,3578,'itted'
62626c65,3579,'bble'
2073696768,3580,' sigh'
207469636b6564,3581,' ticked'
6f726d,3582,'orm'
7573696e67,3583,'using'
7065,3584,'pe'
20416c6c,3585,' All'
207370696e6e696e67,3586,' spinning'
204865617274,3587,' Heart'
6d6572,3588,'mer'
2063686565,3589,' chee'
206170706c6573,3590,' apples'
536565,3591,'See'
2073636172,3592,' scar'
20636861726d,3593,' charm'
206d6978696e67,3594,' mixing'
206a756e676c65,3595,' jungle'
206566666f7274,3596,' effort'
20736869766572,3597,' shiver'
206a6f6b65,3598,' joke'
426573696465,3599,'Beside'
206c616e64696e67,3600,' landing'
2067686f737473,3601,' ghosts'
206972,3602,' ir'
20646573697265,3603,' desire'
2073746174,3604,' stat'
20626c65,3605,' ble'
20656d627261636564,3606,' embraced'
207268797468,3607,' rhyth'
207265636569766564,3608,' received'
20756e66,3609,' unf'
204265,3610,' Be'
20776973656c79,3611,' wisely'
6963616c6c79,3612,'ically'
2073747564656e7473,3613,' students'
20666c6170706564,3614,' flapped'
206b697474656e,3615,' kitten'
6974746c65,3616,'ittle'
6f75726365,3617,'ource'
20737072656164696e67,3618,' spreading'
2072656e65776564,3619,' renewed'
207765656473,3620,' weeds'
204d656d6f72696573,3621,' Memories'
2064616e6765726f7573,3622,' dangerous'
416c696365,3623,'Alice'
20696e73706972,3624,' inspir'
61696e74,3625,'aint'
207369676e73,3626,' signs'
6d61746573,3627,'mates'
20706c617967726f756e64,3628,' playground'
2076616c75,3629,' valu'
206163686564,3630,' ached'
20736561736f6e73,3631,' seasons'
2064656665,3632,' defe'
20706c6179657273,3633,' players'
4f757473696465,3634,'Outside'
206d616368696e6573,3635,' machines'
636b73,3636,'cks'
206974656d,3637,' item'
20706965,3638,' pie'
20757267696e67,3639,' urging'
206772616365,3640,' grace'
47656e746c79,3641,'Gently'
2064656c6963,3642,' delic'
20617474656e74696f6e,3643,' attention'
2072687974686d,3644,' rhythm'
20696d61676573,3645,' images'
2057686f,3646,' Who'
207472756e6b,3647,' trunk'
2044617973,3648,' Days'
20696e63,3649,' inc'
20696c6c,3650,' ill'
207374657070696e67,3651,' stepping'
20436c,3652,' Cl'
7573696f6e,3653,'usion'
20726163,3654,' rac'
20726f756e64,3655,' round'
4a65616e,3656,'Jean'
486973,3657,'His'
20736572696f7573,3658,' serious'
206472696674,3659,' drift'
2073686f6573,3660,' shoes'
20637279696e67,3661,' crying'
20416d6f6e67,3662,' Among'
20756e636f7665726564,3663,' uncovered'
5761,3664,'Wa'
20656e656d,3665,' enem'
20666f6c6c6f77696e67,3666,' following'
436f756c64,3667,'Could'
207061727473,3668,' parts'
206578706572,3669,' exper'
2062616b65,3670,' bake'
207368696e6573,3671,' shines'
20627265616b696e67,3672,' breaking'
2068617473,3673,' hats'
65746564,3674,'eted'
20696e76697465,3675,' invite'
4279,3676,'By'
657370,3677,'esp'
207374727567676c6564,3678,' struggled'
20747261646974696f6e73,3679,' traditions'
20436f6c6f72,3680,' Color'
696e617279,3681,'inary'
206c696674696e67,3682,' lifting'
206c7572,3683,' lur'
207465616368696e67,3684,' teaching'
20636f6174,3685,' coat'
2067756172646564,3686,' guarded'
616c6178,3687,'alax'
696d6964,3688,'imid'
20707265747479,3689,' pretty'
2065786368616e676564,3690,' exchanged'
206d696e6473,3691,' minds'
2076616c7561626c65,3692,' valuable'
76657374,3693,'vest'
6b6579,3694,'key'
20636976696c697a6174696f6e,3695,' civilization'
20776167,3696,' wag'
697a65,3697,'ize'
206c696f6e,3698,' lion'
20646f75627473,3699,' doubts'
697a6564,3700,'ized'
207368696e6564,3701,' shined'
2067726f7773,3702,' grows'
20646576696365,3703,' device'
20466c,3704,' Fl'
204c6974746c65,3705,' Little'
206772616e746564,3706,' granted'
204f72,3707,' Or'
207265616c697479,3708,' reality'
2062616c616e6365,3709,' balance'
61696e73,3710,'ains'
2064726f70706564,3711,' dropped'
20617374726f6e,3712,' astron'
20766f776564,3713,' vowed'
20686f7572,3714,' hour'
2070616e67,3715,' pang'
2070757a7a6c65,3716,' puzzle'
207261676564,3717,' raged'
20617564,3718,' aud'
2070696c,3719,' pil'
2062656174696e67,3720,' beating'
697a7a,3721,'izz'
20706c6f74,3722,' plot'
2073756363657373,3723,' success'
206c756e6368,3724,' lunch'
2079656c6c6f77,3725,' yellow'
756e63686564,3726,'unched'
20636c7562,3727,' club'
20696e7370697265,3728,' inspire'
20736e6f77666c616b6573,3729,' snowflakes'
69726573,3730,'ires'
206d696e75746573,3731,' minutes'
207265666c656374696e67,3732,' reflecting'
206578706563746564,3733,' expected'
2068617070696572,3734,' happier'
20726f616d6564,3735,' roamed'
206163636570746564,3736,' accepted'
20617374726f6e617574,3737,' astronaut'
206e6f74696365,3738,' notice'
506c65617365,3739,'Please'
2072697070,3740,' ripp'
20626c656e64,3741,' blend'
20756e6465727761746572,3742,' underwater'
20627562626c65,3743,' bubble'
20626f786573,3744,' boxes'
2061636865,3745,' ache'
20626c6f73736f6d6564,3746,' blossomed'
20726973,3747,' ris'
206472657373,3748,' dress'
66697368,3749,'fish'
2073616e6463617374,3750,' sandcast'
2070757a7a6c6564,3751,' puzzled'
20776174657273,3752,' waters'
4a6f79,3753,'Joy'
206d656c6f6479,3754,' melody'
20736f63636572,3755,' soccer'
206775657373,3756,' guess'
206769616e7473,3757,' giants'
2077656176696e67,3758,' weaving'
7573746c696e67,3759,'ustling'
2074756e65,3760,' tune'
206c656773,3761,' legs'
207061696e74696e6773,3762,' paintings'
2066616d696c696573,3763,' families'
616e6f,3764,'ano'
20726976616c7279,3765,' rivalry'
61676c65,3766,'agle'
2067616c6178,3767,' galax'
6974756465,3768,'itude'
20626572,3769,' ber'
2073686f7274,3770,' short'
656e63696c,3771,'encil'
204f6e6365,3772,' Once'
656c64,3773,'eld'
2066726f7a65,3774,' froze'
20737461747565,3775,' statue'
416d69647374,3776,'Amidst'
6974696f6e,3777,'ition'
2074726f6c6c,3778,' troll'
2061636f726e,3779,' acorn'
207368656c746572,3780,' shelter'
206e6172726f77,3781,' narrow'
20626f6479,3782,' body'
20706f77657273,3783,' powers'
206f766572636f6d65,3784,' overcome'
53746179,3785,'Stay'
20646973636f766572696e67,3786,' discovering'
20796f756e676572,3787,' younger'
2067617264656e73,3788,' gardens'
206c696e6564,3789,' lined'
20616e6e6f756e636564,3790,' announced'
4368,3791,'Ch'
206d6f766573,3792,' moves'
206261636b70,3793,' backp'
20666f726d73,3794,' forms'
20636865636b,3795,' check'
204775,3796,' Gu'
20736166656c79,3797,' safely'
20666c69676874,3798,' flight'
20637261636b6564,3799,' cracked'
207772617070696e67,3800,' wrapping'
43616c6d,3801,'Calm'
20626f6e6473,3802,' bonds'
2072756c6573,3803,' rules'
206461726b6572,3804,' darker'
62696e,3805,'bin'
2063686174,3806,' chat'
2043616e,3807,' Can'
206173696465,3808,' aside'
63696f7573,3809,'cious'
206d65616e696e67,3810,' meaning'
6f6e6564,3811,'oned'
2074656c6c73,3812,' tells'
2067726970706564,3813,' gripped'
2070656e63696c,3814,' pencil'
20666f727468,3815,' forth'
656c6c79,3816,'elly'
2061756469656e6365,3817,' audience'
20636c6f616b,3818,' cloak'
206e65696768626f7273,3819,' neighbors'
756d7079,3820,'umpy'
2069726f6e79,3821,' irony'
73746570,3822,'step'
20636f6c6c6563746564,3823,' collected'
206d6964,3824,' mid'
20626565,3825,' bee'
20636162696e,3826,' cabin'
627574,3827,'but'
2067757374,3828,' gust'
2070616464,3829,' padd'
207377656c6c,3830,' swell'
20726163636f,3831,' racco'
746c6564,3832,'tled'
2050657268617073,3833,' Perhaps'
20726f6f66,3834,' roof'
20736561736f6e,3835,' season'
206368616e67696e67,3836,' changing'
207374727567676c65,3837,' struggle'
20706f70706564,3838,' popped'
656e646564,3839,'ended'
20706f737369626c65,3840,' possible'
206561676c65,3841,' eagle'
206d6f757468,3842,' mouth'
206d6f6e6579,3843,' money'
20776174657266616c6c,3844,' waterfall'
697a696e67,3845,'izing'
206469737472,3846,' distr'
20627573746c696e67,3847,' bustling'
7468646179,3848,'thday'
2070726574656e64696e67,3849,' pretending'
207361696c696e67,3850,' sailing'
206d656d626572,3851,' member'
4e6f74,3852,'Not'
20627269676874656e6564,3853,' brightened'
657365,3854,'ese'
20776574,3855,' wet'
4a6f7365,3856,'Jose'
2064726f70,3857,' drop'
756e6e79,3858,'unny'
2073746f6d616368,3859,' stomach'
2073616e6477,3860,' sandw'
20736361747465726564,3861,' scattered'
207069636b696e67,3862,' picking'
2070617373696f6e,3863,' passion'
2066757274686572,3864,' further'
72696e67,3865,'ring'
616e67657273,3866,'angers'
2066616d6f7573,3867,' famous'
206d656e,3868,' men'
20666c6f77696e67,3869,' flowing'
2062616773,3870,' bags'
20656e636f75726167,3871,' encourag'
20696d706f7274616e6365,3872,' importance'
496e737069726564,3873,'Inspired'
2048656c70,3874,' Help'
20746173746564,3875,' tasted'
2073686f756c64657273,3876,' shoulders'
20617267,3877,' arg'
4f6e6c79,3878,'Only'
20737061726b6c65,3879,' sparkle'
206e6f7365,3880,' nose'
20706564,3881,' ped'
2054686f756768,3882,' Though'
20647261676f6e73,3883,' dragons'
207761727269,3884,' warri'
20646f64,3885,' dod'
6f6c656e,3886,'olen'
20676c616465,3887,' glade'
486572,3888,'Her'
20737061726b6c6573,3889,' sparkles'
2073746f6c656e,3890,' stolen'
2074616c656e74,3891,' talent'
2046656172,3892,' Fear'
456d6d616e75656c,3893,'Emmanuel'
54696d6964,3894,'Timid'
696f75736c79,3895,'iously'
69646572,3896,'ider'
207363656e65,3897,' scene'
2073686f7773,3898,' shows'
2073637265616d6564,3899,' screamed'
2073717565,3900,' sque'
20636f6f6b6965,3901,' cookie'
617070696e67,3902,'apping'
547265,3903,'Tre'
2064697665,3904,' dive'
2063726177,3905,' craw'
20746f6e69676874,3906,' tonight'
2061726d,3907,' arm'
206b69746573,3908,' kites'
63686572,3909,'cher'
206578636974696e67,3910,' exciting'
53696c,3911,'Sil'
206b69636b6564,3912,' kicked'
20627562626c6573,3913,' bubbles'
69656e74,3914,'ient'
2064756c6c,3915,' dull'
206469736170706f696e,3916,' disappoin'
20766973696f6e,3917,' vision'
746f6d,3918,'tom'
204c65,3919,' Le'
20706f696e74,3920,' point'
20736372617463686564,3921,' scratched'
20626f74746f6d,3922,' bottom'
206269727468646179,3923,' birthday'
206f776e6572,3924,' owner'
2064657363,3925,' desc'
2062616b6564,3926,' baked'
20636865657365,3927,' cheese'
206361766573,3928,' caves'
20756e666f6c64,3929,' unfold'
2064726573736564,3930,' dressed'
207374727567676c696e67,3931,' struggling'
206c616e7465726e73,3932,' lanterns'
2066696775726573,3933,' figures'
20636f6d706574,3934,' compet'
206c6567656e64,3935,' legend'
206c79696e67,3936,' lying'
20676e,3937,' gn'
20646973617070656172,3938,' disappear'
207768616c65,3939,' whale'
206d61736b,3940,' mask'
207065616b,3941,' peak'
2074726970706564,3942,' tripped'
6c6c73,3943,'lls'
206669786564,3944,' fixed'
7261746564,3945,'rated'
616e676c6564,3946,'angled'
20736c697070696e67,3947,' slipping'
206772696e6e696e67,3948,' grinning'
61646573,3949,'ades'
2077616e646572696e67,3950,' wandering'
696c746564,3951,'ilted'
63686965,3952,'chie'
20626c61636b,3953,' black'
206576656e74,3954,' event'
6e65766572,3955,'never'
206b657973,3956,' keys'
2062726176656c79,3957,' bravely'
20626c6f636b696e67,3958,' blocking'
206578697374,3959,' exist'
6e696e6773,3960,'nings'
20746872656174,3961,' threat'
206669726577,3962,' firew'
2062726577,3963,' brew'
20736f726365,3964,' sorce'
6174686572696e67,3965,'athering'
2064656c6963696f7573,3966,' delicious'
20496e74726967756564,3967,' Intrigued'
206265696e6773,3968,' beings'
20636f6e666964656e74,3969,' confident'
20726f636b79,3970,' rocky'
2067726162,3971,' grab'
206261636b7061636b,3972,' backpack'
6f6f74,3973,'oot'
756d626c696e67,3974,'umbling'
20637261776c6564,3975,' crawled'
207374727567676c6573,3976,' struggles'
427261,3977,'Bra'
4d61726961,3978,'Maria'
206d6f6e6b6579,3979,' monkey'
206a656c6c79,3980,' jelly'
6f6e6675736564,3981,'onfused'
6963696e67,3982,'icing'
617379,3983,'asy'
20726163636f6f6e,3984,' raccoon'
2075726765,3985,' urge'
20766973696f6e73,3986,' visions'
616d62,3987,'amb'
20627269,3988,' bri'
204775617264,3989,' Guard'
2077616c6b73,3990,' walks'
2066697265666c696573,3991,' fireflies'
206f757473,3992,' outs'
206c6175676873,3993,' laughs'
7374657073,3994,'steps'
5472,3995,'Tr'
2074616c6c6572,3996,' taller'
20756e6c696b65,3997,' unlike'
2074616c6c657374,3998,' tallest'
207377756e67,3999,' swung'
68696e65,4000,'hine'
2061736b73,4001,' asks'
65656b73,4002,'eeks'
6c6565,4003,'lee'
2072657370656374,4004,' respect'
20736c6564,4005,' sled'
206b6973,4006,' kis'
20727573746c696e67,4007,' rustling'
2070617469656e6365,4008,' patience'
2061646d6974746564,4009,' admitted'
2067617465,4010,' gate'
6962696c6974696573,4011,'ibilities'
207370656564,4012,' speed'
206d65616c,4013,' meal'
206475636b,4014,' duck'
697474696e67,4015,'itting'
2073746f726d79,4016,' stormy'
206661696e74,4017,' faint'
20666f726d696e67,4018,' forming'
68616e74,4019,'hant'
206c6f74,4020,' lot'
20696d7072657373,4021,' impress'
20736b617465,4022,' skate'
2073756e7368696e65,4023,' sunshine'
207363617266,4024,' scarf'
2062657272696573,4025,' berries'
2062616e,4026,' ban'
61706564,4027,'aped'
20676c696d6d6572,4028,' glimmer'
207761736e,4029,' wasn'
2070726f626c656d73,4030,' problems'
20656c646572,4031,' elder'
205477,4032,' Tw'
2072616262697473,4033,' rabbits'
696c69656e6365,4034,'ilience'
2067726565746564,4035,' greeted'
206265616d,4036,' beam'
2064696e6e6572,4037,' dinner'
20646573657274,4038,' desert'
676e,4039,'gn'
746f697365,4040,'toise'
636573,4041,'ces'
2072657374696e67,4042,' resting'
207368727567676564,4043,' shrugged'
20626c6f6f6d73,4044,' blooms'
2070756c736564,4045,' pulsed'
206c6965,4046,' lie'
48657265,4047,'Here'
496e7374656164,4048,'Instead'
2072756c6564,4049,' ruled'
5765656b73,4050,'Weeks'
2062727573686564,4051,' brushed'
20626c6f77,4052,' blow'
6f6666,4053,'off'
2070726563696f7573,4054,' precious'
2073686f636b,4055,' shock'
2048657265,4056,' Here'
63657374,4057,'cest'
20556e646572,4058,' Under'
20737472696e67,4059,' string'
4d7973746572,4060,'Myster'
204279,4061,' By'
2064697265,4062,' dire'
486f7765766572,4063,'However'
2077696e64696e67,4064,' winding'
20747269636b79,4065,' tricky'
20646574,4066,' det'
20656e67,4067,' eng'
20686172,4068,' har'
206c6f676963,4069,' logic'
206865616473,4070,' heads'
206a6172,4071,' jar'
20746572,4072,' ter'
2066726167,4073,' frag'
756d696e,4074,'umin'
20706565726564,4075,' peered'
20746f72746f697365,4076,' tortoise'
2068616e67,4077,' hang'
73686970,4078,'ship'
6e657273,4079,'ners'
7a656e,4080,'zen'
207461736b,4081,' task'
20636f75,4082,' cou'
7365656e,4083,'seen'
2055,4084,' U'
57616974,4085,'Wait'
20746872656164,4086,' thread'
2062617265,4087,' bare'
6f73656e,4088,'osen'
207475636b6564,4089,' tucked'
2068616c6c73,4090,' halls'
437572696f75736c79,4091,'Curiously'
2062616b6572,4092,' baker'
20706c65,4093,' ple'
20666c616d6573,4094,' flames'
2070756d70,4095,' pump'
6172746564,4096,'arted'
62616e6b,4097,'bank'
2063616d70,4098,' camp'
20666c75747465726564,4099,' fluttered'
207072696365,4100,' price'
6c696572,4101,'lier'
726f6e6963616c6c79,4102,'ronically'
20746872,4103,' thr'
2072757368696e67,4104,' rushing'
206461726564,4105,' dared'
20706177,4106,' paw'
6f75736573,4107,'ouses'
2072617265,4108,' rare'
656c657363,4109,'elesc'
207361646c79,4110,' sadly'
20626c696e6b,4111,' blink'
70696e67,4112,'ping'
2050616e6963,4113,' Panic'
207761726d6564,4114,' warmed'
2074656d,4115,' tem'
20746f776e7370,4116,' townsp'
204f74686572,4117,' Other'
20627574746f6e73,4118,' buttons'
20746f776e7370656f706c65,4119,' townspeople'
2066726f7a656e,4120,' frozen'
2063686f73656e,4121,' chosen'
20636869636b,4122,' chick'
206f7264696e617279,4123,' ordinary'
656e746c65,4124,'entle'
2042656c,4125,' Bel'
207472616e73666f726d,4126,' transform'
206a6577656c,4127,' jewel'
2063617264,4128,' card'
204665656c696e67,4129,' Feeling'
206861726d6f6e79,4130,' harmony'
20756e65617379,4131,' uneasy'
656c6573636f7065,4132,'elescope'
2066726f776e,4133,' frown'
20706f73736962696c6974696573,4134,' possibilities'
61646564,4135,'aded'
20726f756768,4136,' rough'
616c6c6f77,4137,'allow'
2073746f6c65,4138,' stole'
20736c79,4139,' sly'
207377656c6c6564,4140,' swelled'
2065787072657373,4141,' express'
20447265616d73,4142,' Dreams'
206b6565706572,4143,' keeper'
20746f77657273,4144,' towers'
20726561646572,4145,' reader'
4a6f696e,4146,'Join'
206a6f6b6564,4147,' joked'
20726573706f6e7369626c65,4148,' responsible'
2074656172,4149,' tear'
20426c,4150,' Bl'
61727368,4151,'arsh'
2073656e64696e67,4152,' sending'
207370726f7574,4153,' sprout'
206d61746368,4154,' match'
2073746972726564,4155,' stirred'
20636f6e7175,4156,' conqu'
47656e746c65,4157,'Gentle'
207368696d6d6572,4158,' shimmer'
486f6c64,4159,'Hold'
5472757374,4160,'Trust'
746865,4161,'the'
2073756464656e,4162,' sudden'
616e64696e67,4163,'anding'
2074656c6573636f7065,4164,' telescope'
20616374696f6e73,4165,' actions'
436c6f756473,4166,'Clouds'
20746872696c6c6564,4167,' thrilled'
616c6564,4168,'aled'
666c6f77657273,4169,'flowers'
20656e656d79,4170,' enemy'
20466f6c6c6f77,4171,' Follow'
2073717565616b6564,4172,' squeaked'
20626f77,4173,' bow'
696e74,4174,'int'
207370696c6c6564,4175,' spilled'
206f70656e73,4176,' opens'
2067617a696e67,4177,' gazing'
20636865656b73,4178,' cheeks'
61746974756465,4179,'atitude'
7065726174696f6e,4180,'peration'
20696e74726967756564,4181,' intrigued'
20636f6d706c6574,4182,' complet'
546f646179,4183,'Today'
20706164646c6564,4184,' paddled'
20636f6e666964656e6365,4185,' confidence'
6f726b73,4186,'orks'
68657374,4187,'hest'
2067617a65,4188,' gaze'
75727072,4189,'urpr'
206c616d70,4190,' lamp'
20636c65616e696e67,4191,' cleaning'
206e65696768626f72686f6f64,4192,' neighborhood'
20666f7265737473,4193,' forests'
20677261746974756465,4194,' gratitude'
61736b73,4195,'asks'
207261696e626f7773,4196,' rainbows'
62626c6564,4197,'bbled'
6963616c,4198,'ical'
656368,4199,'ech'
2062757264656e,4200,' burden'
207265666c6563746564,4201,' reflected'
20756e7365656e,4202,' unseen'
20626f617264,4203,' board'
696374,4204,'ict'
20736e61696c,4205,' snail'
2073616c,4206,' sal'
576f756c64,4207,'Would'
206875727279,4208,' hurry'
2068657273,4209,' hers'
20666f6f747374657073,4210,' footsteps'
54616b696e67,4211,'Taking'
6f6e69676874,4212,'onight'
61697273,4213,'airs'
20636861726163,4214,' charac'
20627269676874657374,4215,' brightest'
207472757374696e67,4216,' trusting'
206561726c79,4217,' early'
207768697374,4218,' whist'
627572696564,4219,'buried'
20636f6e74696e7565,4220,' continue'
20676c696d6d6572696e67,4221,' glimmering'
20737465616c696e67,4222,' stealing'
20646563696465,4223,' decide'
697073,4224,'ips'
2073616e64636173746c65,4225,' sandcastle'
20726976657262616e6b,4226,' riverbank'
2067726561746572,4227,' greater'
20626f7973,4228,' boys'
206d656c746564,4229,' melted'
20726573696c69656e6365,4230,' resilience'
20736f75726365,4231,' source'
2070756d706b,4232,' pumpk'
20627562626c6564,4233,' bubbled'
6f6f706564,4234,'ooped'
696e646e657373,4235,'indness'
206261726b6564,4236,' barked'
696c6472656e,4237,'ildren'
656361757365,4238,'ecause'
20686f75736573,4239,' houses'
20636f6e667573696f6e,4240,' confusion'
53686f756c64,4241,'Should'
20726f6c6c696e67,4242,' rolling'
556e65,4243,'Une'
20667265,4244,' fre'
20747769726c696e67,4245,' twirling'
206772756d7079,4246,' grumpy'
20736861646f7779,4247,' shadowy'
20656e76656c,4248,' envel'
6572657374,4249,'erest'
206472756d,4250,' drum'
20736561736865,4251,' seashe'
2073696e6b,4252,' sink'
6e6f,4253,'no'
20737570706c696573,4254,' supplies'
20636172726f74,4255,' carrot'
20636c6561726564,4256,' cleared'
2077617272696f72,4257,' warrior'
207374616e6473,4258,' stands'
2072656275,4259,' rebu'
2077726170,4260,' wrap'
2053686f756c64,4261,' Should'
55706f6e,4262,'Upon'
77656564,4263,'weed'
2068656c7073,4264,' helps'
20706f6f6c,4265,' pool'
2072696e67696e67,4266,' ringing'
206461726b656e6564,4267,' darkened'
207370696e,4268,' spin'
447572696e67,4269,'During'
20647279,4270,' dry'
20736f6c766564,4271,' solved'
726f6e74,4272,'ront'
2073656177656564,4273,' seaweed'
2066726f6773,4274,' frogs'
526578,4275,'Rex'
2063616c,4276,' cal'
697a7a61,4277,'izza'
556e6578706563746564,4278,'Unexpected'
6f736175727573,4279,'osaurus'
20727573746c6564,4280,' rustled'
207265706c79,4281,' reply'
2070726574656e646564,4282,' pretended'
207265616c6d,4283,' realm'
20736f6c64,4284,' sold'
206672757374,4285,' frust'
656d656d62,4286,'ememb'
207275696e,4287,' ruin'
757473,4288,'uts'
206f70656e696e67,4289,' opening'
20726f79616c,4290,' royal'
20696e737069726174696f6e,4291,' inspiration'
65616c6f7573,4292,'ealous'
20746167,4293,' tag'
206a7564,4294,' jud'
2072656566,4295,' reef'
2073686f7574696e67,4296,' shouting'
206c69676874686f757365,4297,' lighthouse'
20666f726365,4298,' force'
6177617265,4299,'aware'
6f756e63696e67,4300,'ouncing'
207265636970,4301,' recip'
204a6f79,4302,' Joy'
69616e73,4303,'ians'
20737072696e6b,4304,' sprink'
656d656d626572696e67,4305,'emembering'
61726566756c6c79,4306,'arefully'
75726e696e67,4307,'urning'
20657870656374,4308,' expect'
20756e6177617265,4309,' unaware'
20736d616c6c6572,4310,' smaller'
20746170,4311,' tap'
756e6e696e67,4312,'unning'
20616e7473,4313,' ants'
206576,4314,' ev'
206375727365,4315,' curse'
2073656c6c,4316,' sell'
6973696f6e,4317,'ision'
206769726c73,4318,' girls'
2066697265776f726b73,4319,' fireworks'
20656d62,4320,' emb'
20616e63657374,4321,' ancest'
2073696e676c65,4322,' single'
207069616e6f,4323,' piano'
20636c61696d6564,4324,' claimed'
6b657273,4325,'kers'
20676c6173736573,4326,' glasses'
20547265,4327,' Tre'
20646972656374696f6e,4328,' direction'
206c6172676572,4329,' larger'
20706f656d,4330,' poem'
78636974,4331,'xcit'
78636974656d656e74,4332,'xcitement'
2070757265,4333,' pure'
2073697a65,4334,' size'
2068756d6d6564,4335,' hummed'
2076616c7565,4336,' value'
206b6964,4337,' kid'
20616e696d616c,4338,' animal'
2077696e646f7773,4339,' windows'
20616476696365,4340,' advice'
20666c6f75726973686564,4341,' flourished'
20656d6f74,4342,' emot'
20747269636b6564,4343,' tricked'
207377696674,4344,' swift'
2067616c617879,4345,' galaxy'
20636173746c6573,4346,' castles'
2073747261,4347,' stra'
2062656570,4348,' beep'
2063616e646c65,4349,' candle'
20727573746c65,4350,' rustle'
757368726f6f6d,4351,'ushroom'
20636f6c6c656374696e67,4352,' collecting'
20636c617373726f6f6d,4353,' classroom'
5374617273,4354,'Stars'
20766f6964,4355,' void'
20636f726e657273,4356,' corners'
616c7468,4357,'alth'
2042656c6f77,4358,' Below'
20446179,4359,' Day'
20746561,4360,' tea'
20636c65616e6564,4361,' cleaned'
4f766572,4362,'Over'
2073686f76656c,4363,' shovel'
2070726f76696e67,4364,' proving'
4b656570,4365,'Keep'
20706561636566756c,4366,' peaceful'
20626c7572,4367,' blur'
20616e636573746f7273,4368,' ancestors'
2054686f7365,4369,' Those'
20676c616e636564,4370,' glanced'
556e65787065637465646c79,4371,'Unexpectedly'
206d69646e69676874,4372,' midnight'
2074726565686f757365,4373,' treehouse'
2048656c70696e67,4374,' Helping'
20636f756e74,4375,' count'
2070616c,4376,' pal'
20436f6e6675736564,4377,' Confused'
6c696e65,4378,'line'
20677561726473,4379,' guards'
2066697368696e67,4380,' fishing'
757074,4381,'upt'
2070726f6d69736573,4382,' promises'
20676f6573,4383,' goes'
20616363,4384,' acc'
207468616e6b73,4385,' thanks'
20707261,4386,' pra'
20636172766564,4387,' carved'
506c,4388,'Pl'
20636c6173736d61746573,4389,' classmates'
206261,4390,' ba'
74656c6c,4391,'tell'
2067656e65726f73697479,4392,' generosity'
617a696e67,4393,'azing'
20636f6e66726f6e74,4394,' confront'
7573686573,4395,'ushes'
626c,4396,'bl'
206a65616c6f7573,4397,' jealous'
6f7474,4398,'ott'
20706179,4399,' pay'
20617267756564,4400,' argued'
20667265656c79,4401,' freely'
206e6f6e65,4402,' none'
2070697a7a61,4403,' pizza'
2049726f6e6963616c6c79,4404,' Ironically'
5377,4405,'Sw'
207765616c7468,4406,' wealth'
416e6e65,4407,'Anne'
726963,4408,'ric'
20636f6d70616e79,4409,' company'
207465727269,4410,' terri'
2054616b696e67,4411,' Taking'
207369636b,4412,' sick'
46696e64,4413,'Find'
20676967676c6573,4414,' giggles'
756d6d79,4415,'ummy'
2066616374,4416,' fact'
20636f7474,4417,' cott'
697473,4418,'its'
6f746564,4419,'oted'
207377696e6773,4420,' swings'
206c6f63,4421,' loc'
2067756974,4422,' guit'
2070616e,4423,' pan'
696e746564,4424,'inted'
207368616465,4425,' shade'
69727374,4426,'irst'
206a6f696e696e67,4427,' joining'
204578636974656d656e74,4428,' Excitement'
596574,4429,'Yet'
2062696379,4430,' bicy'
2073656e736564,4431,' sensed'
2073747265616d73,4432,' streams'
656d62657273,4433,'embers'
476c,4434,'Gl'
20736861646573,4435,' shades'
20696e636c,4436,' incl'
20736f7570,4437,' soup'
2077656174686572,4438,' weather'
6d6f73,4439,'mos'
20656174696e67,4440,' eating'
207061696e746572,4441,' painter'
486f757273,4442,'Hours'
2064696d6d6564,4443,' dimmed'
2073757270726973696e67,4444,' surprising'
20627579,4445,' buy'
20677569746172,4446,' guitar'
205465617273,4447,' Tears'
20626567696e73,4448,' begins'
206d757368726f6f6d,4449,' mushroom'
6964656e74,4450,'ident'
205374617273,4451,' Stars'
20636f6d62,4452,' comb'
206865616c696e67,4453,' healing'
20617070656172,4454,' appear'
20736861747465726564,4455,' shattered'
5265616c6c79,4456,'Really'
20737461727473,4457,' starts'
636564,4458,'ced'
205768657265,4459,' Where'
726164,4460,'rad'
204368696c6472656e,4461,' Children'
6d627265,4462,'mbre'
206861726473686970,4463,' hardship'
2053696c,4464,' Sil'
204f757473696465,4465,' Outside'
2062757a7a696e67,4466,' buzzing'
2070657263686564,4467,' perched'
2063616c6d6564,4468,' calmed'
204461726b,4469,' Dark'
2068617276657374,4470,' harvest'
2064616e67657273,4471,' dangers'
20656d62726163696e67,4472,' embracing'
757a7a,4473,'uzz'
6f736564,4474,'osed'
2077696c646c79,4475,' wildly'
2077686973746c65,4476,' whistle'
20737461727279,4477,' starry'
207365656d73,4478,' seems'
206b6e65,4479,' kne'
2074656e,4480,' ten'
206f7574736d,4481,' outsm'
20736e6f7762616c6c73,4482,' snowballs'
69616c6c79,4483,'ially'
6d6272656c6c,4484,'mbrell'
206c696768746e696e67,4485,' lightning'
2062656c696566,4486,' belief'
20676c6f72,4487,' glor'
20757073,4488,' ups'
20746f6f6c,4489,' tool'
20696e746572,4490,' inter'
206f6e6573656c66,4491,' oneself'
5065746572,4492,'Peter'
6f617264,4493,'oard'
74696d65,4494,'time'
2066656e6365,4495,' fence'
20746170657374,4496,' tapest'
697070,4497,'ipp'
20666973686572,4498,' fisher'
626f7665,4499,'bove'
20736c696465,4500,' slide'
206d65737379,4501,' messy'
20707564646c65,4502,' puddle'
2061626f617264,4503,' aboard'
206d656d62657273,4504,' members'
20666f6f6c697368,4505,' foolish'
54696d69646c79,4506,'Timidly'
2061646d697265,4507,' admire'
697368696e67,4508,'ishing'
20737072697465,4509,' sprite'
2064697363,4510,' disc'
7465726d,4511,'term'
20666c6970706564,4512,' flipped'
4f70,4513,'Op'
72656469626c65,4514,'redible'
20686561646564,4515,' headed'
7374657273,4516,'sters'
2062726561746865,4517,' breathe'
48617070696c79,4518,'Happily'
2062696379636c65,4519,' bicycle'
206469737472616374,4520,' distract'
206a6f75726e657973,4521,' journeys'
2073706f6f6e,4522,' spoon'
20636c61696d,4523,' claim'
2073757276,4524,' surv'
207472617368,4525,' trash'
207369626c696e67,4526,' sibling'
2063617574,4527,' caut'
206c6162,4528,' lab'
657068616e74,4529,'ephant'
656369616c6c79,4530,'ecially'
20636f6e6e656374696e67,4531,' connecting'
2061736c656570,4532,' asleep'
20656c657068616e74,4533,' elephant'
20736d616c6c657374,4534,' smallest'
20736e696666,4535,' sniff'
20666c7574746572,4536,' flutter'
657370656369616c6c79,4537,'especially'
20696d6167696e65,4538,' imagine'
20676c6f7279,4539,' glory'
697374656e696e67,4540,'istening'
20476c,4541,' Gl'
2061727269,4542,' arri'
2070686f6e65,4543,' phone'
20737461,4544,' sta'
20666c757465,4545,' flute'
20657370656369616c6c79,4546,' especially'
207368616b79,4547,' shaky'
41726f756e64,4548,'Around'
20536b79,4549,' Sky'
617074,4550,'apt'
2067726f776c6564,4551,' growled'
20636f757274,4552,' court'
6f726473,4553,'ords'
207374726f,4554,' stro'
206d6173746572,4555,' master'
2070696c6c,4556,' pill'
2066726167696c65,4557,' fragile'
20666f637573,4558,' focus'
204d6f6f6e,4559,' Moon'
20696c6c756d696e,4560,' illumin'
7768,4561,'wh'
206e7572,4562,' nur'
20636f756e746564,4563,' counted'
206c757368,4564,' lush'
2063757063,4565,' cupc'
20636869636b656e,4566,' chicken'
20426972,4567,' Bir'
20706f74696f6e,4568,' potion'
20626f756e63696e67,4569,' bouncing'
207374726f6e67657374,4570,' strongest'
42656361757365,4571,'Because'
20686f6c6c6f77,4572,' hollow'
206c6f766573,4573,' loves'
20436f6c6f7273,4574,' Colors'
205374696c6c,4575,' Still'
206d617474657273,4576,' matters'
206a75,4577,' ju'
20646f6c6c,4578,' doll'
20736c6970,4579,' slip'
206e6f7768657265,4580,' nowhere'
20676172,4581,' gar'
416c6f6e67,4582,'Along'
204c696665,4583,' Life'
20776167676564,4584,' wagged'
20696e746572657374,4585,' interest'
20756d6272656c6c,4586,' umbrell'
20616464696e67,4587,' adding'
2073636f7265,4588,' score'
207768657265766572,4589,' wherever'
20646566,4590,' def'
20776f756e64,4591,' wound'
62656174,4592,'beat'
20636865726973686564,4593,' cherished'
626564,4594,'bed'
206372616674,4595,' craft'
7374616c,4596,'stal'
617272,4597,'arr'
6f77696e67,4598,'owing'
206361746368696e67,4599,' catching'
206974656d73,4600,' items'
4c65,4601,'Le'
75726573,4602,'ures'
616e646564,4603,'anded'
20636c75746368696e67,4604,' clutching'
20476f6c64,4605,' Gold'
4272696768746c79,4606,'Brightly'
207368697073,4607,' ships'
2076697369626c65,4608,' visible'
6f736573,4609,'oses'
76656e7475616c6c79,4610,'ventually'
697661746564,4611,'ivated'
20627261766572,4612,' braver'
2068756d616e,4613,' human'
207363656e7473,4614,' scents'
4d616e79,4615,'Many'
69736f6e,4616,'ison'
2063617273,4617,' cars'
726f7073,4618,'rops'
20616e7469,4619,' anti'
20726577617264,4620,' reward'
20627567,4621,' bug'
2073746f727974656c6c,4622,' storytell'
616368696e67,4623,'aching'
2070657268617073,4624,' perhaps'
20446f,4625,' Do'
20637261636b6c6564,4626,' crackled'
20636f6e6e656374696f6e73,4627,' connections'
20736869656c64,4628,' shield'
20636f6666,4629,' coff'
2073697473,4630,' sits'
2070757a7a6c6573,4631,' puzzles'
20416c6f6e67,4632,' Along'
2074616e676c6564,4633,' tangled'
20737765,4634,' swe'
20626f756e636564,4635,' bounced'
796d,4636,'ym'
20636f66666565,4637,' coffee'
20796f757273,4638,' yours'
20736d656c6c73,4639,' smells'
4c6f7665,4640,'Love'
206465636f7261746564,4641,' decorated'
20667269676874,4642,' fright'
2072656d656d62657273,4643,' remembers'
2068657272696e67,4644,' herring'
616c6b696e67,4645,'alking'
736f6c,4646,'sol'
20506c,4647,' Pl'
63656564,4648,'ceed'
6965766564,4649,'ieved'
2074726f75626c6573,4650,' troubles'
206c756e67,4651,' lung'
20626974746572,4652,' bitter'
6f6f70,4653,'oop'
20736574746c6564,4654,' settled'
20706f7572696e67,4655,' pouring'
20706c65617365,4656,' please'
20776865656c73,4657,' wheels'
20636f6e71756572,4658,' conquer'
72616e6765,4659,'range'
207461706573747279,4660,' tapestry'
20636f6f7065726174696f6e,4661,' cooperation'
20686172646c79,4662,' hardly'
20737461697273,4663,' stairs'
6262696e67,4664,'bbing'
2073747269,4665,' stri'
206372617368696e67,4666,' crashing'
2064656369646573,4667,' decides'
20707564646c6573,4668,' puddles'
64696e67,4669,'ding'
2073636865,4670,' sche'
207468616e6b66756c,4671,' thankful'
7068,4672,'ph'
2072656d61696e,4673,' remain'
20706562626c65,4674,' pebble'
2073756363656564,4675,' succeed'
2064616d70,4676,' damp'
4d61676963,4677,'Magic'
2073686f756c646572,4678,' shoulder'
2073656e73696e67,4679,' sensing'
20626567756e,4680,' begun'
20706c6f74746564,4681,' plotted'
20736176696e67,4682,' saving'
206d6f7373,4683,' moss'
20747261636b,4684,' track'
2073776f6f706564,4685,' swooped'
206576696c,4686,' evil'
2070686f746f,4687,' photo'
2068616e67696e67,4688,' hanging'
63657074,4689,'cept'
204c6f6e67,4690,' Long'
20646f6c7068696e73,4691,' dolphins'
41626f7665,4692,'Above'
6272757368,4693,'brush'
206368616d62,4694,' chamb'
4c756973,4695,'Luis'
657468,4696,'eth'
20676c69646564,4697,' glided'
2062656573,4698,' bees'
20647265616d6572,4699,' dreamer'
206163686965,4700,' achie'
2073686f757473,4701,' shouts'
2062726f7468657273,4702,' brothers'
20746561736564,4703,' teased'
2067726970,4704,' grip'
2072656c6965766564,4705,' relieved'
75676172,4706,'ugar'
61626c6573,4707,'ables'
207461737479,4708,' tasty'
2062616b696e67,4709,' baking'
62626c6573,4710,'bbles'
20736b6970706564,4711,' skipped'
20626567696e6e696e6773,4712,' beginnings'
53746f70,4713,'Stop'
207665676574,4714,' veget'
207465657468,4715,' teeth'
20626174746c6573,4716,' battles'
207061746368,4717,' patch'
2077616b65,4718,' wake'
6d656e,4719,'men'
20676c6f,4720,' glo'
437572696f73697479,4721,'Curiosity'
2067686f73746c79,4722,' ghostly'
2062616279,4723,' baby'
2070616c616365,4724,' palace'
20796573,4725,' yes'
656d6f6e,4726,'emon'
2067726173,4727,' gras'
206372696573,4728,' cries'
6369656e6365,4729,'cience'
2061776f6b65,4730,' awoke'
204b6565706572,4731,' Keeper'
656c657373,4732,'eless'
7768696c65,4733,'while'
2072756e73,4734,' runs'
2061666172,4735,' afar'
6166,4736,'af'
205472656573,4737,' Trees'
696c74696e67,4738,'ilting'
206d6f6e7374657273,4739,' monsters'
206368616d626572,4740,' chamber'
20686561727462656174,4741,' heartbeat'
20636c69636b,4742,' click'
656e6473,4743,'ends'
6772,4744,'gr'
2073686f65,4745,' shoe'
20706572666563746c79,4746,' perfectly'
2070616972,4747,' pair'
20626c696e64,4748,' blind'
43616c6d6c79,4749,'Calmly'
207361696c73,4750,' sails'
20676172616765,4751,' garage'
6c61696d,4752,'laim'
696e6765,4753,'inge'
207468726f6e65,4754,' throne'
206c75636b79,4755,' lucky'
6c6f776572,4756,'lower'
204b696e67,4757,' King'
4576656e7475616c6c79,4758,'Eventually'
20666978696e67,4759,' fixing'
20636f7374756d,4760,' costum'
20737572676564,4761,' surged'
206465737472,4762,' destr'
20616476,4763,' adv'
416272,4764,'Abr'
2073706c6974,4765,' split'
206675656c,4766,' fuel'
206e6f69736573,4767,' noises'
2073697374657273,4768,' sisters'
6573736564,4769,'essed'
20466f6c6c6f77696e67,4770,' Following'
7a6564,4771,'zed'
206772616e646d61,4772,' grandma'
20736f6d657768657265,4773,' somewhere'
206170706c61,4774,' appla'
2064656365,4775,' dece'
656e636573,4776,'ences'
206c6976656c79,4777,' lively'
2070726570617265,4778,' prepare'
2068656176696572,4779,' heavier'
20676c6974746572696e67,4780,' glittering'
2061726561,4781,' area'
456172,4782,'Ear'
72656369,4783,'reci'
20636f6c646572,4784,' colder'
2061637473,4785,' acts'
20636f6d7065746974696f6e,4786,' competition'
75696e67,4787,'uing'
696e6365,4788,'ince'
207061696e746272757368,4789,' paintbrush'
7570746c79,4790,'uptly'
20736b617465626f617264,4791,' skateboard'
6f706573,4792,'opes'
206465666561746564,4793,' defeated'
20726f7065,4794,' rope'
207269736b,4795,' risk'
726f7473,4796,'rots'
20726573746564,4797,' rested'
206a6f7966756c6c79,4798,' joyfully'
20626c6f636b6564,4799,' blocked'
20617368,4800,' ash'
20756d6272656c6c61,4801,' umbrella'
20626f756e64,4802,' bound'
4d7973746572696f7573,4803,'Mysterious'
206c75726b696e67,4804,' lurking'
2063616e646c6573,4805,' candles'
206162616e64,4806,' aband'
207469636b696e67,4807,' ticking'
2052656d656d626572696e67,4808,' Remembering'
4162727570746c79,4809,'Abruptly'
207468696e,4810,' thin'
2073636f726564,4811,' scored'
2063617065,4812,' cape'
206e757473,4813,' nuts'
2061707072656369,4814,' appreci'
206368616e676573,4815,' changes'
2068696768657374,4816,' highest'
20726573706f6e64,4817,' respond'
20636f616368,4818,' coach'
2074696c746564,4819,' tilted'
726f70,4820,'rop'
206d61726b696e6773,4821,' markings'
207375676172,4822,' sugar'
2070686f746f73,4823,' photos'
2072657475726e696e67,4824,' returning'
65726965,4825,'erie'
207261696e64,4826,' raind'
205468616e6b,4827,' Thank'
2062656e74,4828,' bent'
20766567657461626c6573,4829,' vegetables'
6e73,4830,'ns'
2048617070,4831,' Happ'
207570736574,4832,' upset'
206368696c6c79,4833,' chilly'
20746f756368696e67,4834,' touching'
2058,4835,' X'
6163656c,4836,'acel'
2072756d626c65,4837,' rumble'
20696e636c7564,4838,' includ'
2064657370697465,4839,' despite'
697264,4840,'ird'
6974616c,4841,'ital'
2062726163656c,4842,' bracel'
20637572736564,4843,' cursed'
20736f756e646564,4844,' sounded'
6e616c,4845,'nal'
2072696262,4846,' ribb'
2070726169736564,4847,' praised'
61746368,4848,'atch'
45766572796f6e65,4849,'Everyone'
7564646c6564,4850,'uddled'
20636f73,4851,' cos'
2073746174696f6e,4852,' station'
2072756c65,4853,' rule'
20776970,4854,' wip'
2063687572,4855,' chur'
207374617274696e67,4856,' starting'
6476656e74757265,4857,'dventure'
2070756d706b696e,4858,' pumpkin'
2064656164,4859,' dead'
20636f6e736369656e6365,4860,' conscience'
20686f7070696e67,4861,' hopping'
205472,4862,' Tr'
20706f70,4863,' pop'
5265616c,4864,'Real'
2063616d,4865,' cam'
20676c616e636573,4866,' glances'
20736e65616b79,4867,' sneaky'
207265616c697a6573,4868,' realizes'
6f776572,4869,'ower'
65616e7768696c65,4870,'eanwhile'
20626c6f73736f6d,4871,' blossom'
206b6e6f636b,4872,' knock'
20776562,4873,' web'
20627269676874656e696e67,4874,' brightening'
616e746c79,4875,'antly'
207477696e6765,4876,' twinge'
20696e6e6f,4877,' inno'
6172697479,4878,'arity'
20636172726f7473,4879,' carrots'
20656e636f75726167696e67,4880,' encouraging'
20696e7669736962696c697479,4881,' invisibility'
20656e76656c6f70,4882,' envelop'
4c6f6e67,4883,'Long'
207374616c6c,4884,' stall'
20626f617473,4885,' boats'
6963686573,4886,'iches'
7265636b,4887,'reck'
2062756e6e79,4888,' bunny'
20446164,4889,' Dad'
726572,4890,'rer'
2072656275696c64,4891,' rebuild'
20636c6f616b6564,4892,' cloaked'
2062616c6c73,4893,' balls'
20656d62617272,4894,' embarr'
207768656e65766572,4895,' whenever'
20736c656570696e67,4896,' sleeping'
20747261696e6564,4897,' trained'
20546f6e69676874,4898,' Tonight'
204d6f6d,4899,' Mom'
486f7065,4900,'Hope'
2064616e636572,4901,' dancer'
20646973637573,4902,' discus'
207265636f,4903,' reco'
2066616b65,4904,' fake'
2074776967,4905,' twig'
79636c65,4906,'ycle'
207265616c697a65,4907,' realize'
2067656e6965,4908,' genie'
2061626c65,4909,' able'
206d6967687479,4910,' mighty'
686963,4911,'hic'
206e616d6573,4912,' names'
207761726d6c79,4913,' warmly'
206465636973696f6e,4914,' decision'
20627265617468696e67,4915,' breathing'
20646f65736e,4916,' doesn'
20636974696573,4917,' cities'
20736368656d,4918,' schem'
2064616e636573,4919,' dances'
2073616e6479,4920,' sandy'
206f66666572696e67,4921,' offering'
20726563697065,4922,' recipe'
20686f6f746564,4923,' hooted'
2044757374,4924,' Dust'
2066696c6c73,4925,' fills'
206261636b77617264,4926,' backward'
207370656c6c73,4927,' spells'
5468696e6b696e67,4928,'Thinking'
204c616e64,4929,' Land'
20437279,4930,' Cry'
20646566656174,4931,' defeat'
7465,4932,'te'
20636f766572696e67,4933,' covering'
206275726e6564,4934,' burned'
2063726f7073,4935,' crops'
7a6573,4936,'zes'
616e74696e67,4937,'anting'
20656173696c79,4938,' easily'
207665686963,4939,' vehic'
4a6f7966756c6c79,4940,'Joyfully'
205261696e,4941,' Rain'
75646479,4942,'uddy'
7475726564,4943,'tured'
20636c757463686564,4944,' clutched'
20736d6972,4945,' smir'
206578706c61696e,4946,' explain'
20746970,4947,' tip'
696e67726564,4948,'ingred'
20696e67726564,4949,' ingred'
206761696e,4950,' gain'
2074696465,4951,' tide'
2046697368,4952,' Fish'
20646573637269,4953,' descri'
2073706f7473,4954,' spots'
746d656e74,4955,'tment'
20636f6f6b696e67,4956,' cooking'
20706574616c,4957,' petal'
656e646572,4958,'ender'
20736b65746368,4959,' sketch'
206461726573,4960,' dares'
2063617573696e67,4961,' causing'
20666c616d65,4962,' flame'
206170706c61757365,4963,' applause'
20686f727365,4964,' horse'
207368656c766573,4965,' shelves'
20436f6d65,4966,' Come'
207374696c6c6e657373,4967,' stillness'
4361726566756c6c79,4968,'Carefully'
466c,4969,'Fl'
20736967687473,4970,' sights'
2065676773,4971,' eggs'
6e65617468,4972,'neath'
20636c6172697479,4973,' clarity'
20747275746873,4974,' truths'
2073616e64776963686573,4975,' sandwiches'
20466573746976616c,4976,' Festival'
206372756e63686564,4977,' crunched'
206b69636b,4978,' kick'
6f6d6f72726f77,4979,'omorrow'
206e656174,4980,' neat'
2073747564656e74,4981,' student'
205265,4982,' Re'
20656d6f74696f6e73,4983,' emotions'
6365727461696e,4984,'certain'
2063617074757265,4985,' capture'
2065736361706564,4986,' escaped'
2070756c7365,4987,' pulse'
207374617266697368,4988,' starfish'
206f76657268656164,4989,' overhead'
466f6c6c6f77696e67,4990,'Following'
20776869726c,4991,' whirl'
20776865656c,4992,' wheel'
207363616e,4993,' scan'
6f6f6b79,4994,'ooky'
2053746f6e65,4995,' Stone'
206e657773,4996,' news'
696e7473,4997,'ints'
5375727072,4998,'Surpr'
496e63,4999,'Inc'
206162616e646f6e6564,5000,' abandoned'
20596f7572,5001,' Your'
2067796d,5002,' gym'
207072657373757265,5003,' pressure'
206163636964656e74,5004,' accident'
72616e64,5005,'rand'
207769726573,5006,' wires'
2062616e616e,5007,' banan'
204c6f7374,5008,' Lost'
54616b65,5009,'Take'
206375727461696e,5010,' curtain'
2069676e6f726564,5011,' ignored'
2070726f746563746564,5012,' protected'
206661726d6572,5013,' farmer'
457863697465646c79,5014,'Excitedly'
61746f,5015,'ato'
2064726f7665,5016,' drove'
2067616c6c,5017,' gall'
204372797374616c,5018,' Crystal'
206c656d6f6e,5019,' lemon'
4576656e,5020,'Even'
206d7973746572696573,5021,' mysteries'
20736f726365726572,5022,' sorcerer'
204269726473,5023,' Birds'
206761696e6564,5024,' gained'
656e64696e67,5025,'ending'
54656c6c,5026,'Tell'
536f66746c79,5027,'Softly'
6967656e6365,5028,'igence'
20726f636b6564,5029,' rocked'
206d75736564,5030,' mused'
20706572666f726d,5031,' perform'
20737765657473,5032,' sweets'
20616d617a656d656e74,5033,' amazement'
6f72696573,5034,'ories'
20707265706172696e67,5035,' preparing'
207072657373696e67,5036,' pressing'
20706174746572,5037,' patter'
6163686573,5038,'aches'
206372756d626c696e67,5039,' crumbling'
206865726273,5040,' herbs'
20626f75676874,5041,' bought'
2074687564,5042,' thud'
207061636b,5043,' pack'
206d61726b73,5044,' marks'
207465727269626c65,5045,' terrible'
20646966666572656e746c79,5046,' differently'
2063726f7373696e67,5047,' crossing'
20777269746572,5048,' writer'
2070616c65,5049,' pale'
696e74696e67,5050,'inting'
696d70,5051,'imp'
20666c61766f72,5052,' flavor'
20636865636b6564,5053,' checked'
20677261636566756c6c79,5054,' gracefully'
20756e6365727461696e,5055,' uncertain'
20626f6f7473,5056,' boots'
206469736170706f696e746564,5057,' disappointed'
206d6f6e746873,5058,' months'
20686f6e6579,5059,' honey'
48617070696e657373,5060,'Happiness'
20656e76,5061,' env'
20726574,5062,' ret'
206f7267,5063,' org'
20636f6d706c657465,5064,' complete'
206c61756e6368,5065,' launch'
2072756d626c6564,5066,' rumbled'
2073687574,5067,' shut'
2077696e6b,5068,' wink'
77656574,5069,'weet'
20736f636b73,5070,' socks'
20626f6f6d6564,5071,' boomed'
20706172746e6572,5072,' partner'
20736369656e74,5073,' scient'
20637265616b,5074,' creak'
206b6973736564,5075,' kissed'
20676c616e63696e67,5076,' glancing'
206c6561726e73,5077,' learns'
20736369656e74697374,5078,' scientist'
6f72746564,5079,'orted'
6967617465,5080,'igate'
6967686564,5081,'ighed'
20626f726564,5082,' bored'
5265616c697a696e67,5083,'Realizing'
206176,5084,' av'
2073746f7265,5085,' store'
64696573,5086,'dies'
20666c6167,5087,' flag'
204c6567,5088,' Leg'
20726f6f6674,5089,' rooft'
20796f757468,5090,' youth'
20737065616b696e67,5091,' speaking'
205468657365,5092,' These'
20657870657269,5093,' experi'
616d656e74,5094,'ament'
5768697370,5095,'Whisp'
426568696e64,5096,'Behind'
20656d626172726173736564,5097,' embarrassed'
2074726f70,5098,' trop'
206261726e,5099,' barn'
65737479,5100,'esty'
76696e6773,5101,'vings'
20647574,5102,' dut'
207479,5103,' ty'
20476174686572696e67,5104,' Gathering'
5377696674,5105,'Swift'
2064726f7073,5106,' drops'
2064656d,5107,' dem'
756d626c65,5108,'umble'
57697468696e,5109,'Within'
2077617463686573,5110,' watches'
207377616c6c,5111,' swall'
2067726f776c,5112,' growl'
204b656570657273,5113,' Keepers'
20646f6467696e67,5114,' dodging'
206c6f79616c,5115,' loyal'
206a756767,5116,' jugg'
20766173746e657373,5117,' vastness'
206d617468,5118,' math'
204973,5119,' Is'
206669736865726d616e,5120,' fisherman'
2077656967686564,5121,' weighed'
206775696c7479,5122,' guilty'
2062656175746966756c6c79,5123,' beautifully'
204b696e646e657373,5124,' Kindness'
20666162,5125,' fab'
20657870657269656e6365,5126,' experience'
2066617374657374,5127,' fastest'
7274,5128,'rt'
616469616e74,5129,'adiant'
2054776f,5130,' Two'
617273686d,5131,'arshm'
207761746572696e67,5132,' watering'
20616363657074616e6365,5133,' acceptance'
206c616e647363,5134,' landsc'
206f7267616e,5135,' organ'
2063726179,5136,' cray'
20687564646c6564,5137,' huddled'
4869,5138,'Hi'
2070617773,5139,' paws'
697374656e,5140,'isten'
20666c7574746572696e67,5141,' fluttering'
4d6f6d,5142,'Mom'
2045766572797468696e67,5143,' Everything'
206661646573,5144,' fades'
207377616c6c6f776564,5145,' swallowed'
2073756666,5146,' suff'
2074696e67,5147,' ting'
2074756e6e656c73,5148,' tunnels'
2064656570656e6564,5149,' deepened'
206f7574736d617274,5150,' outsmart'
53776966746c79,5151,'Swiftly'
2068756d616e73,5152,' humans'
6973746564,5153,'isted'
2061677265,5154,' agre'
20426f7468,5155,' Both'
20626172656c79,5156,' barely'
2073756974,5157,' suit'
206272656174686c657373,5158,' breathless'
206d617a65,5159,' maze'
20666f6c64,5160,' fold'
206c75726b6564,5161,' lurked'
6174656c79,5162,'ately'
206b6e6f74,5163,' knot'
20696c6c756d696e6174696e67,5164,' illuminating'
2074726176656c657273,5165,' travelers'
696c696e67,5166,'iling'
206e6f726d,5167,' norm'
2061636869657665,5168,' achieve'
20666163746f7279,5169,' factory'
20676e6f6d65,5170,' gnome'
20696e74656c6c,5171,' intell'
204d6178,5172,' Max'
65646479,5173,'eddy'
20636c6f73696e67,5174,' closing'
2076656869636c65,5175,' vehicle'
206261736b657462616c6c,5176,' basketball'
2063617276696e6773,5177,' carvings'
20666c617070696e67,5178,' flapping'
2068656176696c79,5179,' heavily'
206c6966,5180,' lif'
20686f7765766572,5181,' however'
6173696e67,5182,'asing'
2062726163656c6574,5183,' bracelet'
6c6c69616e74,5184,'lliant'
20616e7974696d65,5185,' anytime'
206d617273686d,5186,' marshm'
2063686172616374657273,5187,' characters'
20736e6966666564,5188,' sniffed'
5472656173757265,5189,'Treasure'
207472696573,5190,' tries'
206d75726d,5191,' murm'
2072656c65,5192,' rele'
657475726e696e67,5193,'eturning'
207374726f6c6c6564,5194,' strolled'
20636175736564,5195,' caused'
206861707069657374,5196,' happiest'
20486f6c64,5197,' Hold'
207669736974696e67,5198,' visiting'
207361696c6f7273,5199,' sailors'
2070696c6f74,5200,' pilot'
206e6f726d616c,5201,' normal'
20737175697272656c73,5202,' squirrels'
42726176656c79,5203,'Bravely'
6f6c6f,5204,'olo'
63656c79,5205,'cely'
20736e61636b,5206,' snack'
207472656174,5207,' treat'
20636875726368,5208,' church'
2074656368,5209,' tech'
20737061726b6c79,5210,' sparkly'
207477696773,5211,' twigs'
2073686564,5212,' shed'
20656e76656c6f706564,5213,' enveloped'
20736e616b65,5214,' snake'
776f6f64,5215,'wood'
20676c6f6265,5216,' globe'
20747261636564,5217,' traced'
2077696767,5218,' wigg'
2062616e64,5219,' band'
2066727573747261746564,5220,' frustrated'
207369646573,5221,' sides'
2073706f6f6b79,5222,' spooky'
2067756964,5223,' guid'
2067756964616e6365,5224,' guidance'
20636f736d6f73,5225,' cosmos'
207765617665,5226,' weave'
20737069646572,5227,' spider'
207371756565,5228,' squee'
20696e74656c6c6967656e6365,5229,' intelligence'
65737473,5230,'ests'
204f7574,5231,' Out'
20696d70726573736564,5232,' impressed'
20626f6e6573,5233,' bones'
20726f6c65,5234,' role'
20726f736573,5235,' roses'
20636f6e666573736564,5236,' confessed'
736573,5237,'ses'
204372656174,5238,' Creat'
204e6f74,5239,' Not'
20736369656e6365,5240,' science'
20677265656479,5241,' greedy'
206578616d,5242,' exam'
206d6f64,5243,' mod'
20477561726469616e,5244,' Guardian'
696464656e,5245,'idden'
6173686573,5246,'ashes'
696d6d6572,5247,'immer'
207363726f,5248,' scro'
204e6577,5249,' New'
20656e67696e65,5250,' engine'
576f,5251,'Wo'
207468726f77696e67,5252,' throwing'
6966616374,5253,'ifact'
206861756e74696e67,5254,' haunting'
44656570,5255,'Deep'
2073746172746c6564,5256,' startled'
204e69676874,5257,' Night'
2070696573,5258,' pies'
69616c73,5259,'ials'
6563726574,5260,'ecret'
75736b,5261,'usk'
206d75646479,5262,' muddy'
20746970746f,5263,' tipto'
2066616d65,5264,' fame'
206d61746572,5265,' mater'
20626567676564,5266,' begged'
20676c6164,5267,' glad'
617363,5268,'asc'
76656c6564,5269,'veled'
20636f636f,5270,' coco'
2068656174,5271,' heat'
75726f7573,5272,'urous'
206a6f75726e616c,5273,' journal'
20756e61626c65,5274,' unable'
2064697368,5275,' dish'
206d6164,5276,' mad'
76656e7475726f7573,5277,'venturous'
20646573637269626564,5278,' described'
447265616d,5279,'Dream'
206177616b,5280,' awak'
20626c656e64696e67,5281,' blending'
206172746966616374,5282,' artifact'
6164676574,5283,'adget'
207265636c61696d,5284,' reclaim'
204f6e6c79,5285,' Only'
20706172746564,5286,' parted'
65796564,5287,'eyed'
2063726166746564,5288,' crafted'
69656e7473,5289,'ients'
2074686f726e,5290,' thorn'
6869736b657273,5291,'hiskers'
466f72,5292,'For'
57616c6b696e67,5293,'Walking'
54727565,5294,'True'
2063756c,5295,' cul'
2063617274,5296,' cart'
207365617368656c6c73,5297,' seashells'
206c656d6f6e616465,5298,' lemonade'
2074726f706879,5299,' trophy'
20736c65,5300,' sle'
2063726f,5301,' cro'
20706170657273,5302,' papers'
656374697665,5303,'ective'
20676c6f6f6d,5304,' gloom'
206a6f7973,5305,' joys'
2064617265,5306,' dare'
2063617473,5307,' cats'
6574696e67,5308,'eting'
20626c616e6b657473,5309,' blankets'
2073717565616c,5310,' squeal'
207465616d73,5311,' teams'
2064657374726f79,5312,' destroy'
206c6f63616c,5313,' local'
20726f706573,5314,' ropes'
20636f756e74696e67,5315,' counting'
6572746564,5316,'erted'
616d696e67,5317,'aming'
206c697073,5318,' lips'
2043697263,5319,' Circ'
657074696f6e,5320,'eption'
206465636f726174696f6e73,5321,' decorations'
207465646479,5322,' teddy'
20656173696572,5323,' easier'
204c6f6f6b,5324,' Look'
53696c656e746c79,5325,'Silently'
207374726169676874,5326,' straight'
207469636b6c65,5327,' tickle'
207769636b6564,5328,' wicked'
206b696e646c79,5329,' kindly'
2073696c656e746c79,5330,' silently'
207265636f676e,5331,' recogn'
20416e6f74686572,5332,' Another'
207769646572,5333,' wider'
20736e6565726564,5334,' sneered'
207477697374696e67,5335,' twisting'
20736c65657079,5336,' sleepy'
20726970706c6573,5337,' ripples'
20726f6f6d73,5338,' rooms'
206472696674696e67,5339,' drifting'
436f6c6f72,5340,'Color'
2077656c636f6d65,5341,' welcome'
20626565706564,5342,' beeped'
2061766f,5343,' avo'
657261,5344,'era'
20636f7665,5345,' cove'
207261636573,5346,' races'
6368696566,5347,'chief'
206c6f636b73,5348,' locks'
204c6567656e6473,5349,' Legends'
2073616e6477696368,5350,' sandwich'
206565726965,5351,' eerie'
2070756666,5352,' puff'
20636861696e73,5353,' chains'
476f6f64,5354,'Good'
207a6970706564,5355,' zipped'
2073636f6f74,5356,' scoot'
6f766564,5357,'oved'
2067616c6c657279,5358,' gallery'
20436972636c65,5359,' Circle'
2062656e64,5360,' bend'
2074656d706c65,5361,' temple'
706572617465,5362,'perate'
207369676e616c,5363,' signal'
206472656164,5364,' dread'
20616476656e7475726572,5365,' adventurer'
2070726163746963696e67,5366,' practicing'
206e756d62,5367,' numb'
4461726b,5368,'Dark'
206a6f75726e65796564,5369,' journeyed'
666c6f776572,5370,'flower'
206e6572766f75736c79,5371,' nervously'
20656e636f756e,5372,' encoun'
206e6176,5373,' nav'
20776964656c79,5374,' widely'
6f6e65737479,5375,'onesty'
20696e736572746564,5376,' inserted'
2066656564,5377,' feed'
20636f6f6b6564,5378,' cooked'
6f6d657468696e67,5379,'omething'
6775,5380,'gu'
20747572746c6573,5381,' turtles'
20696e6772656469656e7473,5382,' ingredients'
54656e646572,5383,'Tender'
696d62696e67,5384,'imbing'
2062727573686573,5385,' brushes'
66696c6c6564,5386,'filled'
6173746564,5387,'asted'
206a75696365,5388,' juice'
20746970746f6564,5389,' tiptoed'
20636c69636b6564,5390,' clicked'
6976696e67,5391,'iving'
20706172616465,5392,' parade'
20636c6f776e,5393,' clown'
6973686573,5394,'ishes'
20666c65,5395,' fle'
2077616b696e67,5396,' waking'
756767696e67,5397,'ugging'
2074686561746572,5398,' theater'
20696e736973746564,5399,' insisted'
206772697070696e67,5400,' gripping'
206465636b,5401,' deck'
20726963686572,5402,' richer'
5261696e,5403,'Rain'
20666c696573,5404,' flies'
2061707072656369617465,5405,' appreciate'
20736c657074,5406,' slept'
207468616e6b696e67,5407,' thanking'
2066616c6c73,5408,' falls'
20706f756e646564,5409,' pounded'
2072656173,5410,' reas'
20696e737472,5411,' instr'
6261636b,5412,'back'
2068696e74,5413,' hint'
20486f6c64696e67,5414,' Holding'
206d617373,5415,' mass'
4561726c696572,5416,'Earlier'
20636f75706c65,5417,' couple'
72656e74,5418,'rent'
2072617973,5419,' rays'
2066697265666c79,5420,' firefly'
20676164676574,5421,' gadget'
2063686566,5422,' chef'
2077696e67,5423,' wing'
2074656e646564,5424,' tended'
70656e74,5425,'pent'
20486f757273,5426,' Hours'
20756e666f6c646564,5427,' unfolded'
207261696e64726f7073,5428,' raindrops'
206578706c6f,5429,' explo'
65766572616e6365,5430,'everance'
2073637261,5431,' scra'
2073706f7274,5432,' sport'
6c6974,5433,'lit'
2073776179696e67,5434,' swaying'
20747567676564,5435,' tugged'
2062656163,5436,' beac'
52657475726e696e67,5437,'Returning'
20706f7374,5438,' post'
2076616c6c657973,5439,' valleys'
57696e64,5440,'Wind'
2066696e676572,5441,' finger'
2077617368696e67,5442,' washing'
20676c65,5443,' gle'
20726964696e67,5444,' riding'
6976656c79,5445,'ively'
20626c6f636b73,5446,' blocks'
6162,5447,'ab'
2063726f776e73,5448,' crowns'
4f70656e,5449,'Open'
207265736f6c,5450,' resol'
206d69736368696566,5451,' mischief'
20666c6170,5452,' flap'
206265636b,5453,' beck'
206c65617374,5454,' least'
20667269676874656e6564,5455,' frightened'
756e6368696e67,5456,'unching'
6973617070,5457,'isapp'
6974686572,5458,'ither'
20636c6177,5459,' claw'
696c6f73,5460,'ilos'
696c6f736f70,5461,'ilosop'
2073746f727974656c6c6572,5462,' storyteller'
476f,5463,'Go'
20666f7267697665,5464,' forgive'
69736170706f696e,5465,'isappoin'
4f72,5466,'Or'
206d6f76656d656e74,5467,' movement'
726f6b656e,5468,'roken'
756c6574,5469,'ulet'
20477265656e,5470,' Green'
757375616c,5471,'usual'
206368616d70,5472,' champ'
20626561636f6e,5473,' beacon'
2064757479,5474,' duty'
756374,5475,'uct'
207374756479,5476,' study'
20776f726d,5477,' worm'
207068696c6f736f70,5478,' philosop'
20736f6674656e6564,5479,' softened'
2063616d657261,5480,' camera'
696563,5481,'iec'
2062697473,5482,' bits'
2073657473,5483,' sets'
20776f76656e,5484,' woven'
20537061726b79,5485,' Sparky'
20656e636f75726167656d656e74,5486,' encouragement'
2063756c74757265,5487,' culture'
20646f756768,5488,' dough'
204c6f6f6b696e67,5489,' Looking'
207061747465726e73,5490,' patterns'
73746f6e65,5491,'stone'
2073696e6365,5492,' since'
2077656c636f6d696e67,5493,' welcoming'
756c74,5494,'ult'
20736f6c76696e67,5495,' solving'
2073636f6f746572,5496,' scooter'
207068696c6f736f70686572,5497,' philosopher'
2062656c6f6e6773,5498,' belongs'
5468656972,5499,'Their'
6976656e,5500,'iven'
696c69676874,5501,'ilight'
6c696768746c79,5502,'lightly'
53697474696e67,5503,'Sitting'
2070616c6d,5504,' palm'
206772617370,5505,' grasp'
206469736170706f696e746d656e74,5506,' disappointment'
20616e79776179,5507,' anyway'
20536e6f77,5508,' Snow'
207468726f,5509,' thro'
20646563657074696f6e,5510,' deception'
206d617373697665,5511,' massive'
2061646d6972,5512,' admir'
57656c6c,5513,'Well'
20706561726c73,5514,' pearls'
476174686572696e67,5515,'Gathering'
2077686972726564,5516,' whirred'
206272696c6c69616e74,5517,' brilliant'
2057696c6c,5518,' Will'
206c616e647363617065,5519,' landscape'
206472696e6b73,5520,' drinks'
206f757273656c766573,5521,' ourselves'
206d6174657269616c73,5522,' materials'
2069736c616e6473,5523,' islands'
206a7564676573,5524,' judges'
6f7572616765,5525,'ourage'
206f76656e,5526,' oven'
206d69737479,5527,' misty'
207769746e657373,5528,' witness'
726174696f6e,5529,'ration'
2073776565746c79,5530,' sweetly'
207772697374,5531,' wrist'
20636c617070696e67,5532,' clapping'
2053696c766572,5533,' Silver'
2062616b657279,5534,' bakery'
206d75726d75726564,5535,' murmured'
2062726f776e,5536,' brown'
2068756773,5537,' hugs'
20616c6c6f77696e67,5538,' allowing'
207061696e7473,5539,' paints'
20646172746564,5540,' darted'
6865617264,5541,'heard'
2073717565616c6564,5542,' squealed'
20726f7574,5543,' rout'
2063686172676564,5544,' charged'
77696e6564,5545,'wined'
2072756c6572,5546,' ruler'
4f7574,5547,'Out'
726164696374,5548,'radict'
4c697374656e,5549,'Listen'
76616c65,5550,'vale'
2077656170,5551,' weap'
20736c696768746c79,5552,' slightly'
20747275636b,5553,' truck'
6f756e6365,5554,'ounce'
6b656570,5555,'keep'
2073757276697665,5556,' survive'
205768697370,5557,' Whisp'
20477561726469616e73,5558,' Guardians'
206675727279,5559,' furry'
696e746572,5560,'inter'
696c697479,5561,'ility'
727573747261746564,5562,'rustrated'
6f6f7368,5563,'oosh'
206d757368726f6f6d73,5564,' mushrooms'
756573,5565,'ues'
206361707475726564,5566,' captured'
206f66666572,5567,' offer'
2067617264656e6572,5568,' gardener'
20616d756c6574,5569,' amulet'
207461736b73,5570,' tasks'
20636f6e74726164696374,5571,' contradict'
2064657369676e,5572,' design'
20636c657665726e657373,5573,' cleverness'
20747269636b73746572,5574,' trickster'
20756e6c6f636b6564,5575,' unlocked'
416c77617973,5576,'Always'
20666f72636573,5577,' forces'
20736869766572696e67,5578,' shivering'
207465616d6d61746573,5579,' teammates'
207468726f6174,5580,' throat'
206475636b73,5581,' ducks'
20706c616e65,5582,' plane'
676e6f72696e67,5583,'gnoring'
656c696566,5584,'elief'
20706572666f726d616e,5585,' performan'
64657273,5586,'ders'
4c6f6f6b696e67,5587,'Looking'
69656c64,5588,'ield'
69656365,5589,'iece'
207065656b696e67,5590,' peeking'
4772,5591,'Gr'
66697265,5592,'fire'
20737472617465,5593,' strate'
20696e76656e746f72,5594,' inventor'
206472616e6b,5595,' drank'
20736f72636572657373,5596,' sorceress'
2067657473,5597,' gets'
206d6f74,5598,' mot'
20636f636f61,5599,' cocoa'
206865617273,5600,' hears'
206e6561726564,5601,' neared'
206465616c,5602,' deal'
2064616973,5603,' dais'
2062616e6b,5604,' bank'
2069676e6f7265,5605,' ignore'
206775617264696e67,5606,' guarding'
2073776565746572,5607,' sweeter'
206661697468,5608,' faith'
2072656c6561736564,5609,' released'
206368616c6c656e676564,5610,' challenged'
726f7374,5611,'rost'
2077696c64666c6f77657273,5612,' wildflowers'
6976656e657373,5613,'iveness'
656d7074,5614,'empt'
6f677261,5615,'ogra'
20696e73706972696e67,5616,' inspiring'
2077616767696e67,5617,' wagging'
20776f726b7368,5618,' worksh'
20627265776564,5619,' brewed'
44656c,5620,'Del'
656e6978,5621,'enix'
6f6c6f6779,5622,'ology'
20726f6f66746f70,5623,' rooftop'
6f656e6978,5624,'oenix'
20676c6565,5625,' glee'
20747269756d70,5626,' triump'
206167726565,5627,' agree'
206372756d62,5628,' crumb'
2073657270656e74,5629,' serpent'
207472617073,5630,' traps'
2069736e,5631,' isn'
20666162726963,5632,' fabric'
2073756e666c6f776572,5633,' sunflower'
20686973736564,5634,' hissed'
20776f756e6473,5635,' wounds'
20616765,5636,' age'
206d6f6f6e73,5637,' moons'
207374696e67,5638,' sting'
206c61756e63686564,5639,' launched'
61796564,5640,'ayed'
2061726775696e67,5641,' arguing'
20576869736b657273,5642,' Whiskers'
2057657265,5643,' Were'
2066756e6e,5644,' funn'
20616e6577,5645,' anew'
206d61736b73,5646,' masks'
78696f7573,5647,'xious'
20696e74657274,5648,' intert'
206d65616c73,5649,' meals'
20657870657269656e636573,5650,' experiences'
2066616c,5651,' fal'
206d6564,5652,' med'
20636f6d70617373696f6e,5653,' compassion'
2064657461696c,5654,' detail'
20646574656374697665,5655,' detective'
20686f766572,5656,' hover'
2061677265656d656e74,5657,' agreement'
20737461636b,5658,' stack'
206579656272,5659,' eyebr'
20776f726b73686f70,5660,' workshop'
6d656e7473,5661,'ments'
2053756e,5662,' Sun'
2073717565657a6564,5663,' squeezed'
20746865697273,5664,' theirs'
20626f776c,5665,' bowl'
656e7365,5666,'ense'
20646561646c696e65,5667,' deadline'
2067656e65726174696f6e73,5668,' generations'
2064616e63657273,5669,' dancers'
206869,5670,' hi'
426574,5671,'Bet'
7061,5672,'pa'
207769736572,5673,' wiser'
20736f636b,5674,' sock'
20736f616b6564,5675,' soaked'
7069656365,5676,'piece'
656e6379,5677,'ency'
2076696374,5678,' vict'
20676c6974746572,5679,' glitter'
2064657374696e6174696f6e,5680,' destination'
20626c7572726564,5681,' blurred'
20646973706c,5682,' displ'
20526f,5683,' Ro'
2070686f746f677261,5684,' photogra'
2073706f6b656e,5685,' spoken'
2061726d6f72,5686,' armor'
20737472696e6773,5687,' strings'
2063616b6573,5688,' cakes'
206d6f64656c,5689,' model'
2061747461636b,5690,' attack'
757a7a79,5691,'uzzy'
20736572766564,5692,' served'
206669657263656c79,5693,' fiercely'
206475,5694,' du'
2077696e6e6572,5695,' winner'
20776f62626c6564,5696,' wobbled'
666f726d,5697,'form'
6c6f6f6b696e67,5698,'looking'
2070616e69636b6564,5699,' panicked'
206172677565,5700,' argue'
206272757368696e67,5701,' brushing'
20666f6f747072,5702,' footpr'
207065727365766572616e6365,5703,' perseverance'
20676966746564,5704,' gifted'
20756e757375616c,5705,' unusual'
2063617074697661746564,5706,' captivated'
207368697665726564,5707,' shivered'
657374616c,5708,'estal'
20706564657374616c,5709,' pedestal'
576f6e64,5710,'Wond'
20656c64657273,5711,' elders'
20747261696e696e67,5712,' training'
5370,5713,'Sp'
20636f74746f6e,5714,' cotton'
6b6565706572,5715,'keeper'
2063617264626f617264,5716,' cardboard'
2067756d6d79,5717,' gummy'
20746563686e,5718,' techn'
2074656e74,5719,' tent'
2061636f726e73,5720,' acorns'
2074696e676c65,5721,' tingle'
20676c696d70,5722,' glimp'
617363696e,5723,'ascin'
206275636b,5724,' buck'
206d656e64,5725,' mend'
20706564616c6564,5726,' pedaled'
2073656174,5727,' seat'
207371756177,5728,' squaw'
20646972656374696f6e73,5729,' directions'
64726f70,5730,'drop'
20666c656574696e67,5731,' fleeting'
2062726577696e67,5732,' brewing'
557365,5733,'Use'
4a6f7966756c,5734,'Joyful'
206661726d,5735,' farm'
2070686f656e6978,5736,' phoenix'
20636c6f7468,5737,' cloth'
6c6d,5738,'lm'
206469617279,5739,' diary'
2062616e616e61,5740,' banana'
2077696e6b6564,5741,' winked'
206372756d626c6564,5742,' crumbled'
2069676e69746564,5743,' ignited'
4d65,5744,'Me'
20726f776564,5745,' rowed'
626f78,5746,'box'
206e6f6473,5747,' nods'
20486164,5748,' Had'
20616e746963,5749,' antic'
2062656c6c73,5750,' bells'
20636f6d666f72,5751,' comfor'
206769766573,5752,' gives'
63657074616e6365,5753,'ceptance'
206272656174686564,5754,' breathed'
20576174,5755,' Wat'
61696e7374,5756,'ainst'
6d6167,5757,'mag'
616d6d6564,5758,'ammed'
616c6c6f7765656e,5759,'alloween'
20736b657463686564,5760,' sketched'
207472696e6b,5761,' trink'
20646f64676564,5762,' dodged'
2073746179696e67,5763,' staying'
416d617a696e67,5764,'Amazing'
2048616c6c6f7765656e,5765,' Halloween'
6965766573,5766,'ieves'
20616e6e75616c,5767,' annual'
206475736b,5768,' dusk'
20666f6c646564,5769,' folded'
206b6e696665,5770,' knife'
556e,5771,'Un'
20696e76657374,5772,' invest'
436f6c6f7266756c,5773,'Colorful'
20746872656174656e6564,5774,' threatened'
206c6f67676564,5775,' logged'
20636f6e63,5776,' conc'
206469676974616c,5777,' digital'
2066696e65,5778,' fine'
756d706c6564,5779,'umpled'
2062616e67,5780,' bang'
6f7572636566756c,5781,'ourceful'
20737562,5782,' sub'
68656e65766572,5783,'henever'
6967687473,5784,'ights'
20696d616765,5785,' image'
2067726f7665,5786,' grove'
20536565,5787,' See'
20706572666f726d616e6365,5788,' performance'
20636c756e67,5789,' clung'
206372756d706c6564,5790,' crumpled'
20736c6964,5791,' slid'
20676c696d707365,5792,' glimpse'
2073637261746368696e67,5793,' scratching'
20426574,5794,' Bet'
20746872697665,5795,' thrive'
20737570706f736564,5796,' supposed'
20676c6964696e67,5797,' gliding'
2068617070656e73,5798,' happens'
206c696c79,5799,' lily'
206c6164,5800,' lad'
2063616765,5801,' cage'
207072616e6b,5802,' prank'
2076616e697368,5803,' vanish'
2064656570657374,5804,' deepest'
2076696465,5805,' vide'
20736872616e6b,5806,' shrank'
4168,5807,'Ah'
50656f706c65,5808,'People'
476f6c64,5809,'Gold'
72697374,5810,'rist'
62726f6b656e,5811,'broken'
20726570726573,5812,' repres'
207370696c6c,5813,' spill'
20637261796f6e73,5814,' crayons'
2065796562726f77,5815,' eyebrow'
536f6d65,5816,'Some'
7a617264,5817,'zard'
6d6173,5818,'mas'
616d6d,5819,'amm'
69766572,5820,'iver'
2074686965766573,5821,' thieves'
206c697a617264,5822,' lizard'
2069676e6974696e67,5823,' igniting'
2073696d706c,5824,' simpl'
6f6f66,5825,'oof'
206f7665726865617264,5826,' overheard'
20666967687473,5827,' fights'
737465726f,5828,'stero'
20707269736f6e,5829,' prison'
206578706c6f646564,5830,' exploded'
696d73,5831,'ims'
206d61737465727069656365,5832,' masterpiece'
2066726565696e67,5833,' freeing'
20657874,5834,' ext'
506c6179,5835,'Play'
77696e64,5836,'wind'
2059656172,5837,' Year'
20626f72696e67,5838,' boring'
20436c6f7564,5839,' Cloud'
696f,5840,'io'
6966746572,5841,'ifter'
20696e6372656469626c65,5842,' incredible'
2056616c6c6579,5843,' Valley'
20437265617475726573,5844,' Creatures'
20627265657a6573,5845,' breezes'
20746f6d61746f,5846,' tomato'
2062697474657273,5847,' bitters'
206269747465727377656574,5848,' bittersweet'
205761746572,5849,' Water'
20617374726f6e61757473,5850,' astronauts'
62626572,5851,'bber'
4265747765656e,5852,'Between'
20666f72676976656e657373,5853,' forgiveness'
204772656174,5854,' Great'
206f6273,5855,' obs'
726973746d6173,5856,'ristmas'
20706974,5857,' pit'
20736c6f776564,5858,' slowed'
20736b65746368696e67,5859,' sketching'
20676f6174,5860,' goat'
2074726176656c696e67,5861,' traveling'
20536f63,5862,' Soc'
206c756e6773,5863,' lungs'
696c6c65,5864,'ille'
20696e76656e74696f6e,5865,' invention'
2077696c746564,5866,' wilted'
6f726961,5867,'oria'
6163746564,5868,'acted'
2066726f7374,5869,' frost'
20686f6c6573,5870,' holes'
2067726f,5871,' gro'
2072616765,5872,' rage'
20426574726179,5873,' Betray'
696c6564,5874,'iled'
20457863697465646c79,5875,' Excitedly'
20736e65616b6564,5876,' sneaked'
206f7070,5877,' opp'
2076696f6c,5878,' viol'
756d6d696e67,5879,'umming'
20646976696e67,5880,' diving'
20416476656e74757265,5881,' Adventure'
206a65616c6f757379,5882,' jealousy'
2052656d656d626572,5883,' Remember'
204275646479,5884,' Buddy'
204e657874,5885,' Next'
20576f72,5886,' Wor'
20746563686e6f6c6f6779,5887,' technology'
204368726973746d6173,5888,' Christmas'
65796f6e64,5889,'eyond'
61747572,5890,'atur'
207265736f6c7665,5891,' resolve'
61726572,5892,'arer'
2061757468,5893,' auth'
756d73,5894,'ums'
75747465726564,5895,'uttered'
20666c6173686c6967687473,5896,' flashlights'
206d757365,5897,' muse'
206372697370,5898,' crisp'
2063757063616b65,5899,' cupcake'
20666564,5900,' fed'
2073757065726865726f6573,5901,' superheroes'
76696c6c65,5902,'ville'
207265706c696573,5903,' replies'
20726573746c657373,5904,' restless'
206368696d6564,5905,' chimed'
20636f6d707574,5906,' comput'
20626c6f636b,5907,' block'
61636c6573,5908,'acles'
766174696f6e,5909,'vation'
20616374696e67,5910,' acting'
4861707079,5911,'Happy'
206a756d7073,5912,' jumps'
2069676e697465,5913,' ignite'
20636170747572696e67,5914,' capturing'
637473,5915,'cts'
20776f756c646e,5916,' wouldn'
20656e6473,5917,' ends'
20736e6f776d656e,5918,' snowmen'
616363657074616e6365,5919,'acceptance'
696b6573,5920,'ikes'
2073696d70,5921,' simp'
2073696d706c79,5922,' simply'
20746f6765746865726e657373,5923,' togetherness'
20536f6d657468696e67,5924,' Something'
20666f6f747072696e7473,5925,' footprints'
2043697479,5926,' City'
20537472616e6765,5927,' Strange'
2048617070696e657373,5928,' Happiness'
20696e766573746967617465,5929,' investigate'
6f676963,5930,'ogic'
20636f6c6c656374696f6e,5931,' collection'
207477696c69676874,5932,' twilight'
20736e75636b,5933,' snuck'
20766f6c,5934,' vol'
20726563616c6c696e67,5935,' recalling'
2074756d626c6564,5936,' tumbled'
736861706564,5937,'shaped'
2073637269,5938,' scri'
2065617365,5939,' ease'
2072656675736564,5940,' refused'
74616b696e67,5941,'taking'
2063757272656e74,5942,' current'
57697374,5943,'Wist'
207374726174656779,5944,' strategy'
20707572726564,5945,' purred'
207368696674696e67,5946,' shifting'
456e,5947,'En'
204261636b,5948,' Back'
756c7473,5949,'ults'
2073747265746368696e67,5950,' stretching'
616e65,5951,'ane'
676c,5952,'gl'
2068756767696e67,5953,' hugging'
436865,5954,'Che'
20676c616e6365,5955,' glance'
20536f6369657479,5956,' Society'
206675656c6564,5957,' fueled'
207363756c,5958,' scul'
6d617465,5959,'mate'
206c616964,5960,' laid'
48617665,5961,'Have'
697a7a79,5962,'izzy'
2061696d6564,5963,' aimed'
20757267,5964,' urg'
207061696e66756c,5965,' painful'
2073616c7479,5966,' salty'
2063726f616b6564,5967,' croaked'
69657665,5968,'ieve'
20666c6173686261636b,5969,' flashback'
206c6170706564,5970,' lapped'
69746573,5971,'ites'
616c6c6f7773,5972,'allows'
53757265,5973,'Sure'
20696e74656e746c79,5974,' intently'
616e7473,5975,'ants'
20636f6e66726f6e,5976,' confron'
7566666564,5977,'uffed'
206163746564,5978,' acted'
2068657369746174696f6e,5979,' hesitation'
204469736170706f696e,5980,' Disappoin'
20617574686f72,5981,' author'
20737069636573,5982,' spices'
20696e7465727477696e6564,5983,' intertwined'
20636f6d7075746572,5984,' computer'
2063616c6c73,5985,' calls'
496e74726967756564,5986,'Intrigued'
61676e,5987,'agn'
20636f6e76657273,5988,' convers'
206d617276656c6564,5989,' marveled'
20627564,5990,' bud'
72696d,5991,'rim'
206772696566,5992,' grief'
61707461696e,5993,'aptain'
206e756d62657273,5994,' numbers'
2061727469737473,5995,' artists'
20636f7474616765,5996,' cottage'
206772616262696e67,5997,' grabbing'
2073747265616d6564,5998,' streamed'
20447265616d6c616e64,5999,' Dreamland'
2070696c6c6f77,6000,' pillow'
617363696e61746564,6001,'ascinated'
206d617263686564,6002,' marched'
206b696e6773,6003,' kings'
20706978,6004,' pix'
56657279,6005,'Very'
2070686f746f6772617068,6006,' photograph'
547572,6007,'Tur'
2074656163686573,6008,' teaches'
2064726976656e,6009,' driven'
20776f727365,6010,' worse'
20736b65746368626f6f6b,6011,' sketchbook'
73696f6e,6012,'sion'
7374616e746c79,6013,'stantly'
616c6b,6014,'alk'
42656c,6015,'Bel'
207265756e,6016,' reun'
205573696e67,6017,' Using'
6265616e,6018,'bean'
2073696c6c,6019,' sill'
207368616d65,6020,' shame'
6a6f796564,6021,'joyed'
4d65616e7768696c65,6022,'Meanwhile'
2070696572,6023,' pier'
20706c6561646564,6024,' pleaded'
676c617373,6025,'glass'
20636f6e636572,6026,' concer'
2077686f6f7368,6027,' whoosh'
747572696e67,6028,'turing'
2062726561746874616b696e67,6029,' breathtaking'
20666c61766f7273,6030,' flavors'
61746f7073,6031,'atops'
206669726d6c79,6032,' firmly'
2068756573,6033,' hues'
20726f636b657473,6034,' rockets'
6172746c6564,6035,'artled'
206661696c75726573,6036,' failures'
20626577,6037,' bew'
2074776974,6038,' twit'
617261,6039,'ara'
206d656c6f64696573,6040,' melodies'
20726570726573656e74,6041,' represent'
207275696e6564,6042,' ruined'
20726561736f6e,6043,' reason'
5761766573,6044,'Waves'
61726d73,6045,'arms'
20736b61746564,6046,' skated'
697272696e67,6047,'irring'
20636f6e74726f6c73,6048,' controls'
20656d70,6049,' emp'
626c6574,6050,'blet'
52616469616e74,6051,'Radiant'
206c696564,6052,' lied'
20746f7373696e67,6053,' tossing'
63657261746f7073,6054,'ceratops'
2073656c6c696e67,6055,' selling'
20756e697465,6056,' unite'
20617373,6057,' ass'
20626173,6058,' bas'
207377656574657374,6059,' sweetest'
20676170,6060,' gap'
206b697373,6061,' kiss'
2074686f726e73,6062,' thorns'
6f726573,6063,'ores'
206772616e647061,6064,' grandpa'
206d617273686d616c6c6f7773,6065,' marshmallows'
206c616972,6066,' lair'
20416c6f6e65,6067,' Alone'
20646973636f766572696573,6068,' discoveries'
756d706564,6069,'umped'
206265617264,6070,' beard'
20636f6e7374,6071,' const'
207363756c7074,6072,' sculpt'
6561,6073,'ea'
2066756c,6074,' ful'
206261726b696e67,6075,' barking'
206d6f76,6076,' mov'
2061737465726f,6077,' astero'
2068656172696e67,6078,' hearing'
53696c656e74,6079,'Silent'
204d72,6080,' Mr'
20536563726574,6081,' Secret'
20636861726163746572,6082,' character'
6f64,6083,'od'
207761726d696e67,6084,' warming'
2074656173696e67,6085,' teasing'
746f70,6086,'top'
756e65,6087,'une'
20706c61696e,6088,' plain'
207472696e6b657473,6089,' trinkets'
206361757365,6090,' cause'
4578,6091,'Ex'
207365617368656c6c,6092,' seashell'
20676c696e74696e67,6093,' glinting'
206163636964656e74616c6c79,6094,' accidentally'
206e6f746963696e67,6095,' noticing'
69676e6564,6096,'igned'
7374726f,6097,'stro'
6a757374,6098,'just'
207377696e67696e67,6099,' swinging'
61726d696e67,6100,'arming'
206561726c696572,6101,' earlier'
20726573706f6e,6102,' respon'
20726573706f6e7365,6103,' response'
756c6172,6104,'ular'
62756c,6105,'bul'
2072616674,6106,' raft'
626f6479,6107,'body'
2068616e646c65,6108,' handle'
20736163,6109,' sac'
20706f656d73,6110,' poems'
20636170,6111,' cap'
73686966746572,6112,'shifter'
6167756c6c,6113,'agull'
20737472696b65,6114,' strike'
2066756e6e69657374,6115,' funniest'
206372656174696f6e73,6116,' creations'
426f6c64,6117,'Bold'
20706f7473,6118,' pots'
207461626c6574,6119,' tablet'
2064656d616e646564,6120,' demanded'
206564676573,6121,' edges'
207368697077,6122,' shipw'
20646966666572656e636573,6123,' differences'
207368796c79,6124,' shyly'
20696379,6125,' icy'
20656e656d696573,6126,' enemies'
20436f6c6f7266756c,6127,' Colorful'
20696d6167696e6174696f6e73,6128,' imaginations'
20736368656d65,6129,' scheme'
6f63,6130,'oc'
447265616d73,6131,'Dreams'
496e6372656469626c65,6132,'Incredible'
207269646573,6133,' rides'
756666696e,6134,'uffin'
207069637475726564,6135,' pictured'
2073706f727473,6136,' sports'
63686965766f7573,6137,'chievous'
206861727368,6138,' harsh'
20737072696e6b6c6564,6139,' sprinkled'
5768697370657273,6140,'Whispers'
20736d6f6f74686c79,6141,' smoothly'
4c696665,6142,'Life'
7564676564,6143,'udged'
20647265616d74,6144,' dreamt'
20746f7765726564,6145,' towered'
20676c697374656e696e67,6146,' glistening'
20736861726573,6147,' shares'
20726573746f7265,6148,' restore'
5477,6149,'Tw'
20666c6174,6150,' flat'
20706c6561736564,6151,' pleased'
726965,6152,'rie'
6c616b65,6153,'lake'
204265666f7265,6154,' Before'
206a656c6c7966697368,6155,' jellyfish'
2064657363656e646564,6156,' descended'
2063757063616b6573,6157,' cupcakes'
20617070726f616368696e67,6158,' approaching'
6f737369626c65,6159,'ossible'
2067756573736564,6160,' guessed'
20626f726e,6161,' born'
2067616c6178696573,6162,' galaxies'
20636c6f75646564,6163,' clouded'
206d696365,6164,' mice'
20737572726f756e64696e67,6165,' surrounding'
2046616d,6166,' Fam'
2073696d706c657374,6167,' simplest'
206578616d696e6564,6168,' examined'
20706f6f72,6169,' poor'
556e6465726e65617468,6170,'Underneath'
2047696767,6171,' Gigg'
207377656c6c696e67,6172,' swelling'
204d61676963,6173,' Magic'
6b656e64,6174,'kend'
2070616964,6175,' paid'
207765656b656e64,6176,' weekend'
616e6479,6177,'andy'
207265736f7572636566756c,6178,' resourceful'
20696d706f737369626c65,6179,' impossible'
20637275,6180,' cru'
20426574726179616c,6181,' Betrayal'
207a6f6f6d696e67,6182,' zooming'
636f766572,6183,'cover'
206772756d626c6564,6184,' grumbled'
53756e,6185,'Sun'
207472616e,6186,' tran'
65706172,6187,'epar'
4d6f6f6e,6188,'Moon'
20626577617265,6189,' beware'
206f726465726564,6190,' ordered'
20706f73736962696c697479,6191,' possibility'
207374756e6e696e67,6192,' stunning'
2064616973696573,6193,' daisies'
2067656172,6194,' gear'
52656164,6195,'Read'
20617070726f616368,6196,' approach'
20636f6d62696e6564,6197,' combined'
20736861726b,6198,' shark'
2065786973746564,6199,' existed'
2044656570,6200,' Deep'
65616d,6201,'eam'
2073656c66697368,6202,' selfish'
69766964,6203,'ivid'
20656e636f756e7465726564,6204,' encountered'
666f6f74,6205,'foot'
57696c64,6206,'Wild'
2077696c74696e67,6207,' wilting'
20616e7469636970,6208,' anticip'
2073717561776b6564,6209,' squawked'
6574696d65,6210,'etime'
20636f6d70616e,6211,' compan'
206c696d,6212,' lim'
2073656167756c6c,6213,' seagull'
2062727573687374726f,6214,' brushstro'
204f7468657273,6215,' Others'
476f6c64656e,6216,'Golden'
2063686f726573,6217,' chores'
2073746972,6218,' stir'
207472656d,6219,' trem'
206c69666574696d65,6220,' lifetime'
4669727374,6221,'First'
20726962626f6e73,6222,' ribbons'
2074726176656c73,6223,' travels'
2064616d,6224,' dam'
4c65617665,6225,'Leave'
204275,6226,' Bu'
2073776f726473,6227,' swords'
20686f7374,6228,' host'
206d65726368,6229,' merch'
20636865656b,6230,' cheek'
20696e7374696e,6231,' instin'
69666963,6232,'ific'
20636f7374756d6573,6233,' costumes'
4265796f6e64,6234,'Beyond'
2057616e74,6235,' Want'
50657268617073,6236,'Perhaps'
20616c6f6e6773696465,6237,' alongside'
2070726f746563746f72,6238,' protector'
20637261636b73,6239,' cracks'
20756e6365727461696e7479,6240,' uncertainty'
20686f6d65776f726b,6241,' homework'
2073616c74,6242,' salt'
20646f6773,6243,' dogs'
6f756e7461696e73,6244,'ountains'
204265696e67,6245,' Being'
207761726e696e6773,6246,' warnings'
20737079,6247,' spy'
204272,6248,' Br'
206d6172626c6573,6249,' marbles'
2073656e736573,6250,' senses'
20636c616d,6251,' clam'
20656e7679,6252,' envy'
2063757474696e67,6253,' cutting'
67726f776e,6254,'grown'
75736963,6255,'usic'
206365,6256,' ce'
20636f6e666c,6257,' confl'
73706f6b656e,6258,'spoken'
2064726f776e,6259,' drown'
20526f636b,6260,' Rock'
20726970706c65,6261,' ripple'
69737479,6262,'isty'
206e6f626f6479,6263,' nobody'
206a656c6c796265616e,6264,' jellybean'
206e6f6464696e67,6265,' nodding'
206c6567656e6473,6266,' legends'
69737473,6267,'ists'
616b6572,6268,'aker'
2070696c6564,6269,' piled'
20696e636c7564696e67,6270,' including'
457863,6271,'Exc'
20636861726765,6272,' charge'
20656c66,6273,' elf'
616e636573,6274,'ances'
2062727573687374726f6b65,6275,' brushstroke'
20756e73706f6b656e,6276,' unspoken'
2077686973,6277,' whis'
20616e78696f7573,6278,' anxious'
2062696b6573,6279,' bikes'
4f7572,6280,'Our'
206d65657473,6281,' meets'
2057696e64,6282,' Wind'
206368697270696e67,6283,' chirping'
2074696d,6284,' tim'
205570,6285,' Up'
20726970706c6564,6286,' rippled'
206c656164657273,6287,' leaders'
20616e74696369706174696f6e,6288,' anticipation'
20636f7573,6289,' cous'
206f7267616e697a6564,6290,' organized'
20456c64,6291,' Eld'
20726573706f6e646564,6292,' responded'
207368656570,6293,' sheep'
2068616c6c776179,6294,' hallway'
726f7665,6295,'rove'
20626f6f7468,6296,' booth'
20746974,6297,' tit'
2070616e63,6298,' panc'
656564,6299,'eed'
20727562626572,6300,' rubber'
206c6164646572,6301,' ladder'
20756e746f75,6302,' untou'
2074696c74696e67,6303,' tilting'
2062756773,6304,' bugs'
207374656572,6305,' steer'
2072657363,6306,' resc'
20467269656e6473686970,6307,' Friendship'
2065787072657373696f6e,6308,' expression'
20476f6c64656e,6309,' Golden'
206772617665,6310,' grave'
207065726b6564,6311,' perked'
206472697070696e67,6312,' dripping'
20776f726b73,6313,' works'
20636865657266756c6c79,6314,' cheerfully'
206d6f6e7468,6315,' month'
20737065616b73,6316,' speaks'
206c6f6c6c,6317,' loll'
206c6f6c6c6970,6318,' lollip'
706c6573,6319,'ples'
46696572,6320,'Fier'
207368616c6c,6321,' shall'
2066617363696e61746564,6322,' fascinated'
20677565737473,6323,' guests'
2070726f74656374696e67,6324,' protecting'
446164,6325,'Dad'
206661746566756c,6326,' fateful'
20706c6f7474696e67,6327,' plotting'
20546f6d6f72726f77,6328,' Tomorrow'
206d697363686965766f7573,6329,' mischievous'
2073686f706b6565706572,6330,' shopkeeper'
2054696e79,6331,' Tiny'
6f75726e,6332,'ourn'
536e6f77,6333,'Snow'
207061757365,6334,' pause'
2053746f72696573,6335,' Stories'
20636f7374756d65,6336,' costume'
20646f6f72776179,6337,' doorway'
204c61746572,6338,' Later'
2061676573,6339,' ages'
2072756e6e6572,6340,' runner'
666f726d6174696f6e,6341,'formation'
436861726d696e67,6342,'Charming'
63686f6c,6343,'chol'
696d6d6572696e67,6344,'immering'
20696e6b,6345,' ink'
2064697a7a79,6346,' dizzy'
20737472616e67657273,6347,' strangers'
20617272,6348,' arr'
2063686174746564,6349,' chatted'
46656172,6350,'Fear'
20636c69666673,6351,' cliffs'
20737461697263,6352,' stairc'
72656374,6353,'rect'
206c6f6e65,6354,' lone'
20746573746564,6355,' tested'
20636f756368,6356,' couch'
2073637265656e73,6357,' screens'
2073686970777265636b,6358,' shipwreck'
666c616b65,6359,'flake'
20636c617773,6360,' claws'
2068756e746572,6361,' hunter'
207365616c6564,6362,' sealed'
6173746963,6363,'astic'
6a657374,6364,'jest'
204361707461696e,6365,' Captain'
7973,6366,'ys'
20747769737473,6367,' twists'
20737461697263617365,6368,' staircase'
20766964656f,6369,' video'
207472616e7370,6370,' transp'
206c6f7765726564,6371,' lowered'
20636861726d696e67,6372,' charming'
7368696674,6373,'shift'
2072656163686573,6374,' reaches'
4d6f6f6e6c69676874,6375,'Moonlight'
205761766573,6376,' Waves'
2053686172696e67,6377,' Sharing'
2062726176657374,6378,' bravest'
6f727468,6379,'orth'
206d65726368616e74,6380,' merchant'
206661696c696e67,6381,' failing'
20746872656174656e696e67,6382,' threatening'
206365696c696e67,6383,' ceiling'
206d61696c,6384,' mail'
2063726f77646564,6385,' crowded'
206167656e74,6386,' agent'
20686f6e6f726564,6387,' honored'
204772616e64,6388,' Grand'
207479706564,6389,' typed'
2062656c6f766564,6390,' beloved'
20747261636b73,6391,' tracks'
20616363657074696e67,6392,' accepting'
205265616c,6393,' Real'
627567,6394,'bug'
206d617463686564,6395,' matched'
4772656174,6396,'Great'
2073756e666c6f77657273,6397,' sunflowers'
207363726f6c6c,6398,' scroll'
20616c61726d73,6399,' alarms'
207761726e,6400,' warn'
20627269676874656e,6401,' brighten'
20636f6e66726f6e746564,6402,' confronted'
757370,6403,'usp'
696e6b6c65,6404,'inkle'
206d6972726f7273,6405,' mirrors'
57616e74,6406,'Want'
206672757374726174696f6e,6407,' frustration'
20456d,6408,' Em'
2063617574696f7573,6409,' cautious'
204c756e,6410,' Lun'
206f62736572,6411,' obser'
2070696c6c6f7773,6412,' pillows'
206d6f6f64,6413,' mood'
4177,6414,'Aw'
66617374,6415,'fast'
6f72657374,6416,'orest'
73746963616c,6417,'stical'
20747269756d7068,6418,' triumph'
20616368696e67,6419,' aching'
204563686f,6420,' Echo'
20666f7572,6421,' four'
6475,6422,'du'
20737479,6423,' sty'
206865616c6564,6424,' healed'
205468726f756768,6425,' Through'
2077686970706564,6426,' whipped'
4272617665,6427,'Brave'
20746872696c6c696e67,6428,' thrilling'
20496e7374616e746c79,6429,' Instantly'
436c6f7365,6430,'Close'
207472616e73666f726d696e67,6431,' transforming'
20636c6561726c79,6432,' clearly'
206869646573,6433,' hides'
20736e6f77666c616b65,6434,' snowflake'
20736d6172746572,6435,' smarter'
20776561706f6e,6436,' weapon'
206578747261,6437,' extra'
2072617074,6438,' rapt'
207374756479696e67,6439,' studying'
204b696473,6440,' Kids'
20626f75,6441,' bou'
207769706564,6442,' wiped'
5761746368,6443,'Watch'
205375727072,6444,' Surpr'
206275727374696e67,6445,' bursting'
20617368616d6564,6446,' ashamed'
467269656e6473,6447,'Friends'
206f7665726a6f796564,6448,' overjoyed'
20706572666f726d6564,6449,' performed'
20626f757175,6450,' bouqu'
20756e746f7563686564,6451,' untouched'
20757073696465,6452,' upside'
206c617a,6453,' laz'
20537072,6454,' Spr'
72616475616c6c79,6455,'radually'
206e61766967,6456,' navig'
206761746573,6457,' gates'
6c6178,6458,'lax'
2064657369726573,6459,' desires'
206b65657073,6460,' keeps'
207374616c6c73,6461,' stalls'
20676c6f7773,6462,' glows'
20506c616e,6463,' Plan'
206b696e6473,6464,' kinds'
20727562626564,6465,' rubbed'
206f76657267726f776e,6466,' overgrown'
69656e746c79,6467,'iently'
776865,6468,'whe'
547279,6469,'Try'
4d616b65,6470,'Make'
656c706572,6471,'elper'
20756e636c65,6472,' uncle'
20636861697273,6473,' chairs'
2068756d6d696e67,6474,' humming'
42656c69657665,6475,'Believe'
796c,6476,'yl'
20636c6170,6477,' clap'
2063616e64696573,6478,' candies'
206375726c6564,6479,' curled'
696c6573,6480,'iles'
20726573697374,6481,' resist'
2064697374726163746564,6482,' distracted'
6176656e,6483,'aven'
207461626c6573,6484,' tables'
206372616273,6485,' crabs'
2066756c6c79,6486,' fully'
20756e6c65,6487,' unle'
576f6e646572,6488,'Wonder'
4d7973746572696f75736c79,6489,'Mysteriously'
4275,6490,'Bu'
206d656c74696e67,6491,' melting'
726966,6492,'rif'
206c6f776572,6493,' lower'
206265616d73,6494,' beams'
20686f726e,6495,' horn'
206b6e6f,6496,' kno'
446573,6497,'Des'
20436865,6498,' Che'
2073616e64636173746c6573,6499,' sandcastles'
6f6d65646179,6500,'omeday'
4b696e646e657373,6501,'Kindness'
4772616475616c6c79,6502,'Gradually'
2062726964676573,6503,' bridges'
2064696d6c79,6504,' dimly'
20696e7374696e637473,6505,' instincts'
206c617a696c79,6506,' lazily'
20696e6e6f766174696f6e,6507,' innovation'
647265616d,6508,'dream'
2066696e73,6509,' fins'
5761726d,6510,'Warm'
616347,6511,'acG'
204d616347,6512,' MacG'
2068616e64696e67,6513,' handing'
6a6573746963,6514,'jestic'
20676f616c73,6515,' goals'
20736970,6516,' sip'
726f72,6517,'ror'
6f6f6b6564,6518,'ooked'
204d616347756666696e,6519,' MacGuffin'
206d75747465726564,6520,' muttered'
206164766973,6521,' advis'
6c6f7374,6522,'lost'
207374697272696e67,6523,' stirring'
20636c756d73,6524,' clums'
20636f6e73756d,6525,' consum'
20756e6465727374616e6473,6526,' understands'
207375726661636564,6527,' surfaced'
7573746f6d,6528,'ustom'
20657870656374696e67,6529,' expecting'
7265616b,6530,'reak'
20446f7562,6531,' Doub'
2073656c766573,6532,' selves'
746c696e67,6533,'tling'
2061707065617273,6534,' appears'
206d6167696369616e,6535,' magician'
2061646d6972696e67,6536,' admiring'
4c6976656c79,6537,'Lively'
20756e646572666f6f74,6538,' underfoot'
206469727479,6539,' dirty'
2062696e64,6540,' bind'
20616c6c6f776564,6541,' allowed'
206f626a65637473,6542,' objects'
20636f6e666c696374,6543,' conflict'
2061646a757374,6544,' adjust'
206361726e,6545,' carn'
206d65726d61696473,6546,' mermaids'
6f6c74,6547,'olt'
20636f6d706c6574656c79,6548,' completely'
20736f6d65646179,6549,' someday'
61746879,6550,'athy'
206c6f7473,6551,' lots'
205361747572,6552,' Satur'
7465726f64,6553,'terod'
7465726f64616374,6554,'terodact'
5368696e79,6555,'Shiny'
20636c6561726572,6556,' clearer'
206d7573696369616e,6557,' musician'
616379,6558,'acy'
20666f65,6559,' foe'
2062756d70,6560,' bump'
646765,6561,'dge'
20726562,6562,' reb'
20576f,6563,' Wo'
206e6170,6564,' nap'
207363616e6e6564,6565,' scanned'
206c6567656e64617279,6566,' legendary'
20537069726974,6567,' Spirit'
204f7572,6568,' Our'
207265666c656374696f6e73,6569,' reflections'
2053697474696e67,6570,' Sitting'
205a6f72,6571,' Zor'
20726164,6572,' rad'
2072656c6178,6573,' relax'
6f6c6f67,6574,'olog'
61766572,6575,'aver'
20666f7274756e65,6576,' fortune'
20536d,6577,' Sm'
20696e6e6f63,6578,' innoc'
20736c616d6d6564,6579,' slammed'
206d7973746963616c,6580,' mystical'
206c6f76696e67,6581,' loving'
20627265616b66617374,6582,' breakfast'
20547572,6583,' Tur'
446172696e67,6584,'Daring'
20696e636c75646564,6585,' included'
20616476656e7475726f7573,6586,' adventurous'
2048656c706572,6587,' Helper'
5468616e6b73,6588,'Thanks'
207175657374696f6e6564,6589,' questioned'
2074616c6b73,6590,' talks'
20726962626f6e,6591,' ribbon'
2072656d61696e73,6592,' remains'
20626174746572,6593,' batter'
65616d776f726b,6594,'eamwork'
20676c6f6f6d79,6595,' gloomy'
2046727573747261746564,6596,' Frustrated'
61636b6574,6597,'acket'
20696e666f726d6174696f6e,6598,' information'
20636f6e766572736174696f6e,6599,' conversation'
20616e6368,6600,' anch'
2073746565726564,6601,' steered'
207363656e6573,6602,' scenes'
6974746572,6603,'itter'
206d6f766965,6604,' movie'
6f6f7365,6605,'oose'
4167,6606,'Ag'
2072657761726473,6607,' rewards'
2074616c656e7473,6608,' talents'
207472616e73706f72746564,6609,' transported'
20777265636b,6610,' wreck'
20737461636b6564,6611,' stacked'
206d757365756d,6612,' museum'
66726565,6613,'free'
20706c6163696e67,6614,' placing'
61707079,6615,'appy'
766973,6616,'vis'
206c756e676564,6617,' lunged'
756d656e74,6618,'ument'
20436c696d62696e67,6619,' Climbing'
69746368,6620,'itch'
2053746172746c6564,6621,' Startled'
2066657374,6622,' fest'
776e6564,6623,'wned'
2044696e,6624,' Din'
206265636f6d6573,6625,' becomes'
206c616479627567,6626,' ladybug'
44656c69676874,6627,'Delight'
207472616e73666f726d6174696f6e,6628,' transformation'
52756e,6629,'Run'
706c616365,6630,'place'
206265636b6f6e6564,6631,' beckoned'
2061726368,6632,' arch'
2070616374,6633,' pact'
616e6564,6634,'aned'
5573696e67,6635,'Using'
4368656572,6636,'Cheer'
20676c65616d696e67,6637,' gleaming'
646f776e,6638,'down'
20727573746564,6639,' rusted'
2073636f6f70,6640,' scoop'
2068656c6d,6641,' helm'
206d61726b696e67,6642,' marking'
7469,6643,'ti'
20616476656e747572657273,6644,' adventurers'
686f,6645,'ho'
2072657175,6646,' requ'
72697365,6647,'rise'
486f6e65737479,6648,'Honesty'
207370696c6c696e67,6649,' spilling'
49676e6f72696e67,6650,'Ignoring'
20637573746f6d,6651,' custom'
20626f756e6365,6652,' bounce'
2073757370,6653,' susp'
636f7665726564,6654,'covered'
2077696c74,6655,' wilt'
20547269,6656,' Tri'
6e646570656e64656e6365,6657,'ndependence'
20736e6170706564,6658,' snapped'
2070726f70,6659,' prop'
207069636b73,6660,' picks'
206d65737361676573,6661,' messages'
20706c617973,6662,' plays'
206261736562616c6c,6663,' baseball'
20417274,6664,' Art'
20417265,6665,' Are'
6265616d,6666,'beam'
5568,6667,'Uh'
4d6f6e,6668,'Mon'
20636f6d657473,6669,' comets'
20696e74656e74,6670,' intent'
20457665,6671,' Eve'
61676e69666963,6672,'agnific'
5368617265,6673,'Share'
617264757374,6674,'ardust'
206265617273,6675,' bears'
7374616e64696e67,6676,'standing'
206b6e656573,6677,' knees'
206361726e6976616c,6678,' carnival'
207761726d6572,6679,' warmer'
75697473,6680,'uits'
617a7a,6681,'azz'
207472656d626c65,6682,' tremble'
207363686f6c,6683,' schol'
2073696e6b696e67,6684,' sinking'
63696e67,6685,'cing'
2076657273,6686,' vers'
20647261776572,6687,' drawer'
2067656e65726f7573,6688,' generous'
206c6f79616c7479,6689,' loyalty'
206261636b64726f70,6690,' backdrop'
205261696e626f77,6691,' Rainbow'
2070617469656e74,6692,' patient'
2064617274,6693,' dart'
20657373,6694,' ess'
6d6f,6695,'mo'
2073616e6473,6696,' sands'
62656c696566,6697,'belief'
616e6379,6698,'ancy'
2073796d,6699,' sym'
207265656673,6700,' reefs'
2073706972,6701,' spir'
756768,6702,'ugh'
20646973617070656172696e67,6703,' disappearing'
2053616d,6704,' Sam'
20636f6e63657274,6705,' concert'
20646f74,6706,' dot'
2063617272696573,6707,' carries'
20736f7572,6708,' sour'
204c617374,6709,' Last'
2074687265616473,6710,' threads'
206368617474696e67,6711,' chatting'
2077616e646572,6712,' wander'
206d756e6368696e67,6713,' munching'
2070656572696e67,6714,' peering'
20737072696e746564,6715,' sprinted'
204f6c64,6716,' Old'
2068617264657374,6717,' hardest'
20626c617374,6718,' blast'
20776967676c6564,6719,' wiggled'
6167676564,6720,'agged'
20636972636c6564,6721,' circled'
207370656e64,6722,' spend'
206c6567616379,6723,' legacy'
20666f676779,6724,' foggy'
2068757274696e67,6725,' hurting'
63616e6f,6726,'cano'
20776970696e67,6727,' wiping'
2063616d7066697265,6728,' campfire'
2073747265746368,6729,' stretch'
20636f6e6e65637473,6730,' connects'
2073637572,6731,' scur'
206c697374656e73,6732,' listens'
206d6f72616c,6733,' moral'
207761737465,6734,' waste'
20696e74726f,6735,' intro'
20696e74726f6475,6736,' introdu'
2074617374696e67,6737,' tasting'
20706c617966756c6c79,6738,' playfully'
206c6f76657273,6739,' lovers'
2061706f6c6f67,6740,' apolog'
204d617273,6741,' Mars'
2064697362656c696566,6742,' disbelief'
20646973686573,6743,' dishes'
206d696e69,6744,' mini'
20736d69726b6564,6745,' smirked'
546f6e69676874,6746,'Tonight'
2073636f6666,6747,' scoff'
206d6f76656d656e7473,6748,' movements'
20647265616d657273,6749,' dreamers'
206865646765,6750,' hedge'
207377616c6c6f77,6751,' swallow'
6c79696e67,6752,'lying'
20636f6e6365726e,6753,' concern'
20706c617465,6754,' plate'
20646973747572,6755,' distur'
2073697070696e67,6756,' sipping'
206162696c697479,6757,' ability'
69736d,6758,'ism'
20456e,6759,' En'
20766f6c63616e6f,6760,' volcano'
726f7573,6761,'rous'
426f74,6762,'Bot'
686f67,6763,'hog'
61676e69666963656e74,6764,'agnificent'
4c69676874,6765,'Light'
656c7479,6766,'elty'
204c756e61,6767,' Luna'
2068656176696e657373,6768,' heaviness'
6e6573,6769,'nes'
20736f6674656e696e67,6770,' softening'
20636f6d6d6f6e,6771,' common'
576173,6772,'Was'
69626c79,6773,'ibly'
207472616465,6774,' trade'
2054726565,6775,' Tree'
20506f776572,6776,' Power'
206361726566726565,6777,' carefree'
20676c7565,6778,' glue'
20636f6c6c6170,6779,' collap'
206472756d73,6780,' drums'
626572,6781,'ber'
70696c6c,6782,'pill'
436f7572616765,6783,'Courage'
546f6d6f72726f77,6784,'Tomorrow'
20696e73747275,6785,' instru'
6163747573,6786,'actus'
2068697474696e67,6787,' hitting'
206275726e696e67,6788,' burning'
20576f726473,6789,' Words'
207365727665,6790,' serve'
2068756e74657273,6791,' hunters'
206379636c65,6792,' cycle'
476c697374656e696e67,6793,'Glistening'
756e64,6794,'und'
57616e646572696e67,6795,'Wandering'
696b,6796,'ik'
206c6170,6797,' lap'
20616d6964,6798,' amid'
7665726e,6799,'vern'
206372757368,6800,' crush'
2068696b65,6801,' hike'
7465726f64616374796c,6802,'terodactyl'
20776f6e6465726c616e64,6803,' wonderland'
20737563636565646564,6804,' succeeded'
2057696e746572,6805,' Winter'
20526576656e6765,6806,' Revenge'
206475636b6564,6807,' ducked'
2066616e6379,6808,' fancy'
2070616e656c,6809,' panel'
207269736b73,6810,' risks'
2070726f6772,6811,' progr'
20646179647265616d,6812,' daydream'
2073776565746e657373,6813,' sweetness'
20747269616c73,6814,' trials'
48617374,6815,'Hast'
20736970706564,6816,' sipped'
205265616c697a696e67,6817,' Realizing'
416761696e7374,6818,'Against'
2070757474696e67,6819,' putting'
2070756c6c73,6820,' pulls'
2061737465726f6964,6821,' asteroid'
20736c696365,6822,' slice'
2077686f7365,6823,' whose'
20737072616e67,6824,' sprang'
207363616e6e696e67,6825,' scanning'
616c696e67,6826,'aling'
20756e646572636f766572,6827,' undercover'
2063686f6f73696e67,6828,' choosing'
20617272697665,6829,' arrive'
2069676e6f72696e67,6830,' ignoring'
206d6564616c,6831,' medal'
20626f7571756574,6832,' bouquet'
20466c75666679,6833,' Fluffy'
206661696e746c79,6834,' faintly'
20676c696e74,6835,' glint'
726f75646564,6836,'rouded'
205477696e6b6c65,6837,' Twinkle'
20737469636b79,6838,' sticky'
20656e64696e67,6839,' ending'
207368726f75646564,6840,' shrouded'
2067756d,6841,' gum'
726f67,6842,'rog'
20747261696c73,6843,' trails'
206368616d70696f6e,6844,' champion'
2067726579,6845,' grey'
206c6964,6846,' lid'
2068696c6c746f70,6847,' hilltop'
20776f72746879,6848,' worthy'
2072756d6f72,6849,' rumor'
205a6f67,6850,' Zog'
204f70,6851,' Op'
2068656c706572,6852,' helper'
20667572696f7573,6853,' furious'
206372617a79,6854,' crazy'
204669727374,6855,' First'
206865646765686f67,6856,' hedgehog'
206d6172626c65,6857,' marble'
20637275656c7479,6858,' cruelty'
20666c6564,6859,' fled'
20666c6f7572697368,6860,' flourish'
206261727269,6861,' barri'
20746f6d61746f6573,6862,' tomatoes'
5465617273,6863,'Tears'
207765696768746c657373,6864,' weightless'
20636f6465,6865,' code'
20646973706c6179,6866,' display'
2072756d6f7273,6867,' rumors'
206d69647374,6868,' midst'
207469746c65,6869,' title'
73746f726d,6870,'storm'
20636f6e736964,6871,' consid'
417274,6872,'Art'
627265616b,6873,'break'
426f6c646c79,6874,'Boldly'
20737472756d,6875,' strum'
2063656c6562726174696f6e73,6876,' celebrations'
20707570706574,6877,' puppet'
61646974696f6e,6878,'adition'
74696d,6879,'tim'
2066616c7365,6880,' false'
2073636f66666564,6881,' scoffed'
2073756e6b656e,6882,' sunken'
206372756e6368,6883,' crunch'
53696c6c79,6884,'Silly'
78696f75736c79,6885,'xiously'
20656c656374,6886,' elect'
206d696c6c,6887,' mill'
2047656d,6888,' Gem'
2070726f76656e,6889,' proven'
20636f6e7374656c6c,6890,' constell'
20636c756d7379,6891,' clumsy'
616e636564,6892,'anced'
20666f637573696e67,6893,' focusing'
49736e,6894,'Isn'
20636f7573696e,6895,' cousin'
2067657374,6896,' gest'
207072657373,6897,' press'
204d65616e7768696c65,6898,' Meanwhile'
2066756c66696c6c6564,6899,' fulfilled'
2073706564,6900,' sped'
2067616467657473,6901,' gadgets'
656e6572,6902,'ener'
2063617270,6903,' carp'
206d616e73696f6e,6904,' mansion'
206372756d6273,6905,' crumbs'
62626c696e67,6906,'bbling'
20746172,6907,' tar'
2061696d,6908,' aim'
20636c6179,6909,' clay'
20677261636566756c,6910,' graceful'
6f7573616e64,6911,'ousand'
61736973,6912,'asis'
4d6f6e746873,6913,'Months'
20726576,6914,' rev'
4f6f7073,6915,'Oops'
20706172746e657273,6916,' partners'
206566666f727473,6917,' efforts'
2074686f7573616e64,6918,' thousand'
20416e67,6919,' Ang'
204772616e646d61,6920,' Grandma'
20617474656d7074,6921,' attempt'
2072697065,6922,' ripe'
2052756d,6923,' Rum'
20636f72616c73,6924,' corals'
20626974696e67,6925,' biting'
657070696e67,6926,'epping'
20706f696e7473,6927,' points'
20736c697070,6928,' slipp'
2070726573656e746564,6929,' presented'
205965617273,6930,' Years'
2074697073,6931,' tips'
2066696e697368696e67,6932,' finishing'
206d6f74696f6e,6933,' motion'
206d61696c626f78,6934,' mailbox'
206b69636b696e67,6935,' kicking'
20626f74746c6573,6936,' bottles'
206465656473,6937,' deeds'
20737061726b73,6938,' sparks'
696c6172,6939,'ilar'
2048696464656e,6940,' Hidden'
2073756e72697365,6941,' sunrise'
204c6f676963,6942,' Logic'
20726f77,6943,' row'
206361746572,6944,' cater'
20636174657270696c6c,6945,' caterpill'
69707079,6946,'ippy'
20687574,6947,' hut'
207765617279,6948,' weary'
5768696d73,6949,'Whims'
657274,6950,'ert'
756768696e67,6951,'ughing'
2067617370696e67,6952,' gasping'
207461747465726564,6953,' tattered'
206265616d696e67,6954,' beaming'
20726f6172696e67,6955,' roaring'
20726f6f74,6956,' root'
20646576,6957,' dev'
62626c79,6958,'bbly'
616473,6959,'ads'
6c6573736c79,6960,'lessly'
20696e74726f6475636564,6961,' introduced'
5375727072697365,6962,'Surprise'
20736372617073,6963,' scraps'
5472656573,6964,'Trees'
20706f74696f6e73,6965,' potions'
20636f77,6966,' cow'
20757267656e6379,6967,' urgency'
2063686174746572,6968,' chatter'
20736d69726b,6969,' smirk'
204469736170706f696e746564,6970,' Disappointed'
207265666c656374,6971,' reflect'
20466f72657374,6972,' Forest'
20737472656e67746873,6973,' strengths'
20726566726573,6974,' refres'
61636c65,6975,'acle'
205361747572646179,6976,' Saturday'
20717565656e73,6977,' queens'
20666c6f6f64696e67,6978,' flooding'
20736e65616b696e67,6979,' sneaking'
206574,6980,' et'
206f627374,6981,' obst'
204861707079,6982,' Happy'
2062726f77,6983,' brow'
20736f6c6974756465,6984,' solitude'
616e676573,6985,'anges'
206c696b6573,6986,' likes'
206f766572776865,6987,' overwhe'
4c6f7564,6988,'Loud'
62616e64,6989,'band'
6461,6990,'da'
204772,6991,' Gr'
20776869726c77696e64,6992,' whirlwind'
20776f727374,6993,' worst'
20746869636b656e6564,6994,' thickened'
2077696c6c696e67,6995,' willing'
2070756d706b696e73,6996,' pumpkins'
636f726e,6997,'corn'
206361726473,6998,' cards'
206c6f6f7365,6999,' loose'
2076696f6c656e746c79,7000,' violently'
20627265616b73,7001,' breaks'
206368616e636573,7002,' chances'
2072657472656174,7003,' retreat'
207374617264757374,7004,' stardust'
2064656c6963617465,7005,' delicate'
2079656c6c6f776564,7006,' yellowed'
20776869736b6564,7007,' whisked'
476574,7008,'Get'
53746172,7009,'Star'
20737175696e746564,7010,' squinted'
20637261766564,7011,' craved'
20656c656374726963,7012,' electric'
496d6167,7013,'Imag'
20616d62,7014,' amb'
206177616b65,7015,' awake'
206372656174697665,7016,' creative'
2063757465,7017,' cute'
2068616e64736f6d65,7018,' handsome'
2068656967687473,7019,' heights'
206177616b656e6564,7020,' awakened'
20636c61696d696e67,7021,' claiming'
20646563656974,7022,' deceit'
20626f72726f77,7023,' borrow'
756e6e,7024,'unn'
62697264,7025,'bird'
2062756e64,7026,' bund'
20556e,7027,' Un'
2072756d6f726564,7028,' rumored'
204361726566756c6c79,7029,' Carefully'
2062756c6c,7030,' bull'
696479,7031,'idy'
576f6e64657273,7032,'Wonders'
2072657475726e73,7033,' returns'
20616c74,7034,' alt'
6f72616c,7035,'oral'
20666c6974746564,7036,' flitted'
4c61,7037,'La'
20636f6e7461696e,7038,' contain'
2063616d70696e67,7039,' camping'
6f6e696e67,7040,'oning'
2072656275696c74,7041,' rebuilt'
20656e67696e6573,7042,' engines'
20726174686572,7043,' rather'
206465636f72617465,7044,' decorate'
75737479,7045,'usty'
2073747564696f,7046,' studio'
656e65726f73697479,7047,'enerosity'
20426c7565,7048,' Blue'
76616c73,7049,'vals'
207472696265,7050,' tribe'
2072656d696e6473,7051,' reminds'
20426568696e64,7052,' Behind'
2063616e73,7053,' cans'
206c6962726172,7054,' librar'
2065786974,7055,' exit'
2044696767696e67,7056,' Digging'
20726976616c73,7057,' rivals'
20626c61726564,7058,' blared'
207175697465,7059,' quite'
20626174746c6564,7060,' battled'
207363686f6c6172,7061,' scholar'
20666c6173686573,7062,' flashes'
7374656d,7063,'stem'
2076696e65,7064,' vine'
20726174,7065,' rat'
20636f756e746572,7066,' counter'
20616e67656c73,7067,' angels'
20536f6d656f6e65,7068,' Someone'
2066697665,7069,' five'
20636172706574,7070,' carpet'
20617272616e676564,7071,' arranged'
456d6572,7072,'Emer'
20737072696e6b6c65,7073,' sprinkle'
2073747572,7074,' stur'
207374726565746c69676874,7075,' streetlight'
20736c6964696e67,7076,' sliding'
206d656e74696f6e,7077,' mention'
206173686f7265,7078,' ashore'
2062756d706564,7079,' bumped'
20726570726573656e746564,7080,' represented'
6973696e676c79,7081,'isingly'
20666573746976,7082,' festiv'
20736c697070657279,7083,' slippery'
2062656c6965766573,7084,' believes'
48617374696c79,7085,'Hastily'
20636c6173686564,7086,' clashed'
2063726561746573,7087,' creates'
20677561726469616e73,7088,' guardians'
4665,7089,'Fe'
6570656e64656e74,7090,'ependent'
206372616674696e67,7091,' crafting'
5265616368696e67,7092,'Reaching'
476c6f6f6d,7093,'Gloom'
207469636b6c6564,7094,' tickled'
2072756e6e657273,7095,' runners'
206461726b656e696e67,7096,' darkening'
20736f6f74,7097,' soot'
2063727573686564,7098,' crushed'
53686f77,7099,'Show'
6f7274696e67,7100,'orting'
206d616e61676564,7101,' managed'
207461756e,7102,' taun'
207374656164,7103,' stead'
20726f616473,7104,' roads'
20646f6c6c73,7105,' dolls'
2070696e65,7106,' pine'
20746172676574,7107,' target'
2046726f7374,7108,' Frost'
20737475726479,7109,' sturdy'
20616c746172,7110,' altar'
20676c696465,7111,' glide'
20636f6f6c6572,7112,' cooler'
616e63696e67,7113,'ancing'
2077726f6e676564,7114,' wronged'
206f757273,7115,' ours'
206f6365616e73,7116,' oceans'
206b696e67646f6d73,7117,' kingdoms'
206765617273,7118,' gears'
20656d6f74696f6e,7119,' emotion'
4164,7120,'Ad'
20626c6f77696e67,7121,' blowing'
2070726f766564,7122,' proved'
696d616c73,7123,'imals'
72656469626c79,7124,'redibly'
496e6372656469626c79,7125,'Incredibly'
4265696e67,7126,'Being'
20626c696e646564,7127,' blinded'
20706f636b657473,7128,' pockets'
20736c6565,7129,' slee'
2074756e6573,7130,' tunes'
204c6967687473,7131,' Lights'
206173686573,7132,' ashes'
616e6775,7133,'angu'
20746869636b6572,7134,' thicker'
20676c697374,7135,' glist'
656c6f63,7136,'eloc'
204f776c,7137,' Owl'
204d75736963,7138,' Music'
5468726565,7139,'Three'
416d617a696e676c79,7140,'Amazingly'
2073746f7070696e67,7141,' stopping'
206d696e757465,7142,' minute'
416476656e74757265,7143,'Adventure'
207365706172,7144,' separ'
20686f7572676c617373,7145,' hourglass'
207265636f676e697a6564,7146,' recognized'
205768656e65766572,7147,' Whenever'
20777269746573,7148,' writes'
20756e69736f6e,7149,' unison'
2072656369706573,7150,' recipes'
2063617574696f75736c79,7151,' cautiously'
616c6c6f6f6e,7152,'alloon'
207363757272696564,7153,' scurried'
626c6564,7154,'bled'
2064726f6e65,7155,' drone'
756d656e7473,7156,'uments'
206f6e6c696e65,7157,' online'
6972617074,7158,'irapt'
656c6f636972617074,7159,'elocirapt'
206f61736973,7160,' oasis'
20696e646570656e64656e74,7161,' independent'
206c616e6775,7162,' langu'
206275636b6574,7163,' bucket'
206e657473,7164,' nets'
2073746f6d706564,7165,' stomped'
656e7469616c,7166,'ential'
20737472756374,7167,' struct'
726964,7168,'rid'
20616374697661746564,7169,' activated'
2073746f7073,7170,' stops'
426c,7171,'Bl'
206275726e,7172,' burn'
20646573706572617465,7173,' desperate'
2073797374656d,7174,' system'
206261736b657473,7175,' baskets'
6d61676573,7176,'mages'
2074686f7567687466756c,7177,' thoughtful'
20636f6e74726164696374696f6e73,7178,' contradictions'
617463686564,7179,'atched'
506f776572,7180,'Power'
627765,7181,'bwe'
20616c61726d,7182,' alarm'
20746f75726e,7183,' tourn'
2077696e73,7184,' wins'
6277656273,7185,'bwebs'
20676c697374656e6564,7186,' glistened'
206a756e6b,7187,' junk'
20456c646f726961,7188,' Eldoria'
20656e76656c6f7065,7189,' envelope'
4d6f756e7461696e73,7190,'Mountains'
676f736175727573,7191,'gosaurus'
6164696e67,7192,'ading'
2068617465,7193,' hate'
2077686f65766572,7194,' whoever'
206d61696e,7195,' main'
20666c617368696e67,7196,' flashing'
7068657265,7197,'phere'
6d6f737068657265,7198,'mosphere'
2061746d6f737068657265,7199,' atmosphere'
206469736173746572,7200,' disaster'
206c696272617269616e,7201,' librarian'
20686f7665726564,7202,' hovered'
20746f75726e616d656e74,7203,' tournament'
2073697475,7204,' situ'
2072616973696e67,7205,' raising'
20737461726c69676874,7206,' starlight'
20646172696e67,7207,' daring'
2062616c63,7208,' balc'
20416e676572,7209,' Anger'
20746170706564,7210,' tapped'
20626173656d656e74,7211,' basement'
20687573,7212,' hus'
2062616c636f6e79,7213,' balcony'
20676f626c,7214,' gobl'
20636174657270696c6c6172,7215,' caterpillar'
2063617365,7216,' case'
206372756d626c65,7217,' crumble'
206578706c61696e696e67,7218,' explaining'
20686f6c6964617973,7219,' holidays'
20696e76656e74696f6e73,7220,' inventions'
416e78696f75736c79,7221,'Anxiously'
20756e64,7222,' und'
206865616c7468,7223,' health'
69766573,7224,'ives'
20696e74656e74696f6e73,7225,' intentions'
206561726e6564,7226,' earned'
6f6f6c79,7227,'ooly'
726f6e79,7228,'rony'
207468726f776e,7229,' thrown'
20636f6e7374656c6c6174696f6e73,7230,' constellations'
20726170746f72,7231,' raptor'
20426f74,7232,' Bot'
20557365,7233,' Use'
207374756e67,7234,' stung'
2074726163696e67,7235,' tracing'
20736f616b696e67,7236,' soaking'
4f6365616e,7237,'Ocean'
204e656172,7238,' Near'
20736b6970,7239,' skip'
616d6d65726564,7240,'ammered'
20547572746c65,7241,' Turtle'
20657868,7242,' exh'
207765616b6e657373,7243,' weakness'
2072656672657368696e67,7244,' refreshing'
20506c65617365,7245,' Please'
6772616e64,7246,'grand'
576f72,7247,'Wor'
726176656c,7248,'ravel'
20656c6465726c79,7249,' elderly'
726976696e67,7250,'riving'
20706f70636f726e,7251,' popcorn'
20476c696d6d6572,7252,' Glimmer'
206d6972726f726564,7253,' mirrored'
207265756e696f6e,7254,' reunion'
20666c6f776e,7255,' flown'
20657373656e6365,7256,' essence'
206e61696c,7257,' nail'
2072656d6e,7258,' remn'
20636f6e76,7259,' conv'
207377656174,7260,' sweat'
2062756e646c6564,7261,' bundled'
2068757362616e64,7262,' husband'
206f6666696365,7263,' office'
646f,7264,'do'
206669737473,7265,' fists'
207669766964,7266,' vivid'
2072696e6773,7267,' rings'
616464,7268,'add'
53757270726973696e676c79,7269,'Surprisingly'
7562,7270,'ub'
206164756c7473,7271,' adults'
20416e696d616c73,7272,' Animals'
4172,7273,'Ar'
2073686f756c646e,7274,' shouldn'
206172726f77,7275,' arrow'
20616972706c,7276,' airpl'
2074696479,7277,' tidy'
2067726f616e6564,7278,' groaned'
20736163726966,7279,' sacrif'
206a757374696365,7280,' justice'
20636861696e,7281,' chain'
20656e73,7282,' ens'
20536561,7283,' Sea'
6175676874,7284,'aught'
20636163747573,7285,' cactus'
2074696768746572,7286,' tighter'
206c696e676572,7287,' linger'
2070696c6573,7288,' piles'
204f70656e696e67,7289,' Opening'
6f72696f7573,7290,'orious'
2066726f776e696e67,7291,' frowning'
4372,7292,'Cr'
656c6f6369726170746f72,7293,'elociraptor'
20756e68,7294,' unh'
205365656b657273,7295,' Seekers'
696c696573,7296,'ilies'
617574696f75736c79,7297,'autiously'
207061726b73,7298,' parks'
206c616e6775616765,7299,' language'
206a617273,7300,' jars'
2070696e,7301,' pin'
6d6d,7302,'mm'
2073636172696e67,7303,' scaring'
2073686f76656c73,7304,' shovels'
416476656e7475726f7573,7305,'Adventurous'
6f6f6c79617264,7306,'oolyard'
207363686f6f6c79617264,7307,' schoolyard'
207365636f6e6473,7308,' seconds'
2073616c65,7309,' sale'
20666c6f7773,7310,' flows'
2062726f6f6b,7311,' brook'
2074617070696e67,7312,' tapping'
20746965,7313,' tie'
697a6573,7314,'izes'
206f72616e676573,7315,' oranges'
206372696d,7316,' crim'
2073696e676572,7317,' singer'
2066617274,7318,' fart'
2070656e6775,7319,' pengu'
2077617272696f7273,7320,' warriors'
61636865,7321,'ache'
206f7574736d6172746564,7322,' outsmarted'
2064617274696e67,7323,' darting'
2063757073,7324,' cups'
207374617267,7325,' starg'
20646566656e64,7326,' defend'
20537572707269736564,7327,' Surprised'
20657463686564,7328,' etched'
2074656e7365,7329,' tense'
6f68,7330,'oh'
537061726b,7331,'Spark'
657370697465,7332,'espite'
20646976,7333,' div'
20656e6368616e74696e67,7334,' enchanting'
20676f6f6473,7335,' goods'
2046696c6c6564,7336,' Filled'
207363686f6f6c73,7337,' schools'
20626c656e646564,7338,' blended'
207477696365,7339,' twice'
20706562626c6573,7340,' pebbles'
2073696c6b,7341,' silk'
2077696665,7342,' wife'
207370726f757473,7343,' sprouts'
6b77617264,7344,'kward'
206d656e74696f6e6564,7345,' mentioned'
2070656e64,7346,' pend'
206e6572766573,7347,' nerves'
20736b657463686573,7348,' sketches'
20726f7773,7349,' rows'
206c696768746e657373,7350,' lightness'
206472697665,7351,' drive'
6f757261676564,7352,'ouraged'
206772696666,7353,' griff'
6f7070,7354,'opp'
6164697365,7355,'adise'
5265616479,7356,'Ready'
6c6574,7357,'let'
2064657369676e73,7358,' designs'
20746f6573,7359,' toes'
75727279,7360,'urry'
20496d61676573,7361,' Images'
616e6473,7362,'ands'
54656e6465726c79,7363,'Tenderly'
6f78,7364,'ox'
2068656c706c657373,7365,' helpless'
206e7572747572696e67,7366,' nurturing'
206573636170,7367,' escap'
456d657267696e67,7368,'Emerging'
20636f6e74726164696374696f6e,7369,' contradiction'
206578706c6f726174696f6e,7370,' exploration'
206d657265,7371,' mere'
2066656564696e67,7372,' feeding'
20737072696e6b6c6573,7373,' sprinkles'
20576973686573,7374,' Wishes'
206e7564676564,7375,' nudged'
2046616d696c696573,7376,' Families'
20626c7573686564,7377,' blushed'
20636f6c64657374,7378,' coldest'
20756e666f72,7379,' unfor'
2066656172696e67,7380,' fearing'
20746f6e67,7381,' tong'
206c617a79,7382,' lazy'
205a69707079,7383,' Zippy'
207468696e6b6572,7384,' thinker'
20616c6c657973,7385,' alleys'
205468756e646572,7386,' Thunder'
206f75747369646572,7387,' outsider'
6669656c64,7388,'field'
20667265657a65,7389,' freeze'
2073747265616d696e67,7390,' streaming'
617a65,7391,'aze'
65726572,7392,'erer'
2062756e6368,7393,' bunch'
206c656170696e67,7394,' leaping'
20666c616773,7395,' flags'
206369726375697473,7396,' circuits'
20726573637565,7397,' rescue'
4c6561766573,7398,'Leaves'
756e74,7399,'unt'
2067616e67,7400,' gang'
2074656d7074,7401,' tempt'
54686f75676874,7402,'Thought'
20496e646570656e64656e6365,7403,' Independence'
206772696666696e,7404,' griffin'
536164,7405,'Sad'
205472757468,7406,' Truth'
2046697265,7407,' Fire'
206e6565646c65,7408,' needle'
2073706f746c69676874,7409,' spotlight'
2049726f6e79,7410,' Irony'
20737570706f7274696e67,7411,' supporting'
20726f7574696e65,7412,' routine'
2063686170,7413,' chap'
20666c6565,7414,' flee'
20626c6f73736f6d73,7415,' blossoms'
20696e766974,7416,' invit'
20636f6c6f726564,7417,' colored'
6167656479,7418,'agedy'
20686f6e6f72696e67,7419,' honoring'
206e6176696761746564,7420,' navigated'
207061726164697365,7421,' paradise'
206c6f6773,7422,' logs'
20736f6c64696572,7423,' soldier'
5374616e64696e67,7424,'Standing'
617773,7425,'aws'
20576f726b696e67,7426,' Working'
2073756d6d6f6e6564,7427,' summoned'
2052756d6f7273,7428,' Rumors'
2076617365,7429,' vase'
20746572726966,7430,' terrif'
204c61756768696e67,7431,' Laughing'
206d6972,7432,' mir'
2073686f726573,7433,' shores'
20636f6f6c6e657373,7434,' coolness'
46697265,7435,'Fire'
20506c616e6574,7436,' Planet'
206c65616e696e67,7437,' leaning'
2072656d6e616e7473,7438,' remnants'
206d696e67,7439,' ming'
2073697a6573,7440,' sizes'
20616261636b,7441,' aback'
2061727269766573,7442,' arrives'
2070656e64616e74,7443,' pendant'
696f6e73686970,7444,'ionship'
20466c756666,7445,' Fluff'
20756e77,7446,' unw'
207368616b6573,7447,' shakes'
6b6572,7448,'ker'
2073696e6773,7449,' sings'
206261636b67726f756e64,7450,' background'
6573706f6e73,7451,'espons'
207365656b6572,7452,' seeker'
20636f6d6d756e6963,7453,' communic'
20626174686564,7454,' bathed'
2073706c6173686573,7455,' splashes'
2061646a7573746564,7456,' adjusted'
20766963746f72696f7573,7457,' victorious'
2077617265,7458,' ware'
6174746572,7459,'atter'
207377696d73,7460,' swims'
54686f7365,7461,'Those'
446f776e,7462,'Down'
57686973706572696e67,7463,'Whispering'
20666561726c657373,7464,' fearless'
2070617274696573,7465,' parties'
20617761697473,7466,' awaits'
20626561737473,7467,' beasts'
206e757274757265,7468,' nurture'
6563746172,7469,'ectar'
2061647669736564,7470,' advised'
20636f6d666f72746564,7471,' comforted'
2077617265686f757365,7472,' warehouse'
43617574696f75736c79,7473,'Cautiously'
617a6564,7474,'azed'
206272696566,7475,' brief'
2076657273696f6e,7476,' version'
20537061726b6c65,7477,' Sparkle'
20636f6d666f7274696e67,7478,' comforting'
2068616e6466756c,7479,' handful'
20617274696661637473,7480,' artifacts'
2067726561746e657373,7481,' greatness'
6e6974,7482,'nit'
206368697073,7483,' chips'
6e6973,7484,'nis'
20736974756174696f6e,7485,' situation'
206261636b73,7486,' backs'
20636c656e,7487,' clen'
466965726365,7488,'Fierce'
20626f7373,7489,' boss'
20616d69647374,7490,' amidst'
205472757374696e67,7491,' Trusting'
2073747566666564,7492,' stuffed'
6573706f6e736962696c697479,7493,'esponsibility'
2066696c74,7494,' filt'
20736f6c616365,7495,' solace'
2063657265,7496,' cere'
4472,7497,'Dr'
2064657365727665,7498,' deserve'
20737472756d6d6564,7499,' strummed'
2062726f6f6d,7500,' broom'
20666f72676564,7501,' forged'
6363,7502,'cc'
6572766f7573,7503,'ervous'
2067617370,7504,' gasp'
206d61676e69666963656e74,7505,' magnificent'
20676e6177,7506,' gnaw'
2074726167656479,7507,' tragedy'
206d696e696174757265,7508,' miniature'
207061726b6564,7509,' parked'
69657273,7510,'iers'
6d6963,7511,'mic'
436f6e6675736564,7512,'Confused'
2073686170696e67,7513,' shaping'
207175696c74,7514,' quilt'
20646167,7515,' dag'
206275646765,7516,' budge'
20626f6c,7517,' bol'
20636c6f756479,7518,' cloudy'
206761737073,7519,' gasps'
206d61796f72,7520,' mayor'
626573,7521,'bes'
207371756964,7522,' squid'
2067617468657273,7523,' gathers'
207374796c65,7524,' style'
6368617264,7525,'chard'
20737570706f72746564,7526,' supported'
207469646573,7527,' tides'
2064726970706564,7528,' dripped'
20676c656e,7529,' glen'
63686f6f6c,7530,'chool'
206d6973756e646572,7531,' misunder'
206d6f636b,7532,' mock'
697373,7533,'iss'
20666f726d6572,7534,' former'
205761746368696e67,7535,' Watching'
2070616e74696e67,7536,' panting'
207065656b,7537,' peek'
206a75646765,7538,' judge'
2072616d70,7539,' ramp'
46726f7374,7540,'Frost'
20626f6173746564,7541,' boasted'
6f6d706c,7542,'ompl'
416c6c,7543,'All'
2072656772657473,7544,' regrets'
2070726f63657373,7545,' process'
6f726d6f7573,7546,'ormous'
206e6563746172,7547,' nectar'
204e6561726279,7548,' Nearby'
4e69676874,7549,'Night'
6f726e696e6773,7550,'ornings'
7269636b,7551,'rick'
2070686f746f677261706873,7552,' photographs'
207261696e6564,7553,' rained'
20556e6465726e65617468,7554,' Underneath'
52656d656d626572696e67,7555,'Remembering'
2077696c64657374,7556,' wildest'
20536e,7557,' Sn'
207370726f75746564,7558,' sprouted'
2074656e64696e67,7559,' tending'
61646f7773,7560,'adows'
206472696564,7561,' dried'
20747261676963,7562,' tragic'
2070726f6a65637473,7563,' projects'
206672616d65,7564,' frame'
6c6c6f,7565,'llo'
2074726f75626c6564,7566,' troubled'
207265736f7572636566756c6e657373,7567,' resourcefulness'
206e7574,7568,' nut'
20696e746572657374696e67,7569,' interesting'
204c756d,7570,' Lum'
2066616e74,7571,' fant'
20647269766572,7572,' driver'
616767696e67,7573,'agging'
206675726e6974,7574,' furnit'
206675726e6974757265,7575,' furniture'
20686f70656c657373,7576,' hopeless'
20726577,7577,' rew'
207765697264,7578,' weird'
2067726f757073,7579,' groups'
61746f72,7580,'ator'
48656c70696e67,7581,'Helping'
20656974686572,7582,' either'
436c696d62696e67,7583,'Climbing'
206576656e7473,7584,' events'
20616d626974696f6e,7585,' ambition'
2073686f776572,7586,' shower'
20646566696e65,7587,' define'
20706967,7588,' pig'
417070,7589,'App'
6272616365,7590,'brace'
20626c696e6b696e67,7591,' blinking'
206669657279,7592,' fiery'
2066696c7465726564,7593,' filtered'
6f6f6b73,7594,'ooks'
2064696e6f,7595,' dino'
4c61756768746572,7596,'Laughter'
20636f6277656273,7597,' cobwebs'
206f766572636f6d696e67,7598,' overcoming'
20746967,7599,' tig'
20736f6461,7600,' soda'
68656172746564,7601,'hearted'
6b696e64,7602,'kind'
20626c657373,7603,' bless'
2074657374616d656e74,7604,' testament'
6163746c79,7605,'actly'
2054616c6c,7606,' Tall'
426974746572,7607,'Bitter'
2064726962626c6564,7608,' dribbled'
436f6c64,7609,'Cold'
656e636564,7610,'enced'
2063617574696f6e,7611,' caution'
2074617065,7612,' tape'
206e75727475726564,7613,' nurtured'
205069636b696e67,7614,' Picking'
72616e74,7615,'rant'
207472656b,7616,' trek'
20706563,7617,' pec'
206b6e65656c696e67,7618,' kneeling'
6573746572646179,7619,'esterday'
20636c6f736573,7620,' closes'
20746f6e677565,7621,' tongue'
6f6e667573696f6e,7622,'onfusion'
206f726e,7623,' orn'
6976657273,7624,'ivers'
20737469636b657273,7625,' stickers'
2072656a,7626,' rej'
726967,7627,'rig'
626565,7628,'bee'
206469736775,7629,' disgu'
207761697473,7630,' waits'
204561676572,7631,' Eager'
2061766f6964,7632,' avoid'
20737472756374757265,7633,' structure'
50726f7564,7634,'Proud'
206c6179657273,7635,' layers'
2044696e6f,7636,' Dino'
20706f74656e7469616c,7637,' potential'
2077616464,7638,' wadd'
2074656e6e6973,7639,' tennis'
20776f726b657273,7640,' workers'
46696e65,7641,'Fine'
205374616e64696e67,7642,' Standing'
20656e737572696e67,7643,' ensuring'
6d696e,7644,'min'
20646965,7645,' die'
2068756d6f72,7646,' humor'
206861646e,7647,' hadn'
20756e65617365,7648,' unease'
20436f72616c,7649,' Coral'
20746f6e65,7650,' tone'
2061747472,7651,' attr'
2047617264656e,7652,' Garden'
20616972706c616e65,7653,' airplane'
5769737466756c6c79,7654,'Wistfully'
436c696d62,7655,'Climb'
2070617469656e746c79,7656,' patiently'
206573636170696e67,7657,' escaping'
207a6f6f6d,7658,' zoom'
20646f7562746564,7659,' doubted'
476c6f6f6d79,7660,'Gloomy'
20676972,7661,' gir'
20726573746f726564,7662,' restored'
206669736865726d656e,7663,' fishermen'
2068656c6c6f,7664,' hello'
20736f6c7574,7665,' solut'
517565,7666,'Que'
6f727365,7667,'orse'
206472696674776f6f64,7668,' driftwood'
2062616e6e657273,7669,' banners'
207363726f6c6c73,7670,' scrolls'
20656e6f726d6f7573,7671,' enormous'
206469737472616374696f6e,7672,' distraction'
2063686170746572,7673,' chapter'
207465616d6d617465,7674,' teammate'
206375727461696e73,7675,' curtains'
2074696d6572,7676,' timer'
206a75696379,7677,' juicy'
617461,7678,'ata'
6f6f6473,7679,'oods'
20626f6f6b7374,7680,' bookst'
756d6d6572,7681,'ummer'
20636c6f736574,7682,' closet'
656173,7683,'eas'
7265656b,7684,'reek'
207479696e67,7685,' tying'
61676f6f6e,7686,'agoon'
20526564,7687,' Red'
466c6f77657273,7688,'Flowers'
20696e74657272,7689,' interr'
5768696d736963616c,7690,'Whimsical'
2057686973706572696e67,7691,' Whispering'
517565656e,7692,'Queen'
2067756e,7693,' gun'
207374617973,7694,' stays'
20736f66746572,7695,' softer'
20506c6179,7696,' Play'
206a7567676c696e67,7697,' juggling'
576f6e64657266756c6c79,7698,'Wonderfully'
6f75736c79,7699,'ously'
205363686f6f6c,7700,' School'
6c6f,7701,'lo'
20626f6f6b73746f7265,7702,' bookstore'
776564,7703,'wed'
2063616c6d696e67,7704,' calming'
20736f6f7468696e67,7705,' soothing'
2062656e63686573,7706,' benches'
2070697479,7707,' pity'
2070657473,7708,' pets'
4772616365,7709,'Grace'
61776e,7710,'awn'
61726e,7711,'arn'
206d797468,7712,' myth'
61666665,7713,'affe'
5769737466756c,7714,'Wistful'
2079756d6d79,7715,' yummy'
74686f756768,7716,'though'
796f75,7717,'you'
6368657273,7718,'chers'
206a656c6c796265616e73,7719,' jellybeans'
627265616b61626c65,7720,'breakable'
5468696e6b,7721,'Think'
20726f757465,7722,' route'
20756e627265616b61626c65,7723,' unbreakable'
206479696e67,7724,' dying'
2073616765,7725,' sage'
206f726368617264,7726,' orchard'
20626f6c646c79,7727,' boldly'
2062756c6c79,7728,' bully'
20666f727473,7729,' forts'
206c696e6b6564,7730,' linked'
6f6573,7731,'oes'
2073746f727974656c6c696e67,7732,' storytelling'
20756e6c656173686564,7733,' unleashed'
2064697363757373,7734,' discuss'
616e67696e67,7735,'anging'
205368617265,7736,' Share'
2070726566,7737,' pref'
206461696c79,7738,' daily'
2064697363757373696e67,7739,' discussing'
206b6e6f636b696e67,7740,' knocking'
4865617274,7741,'Heart'
20636f70,7742,' cop'
20737461636b696e67,7743,' stacking'
206d616e65,7744,' mane'
69746f72,7745,'itor'
20636f756e7473,7746,' counts'
20736964,7747,' sid'
656e7479,7748,'enty'
206e6561726c79,7749,' nearly'
20636865737473,7750,' chests'
686f6c65,7751,'hole'
20526573706f6e736962696c697479,7752,' Responsibility'
44616e6365,7753,'Dance'
20746f7563686573,7754,' touches'
20636f6d70616e696f6e,7755,' companion'
2073756e6265616d,7756,' sunbeam'
20636f6d62696e65,7757,' combine'
20776f62626c65,7758,' wobble'
20526f626f,7759,' Robo'
2070616365,7760,' pace'
7461626c65,7761,'table'
20737566666572,7762,' suffer'
207269736b79,7763,' risky'
207477697463686564,7764,' twitched'
207374616d6d65726564,7765,' stammered'
2047656e65726f73697479,7766,' Generosity'
617a7a6c696e67,7767,'azzling'
6162626974,7768,'abbit'
20636865636b696e67,7769,' checking'
686176656e,7770,'haven'
2072616c6c,7771,' rall'
20646973637573736564,7772,' discussed'
206265727279,7773,' berry'
20736176,7774,' sav'
20796561726e6564,7775,' yearned'
207374616666,7776,' staff'
2070726f706f736564,7777,' proposed'
4f70656e696e67,7778,'Opening'
204e65,7779,' Ne'
207069786965,7780,' pixie'
2054726963657261746f7073,7781,' Triceratops'
436c65,7782,'Cle'
2061726368776179,7783,' archway'
467269656e6473686970,7784,'Friendship'
20746f6b656e,7785,' token'
2057696e6e696e67,7786,' Winning'
7368696e65,7787,'shine'
204d6f7265,7788,' More'
2063756e6e696e67,7789,' cunning'
2072616c6c696564,7790,' rallied'
204172,7791,' Ar'
2073776966746c79,7792,' swiftly'
206e6f6f6e,7793,' noon'
20617274696368,7794,' artich'
6d626c696e67,7795,'mbling'
207374726177,7796,' straw'
77696e67,7797,'wing'
57686f61,7798,'Whoa'
2070756c73696e67,7799,' pulsing'
2068617463686564,7800,' hatched'
6f72736573,7801,'orses'
6d617265,7802,'mare'
416c6f6e65,7803,'Alone'
2064697374757262,7804,' disturb'
2063726f6f6b6564,7805,' crooked'
20686f766572626f617264,7806,' hoverboard'
206c61676f6f6e,7807,' lagoon'
2070657266656374696f6e,7808,' perfection'
65736f6d65,7809,'esome'
20636f7272656374,7810,' correct'
61736b6564,7811,'asked'
20707265666572,7812,' prefer'
207374617265,7813,' stare'
2066726973,7814,' fris'
206c6f7264,7815,' lord'
20616e6e6f79,7816,' annoy'
20696d706f7274616e746c79,7817,' importantly'
65736d6572,7818,'esmer'
207363756c7074757265,7819,' sculpture'
697366,7820,'isf'
206d656f776564,7821,' meowed'
206177616b656e,7822,' awaken'
2043616e6479,7823,' Candy'
2073656168,7824,' seah'
746572666c696573,7825,'terflies'
2072616469616e74,7826,' radiant'
61736572,7827,'aser'
20706f6c696365,7828,' police'
2062617272696572,7829,' barrier'
207374726f6b6573,7830,' strokes'
2054696e6b,7831,' Tink'
486f6c64696e67,7832,'Holding'
206561726e,7833,' earn'
65736974,7834,'esit'
20436f6e667573696f6e,7835,' Confusion'
457863757365,7836,'Excuse'
706f6f6c,7837,'pool'
20717561636b6564,7838,' quacked'
2061647669736f72,7839,' advisor'
676976696e67,7840,'giving'
20736b6174696e67,7841,' skating'
61726c6564,7842,'arled'
206c6f636174696f6e,7843,' location'
20696e6e6f63656e74,7844,' innocent'
6765747461626c65,7845,'gettable'
206275636b657473,7846,' buckets'
2063686970,7847,' chip'
206661637473,7848,' facts'
2070616e63616b6573,7849,' pancakes'
6174746572696e67,7850,'attering'
20756e6861707079,7851,' unhappy'
57696e746572,7852,'Winter'
2072657065,7853,' repe'
206172656e,7854,' aren'
20666573746976616c73,7855,' festivals'
20636f6c6c6172,7856,' collar'
20537175,7857,' Squ'
20657863657074,7858,' except'
6f746963,7859,'otic'
206265616b,7860,' beak'
206e61766967617465,7861,' navigate'
6d616b6572,7862,'maker'
207461696c73,7863,' tails'
20776561746865726564,7864,' weathered'
696c6c73,7865,'ills'
20486f6e65737479,7866,' Honesty'
2061706f6c6f67697a6564,7867,' apologized'
206d756d626c6564,7868,' mumbled'
20486f6c6c6f77,7869,' Hollow'
2074726963657261746f7073,7870,' triceratops'
2063757272656e7473,7871,' currents'
206c6576656c,7872,' level'
206c6f6c6c69706f7073,7873,' lollipops'
206172726976616c,7874,' arrival'
20656d7061746879,7875,' empathy'
20656e74697265,7876,' entire'
206172746963686f6b65,7877,' artichoke'
696e6b6c696e67,7878,'inkling'
207368697274,7879,' shirt'
20517565656e,7880,' Queen'
6169726564,7881,'aired'
6f6e6e65,7882,'onne'
20696c6c756d696e61746564,7883,' illuminated'
4d69737479,7884,'Misty'
20636f6e666964656e746c79,7885,' confidently'
2068696b6564,7886,' hiked'
576f6e646572696e67,7887,'Wondering'
20746f776572696e67,7888,' towering'
20436f7572616765,7889,' Courage'
204f766572,7890,' Over'
6966756c,7891,'iful'
20636f756e74646f776e,7892,' countdown'
697379,7893,'isy'
20736c656464696e67,7894,' sledding'
207469636b6574,7895,' ticket'
5368696d6d6572696e67,7896,'Shimmering'
20656e646c6573736c79,7897,' endlessly'
206e69,7898,' ni'
20736372616d62,7899,' scramb'
536565696e67,7900,'Seeing'
6c696b65,7901,'like'
20677261766579617264,7902,' graveyard'
4c696b65,7903,'Like'
2046696e64,7904,' Find'
206a6f6c74,7905,' jolt'
576f6e64726f7573,7906,'Wondrous'
68616e646564,7907,'handed'
62756c61,7908,'bula'
20436174,7909,' Cat'
20636f756e746c657373,7910,' countless'
54616e676c6564,7911,'Tangled'
20686172647368697073,7912,' hardships'
20776f7665,7913,' wove'
206c6174656c79,7914,' lately'
20736964656c,7915,' sidel'
20736b696c6c6564,7916,' skilled'
207065616b73,7917,' peaks'
20726574726965,7918,' retrie'
2043617665,7919,' Cave'
20706f6b6564,7920,' poked'
6167696e67,7921,'aging'
2077696e6e657273,7922,' winners'
20446f756274,7923,' Doubt'
20617765736f6d65,7924,' awesome'
5472656d626c696e67,7925,'Trembling'
4d6f6d656e7473,7926,'Moments'
207377696d6d6572,7927,' swimmer'
20746f7373,7928,' toss'
205468616e6b73,7929,' Thanks'
5374657070696e67,7930,'Stepping'
20776869726c706f6f6c,7931,' whirlpool'
4372697370,7932,'Crisp'
20436865657273,7933,' Cheers'
20626f776564,7934,' bowed'
2077686574686572,7935,' whether'
206f62737461636c6573,7936,' obstacles'
20676f626c696e,7937,' goblin'
53616e64,7938,'Sand'
7a696e67,7939,'zing'
20666f6c6c6f7773,7940,' follows'
20736e6565,7941,' snee'
20666c6f617473,7942,' floats'
206d617273686d616c6c6f77,7943,' marshmallow'
20636c6f636b73,7944,' clocks'
726f7563686564,7945,'rouched'
466c75666679,7946,'Fluffy'
4f6273,7947,'Obs'
2062616e616e6173,7948,' bananas'
427562626c6573,7949,'Bubbles'
2066726973626565,7950,' frisbee'
20756e666f726765747461626c65,7951,' unforgettable'
2064657369676e6564,7952,' designed'
20666f6f6473,7953,' foods'
20646561726c79,7954,' dearly'
20636875636b6c65,7955,' chuckle'
657266656374,7956,'erfect'
416c7269676874,7957,'Alright'
2066697265706c616365,7958,' fireplace'
69646765,7959,'idge'
20636f6e717565726564,7960,' conquered'
2064657461696c73,7961,' details'
5768656e65766572,7962,'Whenever'
20756e7374,7963,' unst'
207265616473,7964,' reads'
205275737479,7965,' Rusty'
2067726173706564,7966,' grasped'
206e6f626c65,7967,' noble'
20736174697366,7968,' satisf'
2076656e64,7969,' vend'
506c616e74,7970,'Plant'
206e6f727468,7971,' north'
20776164646c6564,7972,' waddled'
2064656564,7973,' deed'
20666f6f,7974,' foo'
4e6561726279,7975,'Nearby'
2053686f77,7976,' Show'
75706572,7977,'uper'
20707465726f64616374796c,7978,' pterodactyl'
2076697369746f7273,7979,' visitors'
2064726f776e696e67,7980,' drowning'
207765616b6c79,7981,' weakly'
20636f6e73756d6564,7982,' consumed'
5065,7983,'Pe'
4172726976696e67,7984,'Arriving'
2068696b696e67,7985,' hiking'
20636f6e65,7986,' cone'
20746869727374,7987,' thirst'
576973,7988,'Wis'
2067697261666665,7989,' giraffe'
20636c696d6273,7990,' climbs'
576869726c,7991,'Whirl'
206e696768746d617265,7992,' nightmare'
2068756e676572,7993,' hunger'
206865616c6572,7994,' healer'
20626f64696573,7995,' bodies'
204c6561766573,7996,' Leaves'
206d6f726e696e6773,7997,' mornings'
6164656d,7998,'adem'
20736964656c696e6573,7999,' sidelines'
20666c697070696e67,8000,' flipping'
20636f6d706c65746564,8001,' completed'
6c6d6564,8002,'lmed'
5361646c79,8003,'Sadly'
20676e61776564,8004,' gnawed'
636c,8005,'cl'
205475726e696e67,8006,' Turning'
20696e7374727563746564,8007,' instructed'
63617365,8008,'case'
206b6e6565,8009,' knee'
205175,8010,' Qu'
205370656564,8011,' Speed'
20476967676c65,8012,' Giggle'
205377656574,8013,' Sweet'
6f756368,8014,'ouch'
537472616e6765,8015,'Strange'
207468697264,8016,' third'
20646570656e64,8017,' depend'
2049736c616e64,8018,' Island'
446573706572617465,8019,'Desperate'
2061766f69646564,8020,' avoided'
205363,8021,' Sc'
207265616374,8022,' react'
20626f6e65,8023,' bone'
436865657266756c,8024,'Cheerful'
2068656164736574,8025,' headset'
77616c6b,8026,'walk'
20706f6e646572696e67,8027,' pondering'
207369676e6564,8028,' signed'
2070726179,8029,' pray'
686f77,8030,'how'
206f7074696d,8031,' optim'
666c79,8032,'fly'
20696d6167696e6573,8033,' imagines'
536861646f7773,8034,'Shadows'
7573696f6e73,8035,'usions'
20736d617274657374,8036,' smartest'
7368696674696e67,8037,'shifting'
2042656e65617468,8038,' Beneath'
206a7567676c65,8039,' juggle'
206e6573746c6564,8040,' nestled'
2066726f7374696e67,8041,' frosting'
20686561727461636865,8042,' heartache'
20666f726b,8043,' fork'
20666c6f6f72626f617264,8044,' floorboard'
20756e696379636c65,8045,' unicycle'
616c6c6f6f6e73,8046,'alloons'
2064657669736564,8047,' devised'
2061646d69726174696f6e,8048,' admiration'
20646577,8049,' dew'
2074656d7074696e67,8050,' tempting'
207365617473,8051,' seats'
2072756d626c696e67,8052,' rumbling'
207665696e73,8053,' veins'
20686561727462726f6b656e,8054,' heartbroken'
61626c79,8055,'ably'
20666f72636564,8056,' forced'
20626174746c696e67,8057,' battling'
207368726965,8058,' shrie'
2066656173746564,8059,' feasted'
20636f6e73696465726564,8060,' considered'
656d7074696f6e,8061,'emption'
2076696c6c61696e73,8062,' villains'
20547261646974696f6e,8063,' Tradition'
20736372616d626c6564,8064,' scrambled'
20736f6c6469657273,8065,' soldiers'
20676174686572696e6773,8066,' gatherings'
20617070726f76616c,8067,' approval'
47697665,8068,'Give'
697474656e,8069,'itten'
6d61726573,8070,'mares'
4561726c79,8071,'Early'
20496d6167,8072,' Imag'
2073796d7068,8073,' symph'
206d7572616c73,8074,' murals'
2061636164656d,8075,' academ'
477261636566756c6c79,8076,'Gracefully'
2043686970,8077,' Chip'
2069726f6e,8078,' iron'
6578,8079,'ex'
205465616d776f726b,8080,' Teamwork'
204275696c64,8081,' Build'
4d61,8082,'Ma'
20626f6172646564,8083,' boarded'
756c696172,8084,'uliar'
206c696d697473,8085,' limits'
2070617373616765,8086,' passage'
2073796d70686f6e79,8087,' symphony'
2064656e7365,8088,' dense'
2067757973,8089,' guys'
2069736c616e64657273,8090,' islanders'
6561726368696e67,8091,'earching'
206b6579686f6c65,8092,' keyhole'
2076616c756564,8093,' valued'
206f776e6564,8094,' owned'
75636b79,8095,'ucky'
636f757261676564,8096,'couraged'
206465636569766564,8097,' deceived'
204665,8098,' Fe'
20696e746572727570746564,8099,' interrupted'
207469676572,8100,' tiger'
20637265616b696e67,8101,' creaking'
726976656e,8102,'riven'
206d657465,8103,' mete'
206b697474656e73,8104,' kittens'
206772656574,8105,' greet'
42726176657279,8106,'Bravery'
20666c6970,8107,' flip'
204f6365616e,8108,' Ocean'
20636f6d70657465,8109,' compete'
2064617461,8110,' data'
207765696768,8111,' weigh'
2047726f77,8112,' Grow'
20446f6e,8113,' Don'
2053746f726d,8114,' Storm'
206d696c6573,8115,' miles'
43686f6f7365,8116,'Choose'
20427261,8117,' Bra'
726974696e67,8118,'riting'
2053696c656e6365,8119,' Silence'
206372696d65,8120,' crime'
6163686572,8121,'acher'
2066696e64696e6773,8122,' findings'
64656564,8123,'deed'
207265617070,8124,' reapp'
206875727473,8125,' hurts'
2073747265616b6564,8126,' streaked'
20696e64656564,8127,' indeed'
20657869737473,8128,' exists'
46727573747261746564,8129,'Frustrated'
207369,8130,' si'
6f726e79,8131,'orny'
2049676e6f72696e67,8132,' Ignoring'
20726564656d7074696f6e,8133,' redemption'
536f6d657768657265,8134,'Somewhere'
20666f7267617665,8135,' forgave'
206c696768746c79,8136,' lightly'
636c6573,8137,'cles'
52756e6e696e67,8138,'Running'
206f7264657273,8139,' orders'
20726567756c6172,8140,' regular'
20646167676572,8141,' dagger'
72656e616c,8142,'renal'
72656e616c696e65,8143,'renaline'
42726565,8144,'Bree'
20686f766572696e67,8145,' hovering'
2053747564,8146,' Stud'
207468697274,8147,' thirt'
2076697369746f72,8148,' visitor'
204b696e67646f6d,8149,' Kingdom'
20696c6c7573696f6e,8150,' illusion'
207374616d70,8151,' stamp'
2077696e646f7773696c6c,8152,' windowsill'
206f68,8153,' oh'
206372756e6368696e67,8154,' crunching'
536e6f77666c616b6573,8155,'Snowflakes'
2065746572,8156,' eter'
20646973636f76657273,8157,' discovers'
20526f626f74,8158,' Robot'
20616e67656c,8159,' angel'
206e6f7469636573,8160,' notices'
204c696b65,8161,' Like'
2066617274686572,8162,' farther'
205768697370657273,8163,' Whispers'
206b6e6f77696e676c79,8164,' knowingly'
697a6d6f,8165,'izmo'
2062656c6c79,8166,' belly'
2066697265776f726b,8167,' firework'
20756e636f766572696e67,8168,' uncovering'
207461756e746564,8169,' taunted'
70706572,8170,'pper'
75617279,8171,'uary'
20677569646573,8172,' guides'
2073696c6c69657374,8173,' silliest'
204769616e74,8174,' Giant'
4c6f6f6b73,8175,'Looks'
20756e7665,8176,' unve'
6379636c65,8177,'cycle'
2064657369726564,8178,' desired'
736565,8179,'see'
20666c796572,8180,' flyer'
20637573746f6d657273,8181,' customers'
2073616e,8182,' san'
20736368656d6573,8183,' schemes'
206a7567676c6564,8184,' juggled'
20646970,8185,' dip'
2068656164696e67,8186,' heading'
206d6f6e6b657973,8187,' monkeys'
20656e766973696f6e,8188,' envision'
20696d6167696e617279,8189,' imaginary'
20706f73746572,8190,' poster'
63696f75736e657373,8191,'ciousness'
20686964656f7574,8192,' hideout'
2054727565,8193,' True'
206f757466,8194,' outf'
5377656574,8195,'Sweet'
6f756e6379,8196,'ouncy'
20686f776c,8197,' howl'
7874757265,8198,'xture'
206e696768746d61726573,8199,' nightmares'
206d656574696e6773,8200,' meetings'
2077656564,8201,' weed'
2064726f75676874,8202,' drought'
207370656e64696e67,8203,' spending'
20616472656e616c696e65,8204,' adrenaline'
2074686f726e79,8205,' thorny'
526f,8206,'Ro'
20636c6173736d617465,8207,' classmate'
2062656e64696e67,8208,' bending'
20747269636b696e67,8209,' tricking'
206d65736d6572,8210,' mesmer'
4e6572766f7573,8211,'Nervous'
2073616e6374,8212,' sanct'
2044616e6365,8213,' Dance'
2073616c6164,8214,' salad'
20537072696e67,8215,' Spring'
2073616e637475617279,8216,' sanctuary'
20637265616b79,8217,' creaky'
206469736775697365,8218,' disguise'
756374696f6e,8219,'uction'
20666f6f6c6564,8220,' fooled'
207363726962626c6564,8221,' scribbled'
496365,8222,'Ice'
20736872696e6b,8223,' shrink'
206c69676874656e,8224,' lighten'
2053756e6e79,8225,' Sunny'
20447265616d6572,8226,' Dreamer'
496e766973,8227,'Invis'
20646562,8228,' deb'
45786163746c79,8229,'Exactly'
20726570616972,8230,' repair'
20636572656d,8231,' cerem'
7374616765,8232,'stage'
656c6564,8233,'eled'
20726f64,8234,' rod'
20676c65616d6564,8235,' gleamed'
20666f6573,8236,' foes'
206e6562756c61,8237,' nebula'
206d616a6573746963,8238,' majestic'
5669,8239,'Vi'
726973,8240,'ris'
2066726f776e73,8241,' frowns'
207765616b6572,8242,' weaker'
4f756368,8243,'Ouch'
61706f74,8244,'apot'
54686f756768,8245,'Though'
2057616c6b696e67,8246,' Walking'
2073687269656b6564,8247,' shrieked'
436175676874,8248,'Caught'
2061636164656d6963,8249,' academic'
73747269,8250,'stri'
207265616c697a6174696f6e,8251,' realization'
20736561686f727365,8252,' seahorse'
63746f72,8253,'ctor'
72697465,8254,'rite'
20736163726966696365,8255,' sacrifice'
6865617274,8256,'heart'
20737061726b696e67,8257,' sparking'
20616666,8258,' aff'
205468696e6b696e67,8259,' Thinking'
20737472616e67,8260,' strang'
20746869727479,8261,' thirty'
20676e6f6d6573,8262,' gnomes'
207961726e,8263,' yarn'
20486172,8264,' Har'
2064656365697665,8265,' deceive'
20636f6d6d616e646564,8266,' commanded'
207361666572,8267,' safer'
2065787072657373696e67,8268,' expressing'
206368656174,8269,' cheat'
2046616972,8270,' Fair'
756c6e6572,8271,'ulner'
20616e63686f726564,8272,' anchored'
2072656a6f,8273,' rejo'
6f636b73,8274,'ocks'
207374617267617a696e67,8275,' stargazing'
64726f7073,8276,'drops'
207261696e64726f70,8277,' raindrop'
2053747564656e7473,8278,' Students'
206a6f6b696e67,8279,' joking'
207465616d6564,8280,' teamed'
53756e6e79,8281,'Sunny'
20696d70726f7665,8282,' improve'
20617373697374,8283,' assist'
2063617665726e,8284,' cavern'
2041726f756e64,8285,' Around'
65747469,8286,'etti'
756e6573,8287,'unes'
6577617265,8288,'eware'
2062656c6c696573,8289,' bellies'
20647565,8290,' due'
204372,8291,' Cr'
20736e6170,8292,' snap'
20626f6c74,8293,' bolt'
20646f7473,8294,' dots'
206a61636b6574,8295,' jacket'
20537465,8296,' Ste'
576973686573,8297,'Wishes'
2064657374696e79,8298,' destiny'
20737572656c79,8299,' surely'
207269736573,8300,' rises'
206465736572766573,8301,' deserves'
206368616f746963,8302,' chaotic'
2073756d6d6974,8303,' summit'
207377616e,8304,' swan'
20666c617773,8305,' flaws'
2046756e,8306,' Fun'
206e61696c73,8307,' nails'
20617267756d656e74,8308,' argument'
72657374,8309,'rest'
20676c696e746564,8310,' glinted'
204272617665,8311,' Brave'
617679,8312,'avy'
61746566756c6c79,8313,'atefully'
206261646c79,8314,' badly'
206f6265,8315,' obe'
204d69737479,8316,' Misty'
44656c6967687466756c,8317,'Delightful'
204c696768746e696e67,8318,' Lightning'
20706f6c,8319,' pol'
20756e73746f7070,8320,' unstopp'
20756e73746f707061626c65,8321,' unstoppable'
206c6970,8322,' lip'
206174746163686564,8323,' attached'
206c656e73,8324,' lens'
2066757a7a79,8325,' fuzzy'
20636875636b6c696e67,8326,' chuckling'
20576f726c64,8327,' World'
57616b696e67,8328,'Waking'
20666c6f636b,8329,' flock'
20636f6c6c6170736564,8330,' collapsed'
4578636974696e67,8331,'Exciting'
20696e7669746174696f6e,8332,' invitation'
206465636964696e67,8333,' deciding'
20746f617374,8334,' toast'
207369646577616c6b,8335,' sidewalk'
20707265666572726564,8336,' preferred'
756e74696e67,8337,'unting'
576172,8338,'War'
65637473,8339,'ects'
20757375616c,8340,' usual'
4361746368,8341,'Catch'
205368656c6c,8342,' Shell'
20627572726f77,8343,' burrow'
726565646f6d,8344,'reedom'
20737065656368,8345,' speech'
20526573,8346,' Res'
20646973706c61796564,8347,' displayed'
20617274776f726b,8348,' artwork'
2074657374696e67,8349,' testing'
20706f7461746f,8350,' potato'
206f7665727768656c6d6564,8351,' overwhelmed'
20677579,8352,' guy'
20676c756564,8353,' glued'
20736b697070696e67,8354,' skipping'
2068616d,8355,' ham'
2068696e74696e67,8356,' hinting'
207370696e73,8357,' spins'
6176656d656e74,8358,'avement'
20626c696e64696e67,8359,' blinding'
206e6172726f776564,8360,' narrowed'
6c6f77696e67,8361,'lowing'
205472656173757265,8362,' Treasure'
2056656c6f6369726170746f72,8363,' Velociraptor'
20766963746f72696573,8364,' victories'
6f6f72,8365,'oor'
206f6c64657374,8366,' oldest'
6967687479,8367,'ighty'
206465737472756374696f6e,8368,' destruction'
6f6c7665,8369,'olve'
2073637265616d73,8370,' screams'
4372656174,8371,'Creat'
69636b6572696e67,8372,'ickering'
207370696365,8373,' spice'
2073686f6f7473,8374,' shoots'
7563,8375,'uc'
20686f72726f72,8376,' horror'
2063726f7563686564,8377,' crouched'
204f72646572,8378,' Order'
73657175,8379,'sequ'
20636f6e73657175,8380,' consequ'
49726f6e6963616c6c79,8381,'Ironically'
20466c6f776572,8382,' Flower'
2070696572636564,8383,' pierced'
20756e66756c,8384,' unful'
20756e66756c66696c6c6564,8385,' unfulfilled'
207472616e7363,8386,' transc'
2077697473,8387,' wits'
206261636b7374616765,8388,' backstage'
2052656c696566,8389,' Relief'
5469726564,8390,'Tired'
206172726f7773,8391,' arrows'
54686f7567687466756c6c79,8392,'Thoughtfully'
2064696d6d696e67,8393,' dimming'
20437572696f75736c79,8394,' Curiously'
20636572656d6f6e79,8395,' ceremony'
20737461726573,8396,' stares'
6f6f70696e67,8397,'ooping'
20636f6e6665747469,8398,' confetti'
206f7074696d69736d,8399,' optimism'
2068616c6c77617973,8400,' hallways'
2070616e63616b65,8401,' pancake'
20736865657473,8402,' sheets'
20636f617374,8403,' coast'
20736b69,8404,' ski'
20626c756562697264,8405,' bluebird'
2064617465,8406,' date'
2044657465726d696e6564,8407,' Determined'
666c696573,8408,'flies'
20636c656e63686564,8409,' clenched'
2072756262696e67,8410,' rubbing'
2068617265,8411,' hare'
206c6f6c6c69706f70,8412,' lollipop'
46757a7a79,8413,'Fuzzy'
426577617265,8414,'Beware'
20776974686572,8415,' wither'
2072656c6963,8416,' relic'
206c69636b6564,8417,' licked'
6e65656c696e67,8418,'neeling'
206d6f6f6e6c6974,8419,' moonlit'
206572617365,8420,' erase'
206368696c6c696e67,8421,' chilling'
20686f6f70,8422,' hoop'
204a6f696e,8423,' Join'
20696e636c756465,8424,' include'
6973696f6e73,8425,'isions'
2053656372657473,8426,' Secrets'
61706573,8427,'apes'
206c6f6166,8428,' loaf'
206861756e74,8429,' haunt'
20636f6e7461696e6564,8430,' contained'
2047697a6d6f,8431,' Gizmo'
20496365,8432,' Ice'
2066757279,8433,' fury'
2062726f6e74,8434,' bront'
2062726f6e746f736175727573,8435,' brontosaurus'
6e6f776c65646765,8436,'nowledge'
206c617374696e67,8437,' lasting'
20636f6d706574696e67,8438,' competing'
207761646564,8439,' waded'
616c64,8440,'ald'
4d616a6573746963,8441,'Majestic'
2072657665727365,8442,' reverse'
20636f6e76696e,8443,' convin'
2076756c6e6572,8444,' vulner'
20677261737379,8445,' grassy'
57696e6473,8446,'Winds'
6c656c,8447,'lel'
48696768,8448,'High'
206578636c61696d,8449,' exclaim'
7365656b,8450,'seek'
207072616e6b73,8451,' pranks'
20656e7465727461696e,8452,' entertain'
20737769746368,8453,' switch'
204d6f6f6e6c69676874,8454,' Moonlight'
206d6f7572,8455,' mour'
206361726573,8456,' cares'
207370696e6573,8457,' spines'
20626f6c646572,8458,' bolder'
207265706c616365,8459,' replace'
20736c69646573,8460,' slides'
676961,8461,'gia'
6c657473,8462,'lets'
6f6e656c79,8463,'onely'
2067617264656e696e67,8464,' gardening'
204d6f6e,8465,' Mon'
6c6572,8466,'ler'
506c617966756c6c79,8467,'Playfully'
2068756e7473,8468,' hunts'
6173696f6e,8469,'asion'
20776561706f6e73,8470,' weapons'
2070726f67,8471,' prog'
206f626579,8472,' obey'
506174,8473,'Pat'
20706176656d656e74,8474,' pavement'
536563726574,8475,'Secret'
20676e61726c6564,8476,' gnarled'
2070726f6f66,8477,' proof'
20747769746368696e67,8478,' twitching'
417374,8479,'Ast'
20637261796f6e,8480,' crayon'
2070656e6e6564,8481,' penned'
206f726273,8482,' orbs'
204c656166,8483,' Leaf'
2077616b6573,8484,' wakes'
6c766573,8485,'lves'
6f7765726564,8486,'owered'
2064696564,8487,' died'
2072656761696e,8488,' regain'
53756e6c69676874,8489,'Sunlight'
20746561706f74,8490,' teapot'
2061706172746d656e74,8491,' apartment'
2073656e73,8492,' sens'
20706f64,8493,' pod'
2057617665,8494,' Wave'
53696c656e6365,8495,'Silence'
206c61737473,8496,' lasts'
2054616b65,8497,' Take'
20726f617273,8498,' roars'
20746173746573,8499,' tastes'
20636f6e7363696f75736e657373,8500,' consciousness'
20636f6e7472,8501,' contr'
206e656974686572,8502,' neither'
656e657373,8503,'eness'
6d626572,8504,'mber'
61696c757265,8505,'ailure'
2073746f7279626f6f6b,8506,' storybook'
205269766572,8507,' River'
706c617368,8508,'plash'
2048616e64,8509,' Hand'
207375666665726564,8510,' suffered'
206469766564,8511,' dived'
20636f6d7061726564,8512,' compared'
2074756d626c696e67,8513,' tumbling'
20706164646c65,8514,' paddle'
20746f726368,8515,' torch'
696d656e74,8516,'iment'
616e676c65,8517,'angle'
20616973,8518,' ais'
207363726170,8519,' scrap'
207374726177626572,8520,' strawber'
20736e756767,8521,' snugg'
20626f72726f776564,8522,' borrowed'
207465617365,8523,' tease'
2072656d696e64657273,8524,' reminders'
2064696666,8525,' diff'
207465737473,8526,' tests'
75646564,8527,'uded'
616e6e,8528,'ann'
50616c65,8529,'Pale'
204e6174757265,8530,' Nature'
20646f636b,8531,' dock'
50696e65,8532,'Pine'
2070656e6775696e,8533,' penguin'
205065,8534,' Pe'
20686176656e,8535,' haven'
6963756c74,8536,'icult'
2072656c65617365,8537,' release'
207374656164696564,8538,' steadied'
7661,8539,'va'
54696e79,8540,'Tiny'
20707261697365,8541,' praise'
656c6473,8542,'elds'
206f7267616e697a65,8543,' organize'
20706c6173746963,8544,' plastic'
207261696e73,8545,' rains'
207069657263696e67,8546,' piercing'
206c757265,8547,' lure'
4a756d70,8548,'Jump'
20627269636b,8549,' brick'
20447572696e67,8550,' During'
205370616365,8551,' Space'
4d6f7265,8552,'More'
207472656b6b6564,8553,' trekked'
20626c657373696e67,8554,' blessing'
2072656a6f69636564,8555,' rejoiced'
20506978,8556,' Pix'
72656574,8557,'reet'
207261696e636f,8558,' rainco'
20447261,8559,' Dra'
69616e6365,8560,'iance'
207265617373,8561,' reass'
2064657374726f796564,8562,' destroyed'
207465616368657273,8563,' teachers'
205761746368657273,8564,' Watchers'
696d6d657273,8565,'immers'
207375626d,8566,' subm'
20636c617368,8567,' clash'
2061726f6d,8568,' arom'
4e657374,8569,'Nest'
20736e617463686564,8570,' snatched'
206d756e63686564,8571,' munched'
20706572666f726d696e67,8572,' performing'
207374656572696e67,8573,' steering'
207375727669766564,8574,' survived'
20686f7073,8575,' hops'
6f65,8576,'oe'
2070656e63696c73,8577,' pencils'
4c6f,8578,'Lo'
205375706572,8579,' Super'
656c6c6f77,8580,'ellow'
62756c656e74,8581,'bulent'
63636173696f6e,8582,'ccasion'
696761,8583,'iga'
2061766f6964696e67,8584,' avoiding'
206578706f7365,8585,' expose'
206265617473,8586,' beats'
20747261646564,8587,' traded'
20636976696c697a6174696f6e73,8588,' civilizations'
756e6e696573,8589,'unnies'
2066696c,8590,' fil'
2064656e,8591,' den'
6374696f6e73,8592,'ctions'
20576f6f6473,8593,' Woods'
20656174656e,8594,' eaten'
20726573756c7473,8595,' results'
20626f74686572,8596,' bother'
74746572,8597,'tter'
206d65736d6572697a6564,8598,' mesmerized'
20636f6e7472617374,8599,' contrast'
72696674,8600,'rift'
20636c6f616b73,8601,' cloaks'
207265636f676e6974696f6e,8602,' recognition'
20637261776c,8603,' crawl'
2054656368,8604,' Tech'
20696e7465726573746564,8605,' interested'
2074696d6964,8606,' timid'
20647261676f6e666c79,8607,' dragonfly'
6f7272656374,8608,'orrect'
696f736175727573,8609,'iosaurus'
207472616365,8610,' trace'
676f,8611,'go'
20666c616b65,8612,' flake'
206865736974616e74,8613,' hesitant'
2073706972616c,8614,' spiral'
20776f62626c79,8615,' wobbly'
20537065656479,8616,' Speedy'
2077616c6c6574,8617,' wallet'
206261636b6564,8618,' backed'
20626c6f73736f6d696e67,8619,' blossoming'
206163686965766564,8620,' achieved'
20436c65,8621,' Cle'
636f6e,8622,'con'
53656173,8623,'Seas'
206163636f6d706c,8624,' accompl'
20616e6e6f796564,8625,' annoyed'
20617374726179,8626,' astray'
20656d65726765,8627,' emerge'
2073686f7473,8628,' shots'
4d61676963616c,8629,'Magical'
20737573706963,8630,' suspic'
2064726f706c657473,8631,' droplets'
2056616c,8632,' Val'
2063617276696e67,8633,' carving'
2077696e6479,8634,' windy'
2062756c6c696573,8635,' bullies'
4361766573,8636,'Caves'
6d6f74686572,8637,'mother'
206265636b6f6e696e67,8638,' beckoning'
2061646f726564,8639,' adored'
20436f,8640,' Co'
206c756c6c,8641,' lull'
20637265656b,8642,' creek'
2064656c69,8643,' deli'
20726f6c6c73,8644,' rolls'
20706963747572696e67,8645,' picturing'
20646966666963756c74,8646,' difficult'
206269747465726e657373,8647,' bitterness'
207369676e616c696e67,8648,' signaling'
667269656e64,8649,'friend'
50726f75646c79,8650,'Proudly'
20636f6e74696e756573,8651,' continues'
2072616469,8652,' radi'
6f7370,8653,'osp'
207477656c,8654,' twel'
20627261696e7374,8655,' brainst'
2048617276657374,8656,' Harvest'
20636f6d62696e696e67,8657,' combining'
207472697073,8658,' trips'
20707573686573,8659,' pushes'
206465737065726174696f6e,8660,' desperation'
466c79696e67,8661,'Flying'
2077616e6465726572,8662,' wanderer'
576f726b696e67,8663,'Working'
706573,8664,'pes'
696e6b6c6564,8665,'inkled'
2062757264656e73,8666,' burdens'
6368616e746564,8667,'chanted'
20766f77696e67,8668,' vowing'
20706f74746572,8669,' potter'
206f6e77617264,8670,' onward'
436f7272656374,8671,'Correct'
6e65736961,8672,'nesia'
20736972656e,8673,' siren'
207477656c7665,8674,' twelve'
616b79,8675,'aky'
616c6c73,8676,'alls'
696e63,8677,'inc'
207472617070696e67,8678,' trapping'
207469676874656e6564,8679,' tightened'
2073756e73657473,8680,' sunsets'
6562726973,8681,'ebris'
20677574,8682,' gut'
20736f6c7574696f6e,8683,' solution'
4665656c,8684,'Feel'
4f6464,8685,'Odd'
616c66776179,8686,'alfway'
20736574746c65,8687,' settle'
206d696e676c696e67,8688,' mingling'
20686f776c696e67,8689,' howling'
20636f6e667573696e67,8690,' confusing'
20676c6f766573,8691,' gloves'
206d656e74,8692,' ment'
20636869636b656e73,8693,' chickens'
6f77657273,8694,'owers'
696e6369626c65,8695,'incible'
20746f6e6573,8696,' tones'
4e65766572,8697,'Never'
436f6f6c,8698,'Cool'
20736369656e7469737473,8699,' scientists'
207472616e73666f726d73,8700,' transforms'
206361727665,8701,' carve'
207061636564,8702,' paced'
2072656b696e64,8703,' rekind'
20726164696f,8704,' radio'
2064616d61676564,8705,' damaged'
2062696e64696e67,8706,' binding'
20526162626974,8707,' Rabbit'
2069736f6c,8708,' isol'
207365616c696e67,8709,' sealing'
706963,8710,'pic'
20746970706564,8711,' tipped'
4c6f7374,8712,'Lost'
20636f6e74656e74,8713,' content'
204d616e,8714,' Man'
20746163,8715,' tac'
6b657074,8716,'kept'
20706563756c696172,8717,' peculiar'
456d,8718,'Em'
20646562726973,8719,' debris'
20616d75736564,8720,' amused'
207072697a6573,8721,' prizes'
207468756d70,8722,' thump'
20626f6f6d,8723,' boom'
207363616d70,8724,' scamp'
696d7073,8725,'imps'
4e6573746c6564,8726,'Nestled'
2063617463686573,8727,' catches'
207261636b6574,8728,' racket'
20636f6e66657373,8729,' confess'
205377,8730,' Sw'
2072656365697665,8731,' receive'
20736e6f7773746f726d,8732,' snowstorm'
696d70736573,8733,'impses'
69756d,8734,'ium'
2076656e646f72,8735,' vendor'
206578636c61696d73,8736,' exclaims'
757a7a6c6564,8737,'uzzled'
4272696e67,8738,'Bring'
206669657263657374,8739,' fiercest'
20636f6e73657175656e636573,8740,' consequences'
20696e76696e6369626c65,8741,' invincible'
2064697669646564,8742,' divided'
20616c6c696573,8743,' allies'
20706c756e67,8744,' plung'
756e6e6564,8745,'unned'
2074697265,8746,' tire'
2068656c6d6574,8747,' helmet'
20476f,8748,' Go'
2072656170706561726564,8749,' reappeared'
206b696e646572,8750,' kinder'
207061636b696e67,8751,' packing'
6561726c,8752,'earl'
206c6f6f6d696e67,8753,' looming'
2073616d,8754,' sam'
5475726e,8755,'Turn'
20736163726564,8756,' sacred'
206261636b7061636b73,8757,' backpacks'
62757465,8758,'bute'
20416c77617973,8759,' Always'
20656e636f756e746572,8760,' encounter'
54757262756c656e74,8761,'Turbulent'
2062756e6e696573,8762,' bunnies'
2072656164657273,8763,' readers'
20646f776e73,8764,' downs'
446f6573,8765,'Does'
207363617273,8766,' scars'
20726f616d,8767,' roam'
6f6f7073,8768,'oops'
2053696c656e74,8769,' Silent'
20636f6d6d756e6963617465,8770,' communicate'
2065656c,8771,' eel'
206167656e6379,8772,' agency'
4c6f6e656c79,8773,'Lonely'
2074726169746f72,8774,' traitor'
20736f6d65686f77,8775,' somehow'
2073756d6d6f6e,8776,' summon'
476f6f64627965,8777,'Goodbye'
41776b77617264,8778,'Awkward'
207368726f7564,8779,' shroud'
206d61746368696e67,8780,' matching'
206c65617074,8781,' leapt'
2077617374696e67,8782,' wasting'
20737465676f736175727573,8783,' stegosaurus'
20737566666572696e67,8784,' suffering'
42616c6c6f6f6e73,8785,'Balloons'
2073696d696c6172,8786,' similar'
20456d6d61,8787,' Emma'
2067726f636572,8788,' grocer'
20416c74686f756768,8789,' Although'
207363616d7065726564,8790,' scampered'
5761746572,8791,'Water'
5465616d776f726b,8792,'Teamwork'
656c616e,8793,'elan'
2042656361757365,8794,' Because'
2075736566756c,8795,' useful'
62656c6c,8796,'bell'
756365,8797,'uce'
2046616d696c79,8798,' Family'
204e6f7468696e67,8799,' Nothing'
20637261667473,8800,' crafts'
2061646f72,8801,' ador'
20657175,8802,' equ'
207365616c,8803,' seal'
20746572726966696564,8804,' terrified'
616d6174,8805,'amat'
206472696e6b696e67,8806,' drinking'
6f7261,8807,'ora'
2064756e6573,8808,' dunes'
2074696e,8809,' tin'
20636c6f73657374,8810,' closest'
696e67696e67,8811,'inging'
20636f6e76696e636564,8812,' convinced'
20796573746572646179,8813,' yesterday'
20656e766973696f6e6564,8814,' envisioned'
696768626f7273,8815,'ighbors'
6c616d70,8816,'lamp'
206c6f7564657374,8817,' loudest'
20667572726f77,8818,' furrow'
2054686f75676874,8819,' Thought'
20696c6c7573696f6e73,8820,' illusions'
6f7474656e,8821,'otten'
4c6f676963,8822,'Logic'
697463686564,8823,'itched'
4368696c6c79,8824,'Chilly'
2073686f7073,8825,' shops'
2068656c7066756c,8826,' helpful'
206576657279646179,8827,' everyday'
20686f72736573,8828,' horses'
205468616e6b73676976696e67,8829,' Thanksgiving'
20646973736f6c,8830,' dissol'
416d7573696e67,8831,'Amusing'
4672,8832,'Fr'
20616e63686f72,8833,' anchor'
206d697373696f6e73,8834,' missions'
2064656c69766572,8835,' deliver'
207374726565746c616d70,8836,' streetlamp'
206461776e6564,8837,' dawned'
207069636e696373,8838,' picnics'
20736e7567676c6564,8839,' snuggled'
20726569676e,8840,' reign'
20737469636b696e67,8841,' sticking'
20626c6173746564,8842,' blasted'
2073796d626f6c697a6564,8843,' symbolized'
61776e6564,8844,'awned'
2070726573656e746174696f6e,8845,' presentation'
6f756e63696c,8846,'ouncil'
206c6966656c657373,8847,' lifeless'
486d6d,8848,'Hmm'
61736d,8849,'asm'
6c6c6f776564,8850,'llowed'
20736e696666696e67,8851,' sniffing'
48696464656e,8852,'Hidden'
72616674,8853,'raft'
2061747461636b6564,8854,' attacked'
206d69,8855,' mi'
7065726174656c79,8856,'perately'
2066656c6c6f77,8857,' fellow'
4578706c,8858,'Expl'
20737769726c73,8859,' swirls'
20776967676c65,8860,' wiggle'
446563,8861,'Dec'
2068617270,8862,' harp'
206e7564,8863,' nud'
206d61736b6564,8864,' masked'
207468726f7567686f7574,8865,' throughout'
2073657276,8866,' serv'
20626f6f6d696e67,8867,' booming'
7374616e64,8868,'stand'
52757368696e67,8869,'Rushing'
72696c79,8870,'rily'
206361706573,8871,' capes'
20726f626573,8872,' robes'
20466c617368,8873,' Flash'
2070726f6772616d,8874,' program'
207961776e6564,8875,' yawned'
6f6f726179,8876,'ooray'
2066616e746173746963,8877,' fantastic'
20756e74616e676c6564,8878,' untangled'
20736164646572,8879,' sadder'
206368616e74,8880,' chant'
20626c6f7773,8881,' blows'
206275646479,8882,' buddy'
206661726d657273,8883,' farmers'
4f627363,8884,'Obsc'
686574,8885,'het'
20616c6c79,8886,' ally'
697261746573,8887,'irates'
205468696e6b,8888,' Think'
6b796c,8889,'kyl'
6f637573,8890,'ocus'
20446f75627473,8891,' Doubts'
6173746c65,8892,'astle'
206c65766572,8893,' lever'
4875727279,8894,'Hurry'
20756e65617274,8895,' uneart'
4c6f75646c79,8896,'Loudly'
6573736c79,8897,'essly'
616368696f736175727573,8898,'achiosaurus'
2046726f737479,8899,' Frosty'
20666c697070,8900,' flipp'
20726576697665,8901,' revive'
20726f6f66746f7073,8902,' rooftops'
206d697874757265,8903,' mixture'
206c6174,8904,' lat'
6c656c69676874,8905,'lelight'
2063726561746f72,8906,' creator'
506c617966756c,8907,'Playful'
20506561726c,8908,' Pearl'
207375676765737473,8909,' suggests'
207769746e6573736564,8910,' witnessed'
20776174636866756c,8911,' watchful'
204b6579,8912,' Key'
486f6f726179,8913,'Hooray'
2074686972737479,8914,' thirsty'
206c65646765,8915,' ledge'
616e746963,8916,'antic'
20617263686564,8917,' arched'
20616e73776572696e67,8918,' answering'
20746f7265,8919,' tore'
204578,8920,' Ex'
5477696e6b6c696e67,8921,'Twinkling'
2067756d64726f70,8922,' gumdrop'
206e656f6e,8923,' neon'
63636173696f6e616c6c79,8924,'ccasionally'
2061666c6f,8925,' aflo'
2061666c6f6174,8926,' afloat'
2074726f75626c656d616b6572,8927,' troublemaker'
20796561726e696e67,8928,' yearning'
2077696e6b696e67,8929,' winking'
2070726f76,8930,' prov'
204469736170706f696e746d656e74,8931,' Disappointment'
20617070726f6163686573,8932,' approaches'
2064617a7a6c696e67,8933,' dazzling'
20726f6d616e,8934,' roman'
206177617265,8935,' aware'
204769726c,8936,' Girl'
6f7274756e,8937,'ortun'
2076656767,8938,' vegg'
20486561727462726f6b656e,8939,' Heartbroken'
2064656c696768746564,8940,' delighted'
576f726e,8941,'Worn'
207761676f6e,8942,' wagon'
206d656e746f72,8943,' mentor'
4c656176696e67,8944,'Leaving'
207363616c65,8945,' scale'
6c6d696e67,8946,'lming'
206469736d,8947,' dism'
206d617276656c,8948,' marvel'
2070726f6772657373,8949,' progress'
73746f6f64,8950,'stood'
2065786368616e6765,8951,' exchange'
436865657266756c6c79,8952,'Cheerfully'
206c696d6974,8953,' limit'
20696e766f6c,8954,' invol'
206d6574656f72,8955,' meteor'
707079,8956,'ppy'
6f727473,8957,'orts'
206c6174657374,8958,' latest'
20456d626572,8959,' Ember'
56696272616e74,8960,'Vibrant'
20726573706563746564,8961,' respected'
2066757475726573,8962,' futures'
74656e7365,8963,'tense'
6865747469,8964,'hetti'
46696e64696e67,8965,'Finding'
2073686976657273,8966,' shivers'
2057697368,8967,' Wish'
20736c65656b,8968,' sleek'
204563686f6573,8969,' Echoes'
576172696c79,8970,'Warily'
2062656c6c6f776564,8971,' bellowed'
206d696c6c696f6e,8972,' million'
20737461726c6974,8973,' starlit'
2067756d64726f7073,8974,' gumdrops'
2073616d706c6573,8975,' samples'
206465636973696f6e73,8976,' decisions'
20636f6d6963,8977,' comic'
2062656574,8978,' beet'
20687573686564,8979,' hushed'
67657273,8980,'gers'
206865736974617465,8981,' hesitate'
206272696768746e657373,8982,' brightness'
20646f776e66616c6c,8983,' downfall'
2073697465,8984,' site'
20496d6167696e6174696f6e,8985,' Imagination'
207265747269657665,8986,' retrieve'
61676865747469,8987,'aghetti'
206865616c746879,8988,' healthy'
20656e746572696e67,8989,' entering'
61757374,8990,'aust'
477261,8991,'Gra'
43616e64,8992,'Cand'
206c61796572,8993,' layer'
20686177,8994,' haw'
6379,8995,'cy'
2073636172766573,8996,' scarves'
4f63636173696f6e616c6c79,8997,'Occasionally'
6b796c6f736175727573,8998,'kylosaurus'
2073686174746572,8999,' shatter'
207265706561746564,9000,' repeated'
20726f6d616e6365,9001,' romance'
6167696f7573,9002,'agious'
2067726f636572696573,9003,' groceries'
20636f6e746167696f7573,9004,' contagious'
756765,9005,'uge'
206578706c61696e73,9006,' explains'
6c6f7270,9007,'lorp'
206861746564,9008,' hated'
4f6674,9009,'Oft'
2061726d79,9010,' army'
2077657074,9011,' wept'
206d6973756e64657273746f6f64,9012,' misunderstood'
65616368,9013,'each'
2061646f726e6564,9014,' adorned'
61636b6c6564,9015,'ackled'
20706173736573,9016,' passes'
2074656e7473,9017,' tents'
676c6173736573,9018,'glasses'
207374617368,9019,' stash'
20746f7567,9020,' toug'
6f7361757273,9021,'osaurs'
5475726e696e67,9022,'Turning'
20706f7474657279,9023,' pottery'
2052756e6e696e67,9024,' Running'
20456d6272616365,9025,' Embrace'
2057696c6c6f77,9026,' Willow'
2077697a61726473,9027,' wizards'
20436861736572,9028,' Chaser'
207265706169726564,9029,' repaired'
20686f74656c,9030,' hotel'
20546f776e,9031,' Town'
20696e66656374,9032,' infect'
20696e66656374696f7573,9033,' infectious'
207365637265746c79,9034,' secretly'
20726573656172,9035,' resear'
207261696e636f6174,9036,' raincoat'
206d6f636b696e67,9037,' mocking'
72757374726174696f6e,9038,'rustration'
20707566666564,9039,' puffed'
20656173656c,9040,' easel'
20666f6c,9041,' fol'
6962626c6573,9042,'ibbles'
206368696c6c73,9043,' chills'
616279,9044,'aby'
20726f6173746564,9045,' roasted'
617374696e67,9046,'asting'
206c697175,9047,' liqu'
2063686572697368696e67,9048,' cherishing'
65746368,9049,'etch'
207265736f6e,9050,' reson'
20637572696f75736c79,9051,' curiously'
204265617374,9052,' Beast'
20736b657074,9053,' skept'
2068756e74696e67,9054,' hunting'
206d6f636b6564,9055,' mocked'
467269676874,9056,'Fright'
20726167696e67,9057,' raging'
2061726f6d61,9058,' aroma'
2073756e676c6173736573,9059,' sunglasses'
697261,9060,'ira'
20646f6e7574,9061,' donut'
2070697175,9062,' piqu'
6f72746572,9063,'orter'
20636f72726563746c79,9064,' correctly'
207265636f6e6e65,9065,' reconne'
206f70706f6e,9066,' oppon'
20706f6f6c73,9067,' pools'
466f6f74,9068,'Foot'
2063617073,9069,' caps'
20726561736f6e73,9070,' reasons'
20726179,9071,' ray'
6d79,9072,'my'
2043656c656272,9073,' Celebr'
20476c6f6f6d,9074,' Gloom'
20666f786573,9075,' foxes'
6972656c,9076,'irel'
6972656c6573736c79,9077,'irelessly'
2070757273,9078,' purs'
2074727564676564,9079,' trudged'
416d706c65,9080,'Ample'
204e65696768626f7273,9081,' Neighbors'
2061746f70,9082,' atop'
2070756666696e67,9083,' puffing'
20636f6e66757365,9084,' confuse'
2073796d70,9085,' symp'
206861776b,9086,' hawk'
2076696c6c61676572,9087,' villager'
20576f6e646572,9088,' Wonder'
72696e,9089,'rin'
2074656e7461636c6573,9090,' tentacles'
206a6577656c7279,9091,' jewelry'
20506c6179657273,9092,' Players'
20646f63746f72,9093,' doctor'
20676c696d70736573,9094,' glimpses'
20616c62,9095,' alb'
20727573686573,9096,' rushes'
61726573,9097,'ares'
726f6e67,9098,'rong'
2068696e7473,9099,' hints'
20696e7175,9100,' inqu'
2061737375726564,9101,' assured'
20736b61746573,9102,' skates'
2076657373,9103,' vess'
61706964,9104,'apid'
2073637574,9105,' scut'
206f70706f7274756e,9106,' opportun'
6f6d70,9107,'omp'
2073756e67,9108,' sung'
206c616b6573,9109,' lakes'
206c756c6c616279,9110,' lullaby'
206c656e64,9111,' lend'
206a696e67,9112,' jing'
204472,9113,' Dr'
206e6f7374616c,9114,' nostal'
2073796d7061746879,9115,' sympathy'
20696e737472756d656e7473,9116,' instruments'
206465736572766564,9117,' deserved'
746f6c64,9118,'told'
2076696272,9119,' vibr'
20717569,9120,' qui'
2054686f7567687473,9121,' Thoughts'
206368616c6b,9122,' chalk'
44657370697465,9123,'Despite'
20636f75706c6573,9124,' couples'
2066656172736f6d65,9125,' fearsome'
20636f636f6e,9126,' cocon'
5469646573,9127,'Tides'
20646f646765,9128,' dodge'
2066697474696e67,9129,' fitting'
206f7574646f,9130,' outdo'
20526f636b73,9131,' Rocks'
20656d706f7765726564,9132,' empowered'
206d697261636c65,9133,' miracle'
2073706f6e67,9134,' spong'
207370617265,9135,' spare'
206f776c73,9136,' owls'
2072656c61786564,9137,' relaxed'
2064726f7070696e67,9138,' dropping'
20677261646573,9139,' grades'
2053756e64,9140,' Sund'
20696e717569726564,9141,' inquired'
4d656574,9142,'Meet'
2061756e74,9143,' aunt'
20616a,9144,' aj'
20616a6172,9145,' ajar'
206177617264,9146,' award'
207374726565746c6967687473,9147,' streetlights'
4f72616e6765,9148,'Orange'
206e756d626572,9149,' number'
61696c696e67,9150,'ailing'
20666973686564,9151,' fished'
20746972656c6573736c79,9152,' tirelessly'
206e6f6f6b,9153,' nook'
20706f7374657273,9154,' posters'
486964696e67,9155,'Hiding'
427574746572666c696573,9156,'Butterflies'
20626c6f6f64,9157,' blood'
206d616e67,9158,' mang'
206e656564696e67,9159,' needing'
20726f6f746564,9160,' rooted'
20756e697175656e657373,9161,' uniqueness'
2076657373656c,9162,' vessel'
206d616b6572,9163,' maker'
20706971756564,9164,' piqued'
20756e73,9165,' uns'
2061667465726e6f6f6e73,9166,' afternoons'
207265717569726564,9167,' required'
206275696c6473,9168,' builds'
486f70,9169,'Hop'
2070726f6772616d6d6564,9170,' programmed'
20426c656570,9171,' Bleep'
6974697665,9172,'itive'
466f67,9173,'Fog'
206578706563746174696f6e73,9174,' expectations'
456e64,9175,'End'
696f72,9176,'ior'
44616e63696e67,9177,'Dancing'
20426967,9178,' Big'
20666c756666,9179,' fluff'
2064657373,9180,' dess'
2061637475616c6c79,9181,' actually'
20696e6a,9182,' inj'
20706c756e676564,9183,' plunged'
756c66,9184,'ulf'
20757077617264,9185,' upward'
204c75636b79,9186,' Lucky'
737461697273,9187,'stairs'
20467269656e64,9188,' Friend'
206163746f7273,9189,' actors'
2074726f6c6c73,9190,' trolls'
20466c616d65,9191,' Flame'
696e676c79,9192,'ingly'
72656e6368,9193,'rench'
206f7665726c,9194,' overl'
20506978656c,9195,' Pixel'
20736f6c6964,9196,' solid'
756374616e746c79,9197,'uctantly'
206c617267657374,9198,' largest'
756d696e6f7573,9199,'uminous'
20726964,9200,' rid'
44656c6963,9201,'Delic'
204d6170,9202,' Map'
20696e6e6572,9203,' inner'
206375726c79,9204,' curly'
20576561766572,9205,' Weaver'
20636f6d70616e696f6e73686970,9206,' companionship'
50657266656374,9207,'Perfect'
20676f776e,9208,' gown'
20676c69646572,9209,' glider'
2079656c6c696e67,9210,' yelling'
20426c61636b,9211,' Black'
2074656d70746564,9212,' tempted'
20756e636c656172,9213,' unclear'
2074617665726e,9214,' tavern'
206265616473,9215,' beads'
2073746174756573,9216,' statues'
616d61,9217,'ama'
20737061676865747469,9218,' spaghetti'
207072657474,9219,' prett'
61636b696e67,9220,'acking'
206578686962,9221,' exhib'
6f6f646c6573,9222,'oodles'
2052656164,9223,' Read'
2048696c6c,9224,' Hill'
2064726976696e67,9225,' driving'
2073756e6265616d73,9226,' sunbeams'
20686569676874,9227,' height'
6c69766564,9228,'lived'
2073706f,9229,' spo'
20656e67756c66,9230,' engulf'
20686f7370,9231,' hosp'
4c617a,9232,'Laz'
676f7474656e,9233,'gotten'
696c6b,9234,'ilk'
20756e66616972,9235,' unfair'
6f6d656e,9236,'omen'
2070656163,9237,' peac'
656172696e67,9238,'earing'
4861,9239,'Ha'
2053756e646179,9240,' Sunday'
2073706f6e6765,9241,' sponge'
20636f6c646e657373,9242,' coldness'
204d697374,9243,' Mist'
20696e6e6f63656e6365,9244,' innocence'
206265616e73,9245,' beans'
207374756d626c65,9246,' stumble'
20616c657274,9247,' alert'
2074726962757465,9248,' tribute'
6175746966756c,9249,'autiful'
6772616e646d6f74686572,9250,'grandmother'
2046726f67,9251,' Frog'
2053706c617368,9252,' Splash'
6772656174,9253,'great'
20706c61746573,9254,' plates'
6f726e696e67,9255,'orning'
2062617272656c,9256,' barrel'
20756e6c6f,9257,' unlo'
496d6167696e6174696f6e,9258,'Imagination'
74686579,9259,'they'
20436c6f756473,9260,' Clouds'
756262,9261,'ubb'
756d626c6573,9262,'umbles'
20626174746c656669656c64,9263,' battlefield'
6f756e74,9264,'ount'
2065706963,9265,' epic'
2053616e64,9266,' Sand'
2070756e6368,9267,' punch'
205468696566,9268,' Thief'
20746f77656c,9269,' towel'
206d61726b6574706c616365,9270,' marketplace'
20756e6974696e67,9271,' uniting'
4865736974,9272,'Hesit'
20726163636f6f6e73,9273,' raccoons'
20696e6772656469656e74,9274,' ingredient'
20756e746f6c64,9275,' untold'
207265667573696e67,9276,' refusing'
2062616e6b73,9277,' banks'
2073757370656e7365,9278,' suspense'
20616772656573,9279,' agrees'
2054616c6573,9280,' Tales'
206177616974,9281,' await'
2062617272656e,9282,' barren'
20636f756e63696c,9283,' council'
466c69636b6572696e67,9284,'Flickering'
20677261696e73,9285,' grains'
736861646f77,9286,'shadow'
2047726f7665,9287,' Grove'
476f74,9288,'Got'
206167656e7473,9289,' agents'
20536565696e67,9290,' Seeing'
20717565737473,9291,' quests'
20737572766976616c,9292,' survival'
616374696e67,9293,'acting'
207370696573,9294,' spies'
20626c756573,9295,' blues'
20626565746c65,9296,' beetle'
656c657374,9297,'elest'
536b79,9298,'Sky'
20627269636b73,9299,' bricks'
4d696e65,9300,'Mine'
20726569676e6564,9301,' reigned'
206368696e,9302,' chin'
2073707265616473,9303,' spreads'
20776173746564,9304,' wasted'
2073686f727463,9305,' shortc'
2068696e746564,9306,' hinted'
20616e6b,9307,' ank'
676c79,9308,'gly'
20726563657373,9309,' recess'
2076656767696573,9310,' veggies'
20706f73,9311,' pos'
72657463686564,9312,'retched'
206469766572,9313,' diver'
20736372697074,9314,' script'
4d6967687479,9315,'Mighty'
20526f626f7473,9316,' Robots'
204163,9317,' Ac'
616c6c696e67,9318,'alling'
726974,9319,'rit'
4565726965,9320,'Eerie'
20636f6e74726f6c6c6564,9321,' controlled'
20546974,9322,' Tit'
617069646c79,9323,'apidly'
206c696e6b,9324,' link'
206169736c6573,9325,' aisles'
72616d,9326,'ram'
656e74696e65,9327,'entine'
206f62736572766564,9328,' observed'
546869636b,9329,'Thick'
20417175,9330,' Aqu'
20756e65617274686564,9331,' unearthed'
72616e,9332,'ran'
20636972636c696e67,9333,' circling'
20696e766f6c766564,9334,' involved'
2074616c656e746564,9335,' talented'
2061647669736f7273,9336,' advisors'
20636f736d6963,9337,' cosmic'
2044657370697465,9338,' Despite'
206c6f636b6572,9339,' locker'
476174686572,9340,'Gather'
206f6666657273,9341,' offers'
4170706c6573,9342,'Apples'
207573656c657373,9343,' useless'
20736b6570746963616c,9344,' skeptical'
2072656d6f766564,9345,' removed'
2076696c6c61676573,9346,' villages'
206661626c6564,9347,' fabled'
6f6174696e67,9348,'oating'
2073796e,9349,' syn'
20706f7574,9350,' pout'
20776f726d73,9351,' worms'
20736c796c79,9352,' slyly'
20456172,9353,' Ear'
206465636f726174696e67,9354,' decorating'
2070756e,9355,' pun'
206576656e696e6773,9356,' evenings'
2071756965746572,9357,' quieter'
576869726c696e67,9358,'Whirling'
206368616d70696f6e73,9359,' champions'
72656574696e6773,9360,'reetings'
4772656574696e6773,9361,'Greetings'
206269746573,9362,' bites'
2062726561746873,9363,' breaths'
4e6572766f75736c79,9364,'Nervously'
4272656174,9365,'Breat'
2073636f6f706564,9366,' scooped'
20676c69747465726564,9367,' glittered'
62696e67,9368,'bing'
20546974616e,9369,' Titan'
20776f6d656e,9370,' women'
20706561636f636b,9371,' peacock'
20636f617473,9372,' coats'
496d,9373,'Im'
20666f727472657373,9374,' fortress'
6570617261626c65,9375,'eparable'
20696e736570617261626c65,9376,' inseparable'
20616d6e65736961,9377,' amnesia'
20706f70756c6172,9378,' popular'
2077696c6466697265,9379,' wildfire'
206775657374,9380,' guest'
20726574726561746564,9381,' retreated'
2074656e64,9382,' tend'
446565706572,9383,'Deeper'
20766973697473,9384,' visits'
206964656e74,9385,' ident'
65747465,9386,'ette'
2061747461636b696e67,9387,' attacking'
757465,9388,'ute'
20636f6e73756d65,9389,' consume'
4661696e74,9390,'Faint'
20736d6f6b79,9391,' smoky'
2053756e6c69676874,9392,' Sunlight'
696e616c,9393,'inal'
206d696c6b,9394,' milk'
2056616c656e74696e65,9395,' Valentine'
696361746564,9396,'icated'
4d6f726e696e67,9397,'Morning'
20737472656e67,9398,' streng'
20626c616e6b65746564,9399,' blanketed'
20686f73706974616c,9400,' hospital'
75746573,9401,'utes'
207370726179,9402,' spray'
496d6167696e65,9403,'Imagine'
206e6f7374616c676961,9404,' nostalgia'
20476967676c6573,9405,' Giggles'
20616c62756d,9406,' album'
20776f6c766573,9407,' wolves'
4173746f6e,9408,'Aston'
20737570657270,9409,' superp'
537061726b6c696e67,9410,'Sparkling'
2067617a6573,9411,' gazes'
4d697374,9412,'Mist'
207072696e636573736573,9413,' princesses'
426f6f,9414,'Boo'
7269646179,9415,'riday'
204d6f6d656e7473,9416,' Moments'
2072656d656d6272616e6365,9417,' remembrance'
204272616368696f736175727573,9418,' Brachiosaurus'
7269636b657473,9419,'rickets'
20537465676f736175727573,9420,' Stegosaurus'
20737461696e6564,9421,' stained'
206d656173,9422,' meas'
20657870657269656e636564,9423,' experienced'
2064656166,9424,' deaf'
206d6f75746873,9425,' mouths'
4661646564,9426,'Faded'
206c6f6f70,9427,' loop'
2064656d616e64696e67,9428,' demanding'
206368697270,9429,' chirp'
616c696365,9430,'alice'
416e67,9431,'Ang'
206f7665726c6f6f6b6564,9432,' overlooked'
20646179647265616d696e67,9433,' daydreaming'
204c656176696e67,9434,' Leaving'
20636f6d6d616e64,9435,' command'
4e6f7468696e67,9436,'Nothing'
20696d70726f,9437,' impro'
2072656d6f7465,9438,' remote'
436c65766572,9439,'Clever'
20696e737472756374696f6e73,9440,' instructions'
207377616c6c6f77696e67,9441,' swallowing'
2066696e657374,9442,' finest'
205456,9443,' TV'
2073686f72746572,9444,' shorter'
20747275737479,9445,' trusty'
20666c6f70706564,9446,' flopped'
676d656e74,9447,'gment'
206c6f73736573,9448,' losses'
204275696c64696e6773,9449,' Buildings'
206461697379,9450,' daisy'
46726f67,9451,'Frog'
20696e6368,9452,' inch'
4865617679,9453,'Heavy'
6c6c696e67,9454,'lling'
20646f6f7273746570,9455,' doorstep'
437570,9456,'Cup'
20626f62626564,9457,' bobbed'
20687565,9458,' hue'
206c696e676572696e67,9459,' lingering'
61746368696e67,9460,'atching'
4f6d696e,9461,'Omin'
20517569636b6c79,9462,' Quickly'
207472696379636c65,9463,' tricycle'
20467269646179,9464,' Friday'
617573746564,9465,'austed'
207363726577,9466,' screw'
68696464656e,9467,'hidden'
20657465726e616c,9468,' eternal'
4469736170706f696e,9469,'Disappoin'
20736f6674656e,9470,' soften'
536561726368696e67,9471,'Searching'
2063726f7373726f,9472,' crossro'
2073636f72696e67,9473,' scoring'
20747269636b657279,9474,' trickery'
206d656f77,9475,' meow'
207772656e6368,9476,' wrench'
2066616c7465726564,9477,' faltered'
206e6172726f77696e67,9478,' narrowing'
4669657263656c79,9479,'Fiercely'
2041746c,9480,' Atl'
20616e6b6c65,9481,' ankle'
20426f6f6b,9482,' Book'
204f6e626f617264,9483,' Onboard'
2072656c79,9484,' rely'
20776869726c6564,9485,' whirled'
2073657276616e74,9486,' servant'
2073796e63,9487,' sync'
206167726565696e67,9488,' agreeing'
2077696c6c6f77,9489,' willow'
2077686973746c6564,9490,' whistled'
2061747472616374,9491,' attract'
2063686f7264,9492,' chord'
20466f78,9493,' Fox'
20686f6e6573746c79,9494,' honestly'
207768696d,9495,' whim'
616e74616765,9496,'antage'
20736c656473,9497,' sleds'
20736e65657a6564,9498,' sneezed'
2073656570,9499,' seep'
61726473,9500,'ards'
72616e636564,9501,'ranced'
2073707269746573,9502,' sprites'
696e75746573,9503,'inutes'
206e6963,9504,' nic'
20576f62626c65,9505,' Wobble'
207a6f6f,9506,' zoo'
20696e7365637473,9507,' insects'
20756e6c65617368,9508,' unleash'
206d617276656c696e67,9509,' marveling'
4d6572,9510,'Mer'
7070657273,9511,'ppers'
796d7068,9512,'ymph'
206f757463,9513,' outc'
20507465726f64616374796c,9514,' Pterodactyl'
5472757468,9515,'Truth'
206578706c6f73,9516,' explos'
207374796c6573,9517,' styles'
206967,9518,' ig'
2074696d656c657373,9519,' timeless'
66696c6c,9520,'fill'
2066756c66696c6c,9521,' fulfill'
20646f6f7262656c6c,9522,' doorbell'
206578697374656e6365,9523,' existence'
204661636573,9524,' Faces'
2062756c,9525,' bul'
2072756c696e67,9526,' ruling'
206665746368,9527,' fetch'
2070696e6368,9528,' pinch'
206f7574666974,9529,' outfit'
2073756e6c6974,9530,' sunlit'
207377656570,9531,' sweep'
6964656e6365,9532,'idence'
4f776c,9533,'Owl'
59756d,9534,'Yum'
207265717569726573,9535,' requires'
667269656e6473,9536,'friends'
54756e6e,9537,'Tunn'
6973636f,9538,'isco'
6973636f76657279,9539,'iscovery'
20537175697272656c,9540,' Squirrel'
20717569636b656e6564,9541,' quickened'
6973686d656e74,9542,'ishment'
207061636b616765,9543,' package'
207363756c707475726573,9544,' sculptures'
20756e7665696c6564,9545,' unveiled'
776f72,9546,'wor'
20737472617762657272696573,9547,' strawberries'
486f6d65,9548,'Home'
2062656767696e67,9549,' begging'
616b657273,9550,'akers'
20536f6c,9551,' Sol'
20706f6c65,9552,' pole'
204b6e69676874,9553,' Knight'
2072657472,9554,' retr'
20676f6f,9555,' goo'
206772616273,9556,' grabs'
204e6962626c6573,9557,' Nibbles'
206a7564676d656e74,9558,' judgment'
20667269646765,9559,' fridge'
2042697264,9560,' Bird'
20616476616e74616765,9561,' advantage'
6d616465,9562,'made'
20736570617261746564,9563,' separated'
20706f7765726c657373,9564,' powerless'
2072756c657273,9565,' rulers'
46726f737479,9566,'Frosty'
53756e7368696e65,9567,'Sunshine'
626f72,9568,'bor'
2062726163656c657473,9569,' bracelets'
6173616e74,9570,'asant'
416e78696f7573,9571,'Anxious'
74657272616e,9572,'terran'
206c6971756964,9573,' liquid'
20686f617264,9574,' hoard'
20476c6f77,9575,' Glow'
20616c6c6f77,9576,' allow'
20736174656c6c,9577,' satell'
20636861747465726564,9578,' chattered'
206f7665727768656c6d696e67,9579,' overwhelming'
74657272616e65616e,9580,'terranean'
204672757374726174696f6e,9581,' Frustration'
207061776e,9582,' pawn'
46656174686572,9583,'Feather'
6176657273,9584,'avers'
6c6570,9585,'lep'
207374756666,9586,' stuff'
206465707468,9587,' depth'
20466f7572,9588,' Four'
206162736f72,9589,' absor'
20656d6261726b,9590,' embark'
2068756e64,9591,' hund'
2068756e64726564,9592,' hundred'
46697265666c696573,9593,'Fireflies'
656c616e63686f,9594,'elancho'
656c616e63686f6c79,9595,'elancholy'
20656e636f7572616765,9596,' encourage'
206d656e6163696e67,9597,' menacing'
496e74,9598,'Int'
20646570656e646564,9599,' depended'
656e6e79,9600,'enny'
20777265636b616765,9601,' wreckage'
207374756e6e6564,9602,' stunned'
20706c656e7479,9603,' plenty'
537072,9604,'Spr'
2077617279,9605,' wary'
20636c696d626572,9606,' climber'
206c69667473,9607,' lifts'
20666c616b6573,9608,' flakes'
677265,9609,'gre'
6172696573,9610,'aries'
6572726973,9611,'erris'
657373696f6e,9612,'ession'
54616c6c,9613,'Tall'
687573,9614,'hus'
206963696e67,9615,' icing'
20536e65,9616,' Sne'
6c656d,9617,'lem'
49736c616e64,9618,'Island'
204d6f7374,9619,' Most'
50656e73,9620,'Pens'
2070757070696573,9621,' puppies'
20706561636566756c6c79,9622,' peacefully'
6f7264696e617279,9623,'ordinary'
2054656c6c,9624,' Tell'
206d7573696369616e73,9625,' musicians'
207265626f726e,9626,' reborn'
20657965696e67,9627,' eyeing'
2053696c6c79,9628,' Silly'
20636f6d706c61696e6564,9629,' complained'
20736c6974686572,9630,' slither'
61737465,9631,'aste'
2067726176,9632,' grav'
65656b696e67,9633,'eeking'
20737472696b696e67,9634,' striking'
2070726f63,9635,' proc'
20636f6e6573,9636,' cones'
6c657068616e74,9637,'lephant'
2053756d6d6572,9638,' Summer'
207365656b73,9639,' seeks'
476c696d6d6572696e67,9640,'Glimmering'
206368616d70696f6e73686970,9641,' championship'
446179,9642,'Day'
506c65,9643,'Ple'
20736572696f75736c79,9644,' seriously'
466f637573,9645,'Focus'
4d75736963,9646,'Music'
20756e6c6f636b696e67,9647,' unlocking'
20666c697073,9648,' flips'
207768696d706572,9649,' whimper'
2073637265,9650,' scre'
61626f72,9651,'abor'
20447261776e,9652,' Drawn'
2073746577,9653,' stew'
2063756c7475726573,9654,' cultures'
4c6f76656c79,9655,'Lovely'
20776564,9656,' wed'
6f76696e67,9657,'oving'
54616c6573,9658,'Tales'
204c616b65,9659,' Lake'
2067656e65726174696f6e,9660,' generation'
636f6d696e67,9661,'coming'
4c617a696c79,9662,'Lazily'
20627574746572,9663,' butter'
20436f73,9664,' Cos'
206375726c696e67,9665,' curling'
207370696379,9666,' spicy'
2064657373657274,9667,' dessert'
6f74746564,9668,'otted'
20646f6f6d,9669,' doom'
204c756d61,9670,' Luma'
20636972637573,9671,' circus'
496e6e6f,9672,'Inno'
2063616e79,9673,' cany'
616e61,9674,'ana'
206772616e64706172656e7473,9675,' grandparents'
20636f6c,9676,' col'
6f7973,9677,'oys'
20636166,9678,' caf'
20647573746564,9679,' dusted'
206f726967,9680,' orig'
20796561726c79,9681,' yearly'
20456173746572,9682,' Easter'
206c69737473,9683,' lists'
207072696e7473,9684,' prints'
2069726f6e6963,9685,' ironic'
2072656a656374,9686,' reject'
6f66,9687,'of'
2068616c66776179,9688,' halfway'
2073756274657272616e65616e,9689,' subterranean'
57696c64666c6f77657273,9690,'Wildflowers'
656168,9691,'eah'
2064726f6f70696e67,9692,' drooping'
2057726974696e67,9693,' Writing'
2079656c6c73,9694,' yells'
20667572726f776564,9695,' furrowed'
657461,9696,'eta'
204661696c757265,9697,' Failure'
20656e67756c666564,9698,' engulfed'
2075736573,9699,' uses'
52617069646c79,9700,'Rapidly'
416674657277617264,9701,'Afterward'
206c617074,9702,' lapt'
2042726967687476616c65,9703,' Brightvale'
7564646c6573,9704,'uddles'
20436c7562,9705,' Club'
547261646974696f6e,9706,'Tradition'
206361636b6c6564,9707,' cackled'
627269676874,9708,'bright'
4368616e6765,9709,'Change'
206461726b656e,9710,' darken'
20666f6f6c73,9711,' fools'
53756464656e,9712,'Sudden'
6f73736f6d,9713,'ossom'
20666c6f6f72626f61726473,9714,' floorboards'
2063616e796f6e,9715,' canyon'
2072657772697465,9716,' rewrite'
20676f6473,9717,' gods'
20666561737473,9718,' feasts'
2073636174746572696e67,9719,' scattering'
207374726179,9720,' stray'
205a6f6f6d,9721,' Zoom'
2044726976656e,9722,' Driven'
20426f6f6b73,9723,' Books'
206e6567,9724,' neg'
486f72,9725,'Hor'
20447265616d657273,9726,' Dreamers'
206661726577,9727,' farew'
206661726577656c6c,9728,' farewell'
20736c6f7065,9729,' slope'
4465636964696e67,9730,'Deciding'
20726f6c6c6572,9731,' roller'
2070726f636c61696d6564,9732,' proclaimed'
20636f6c6c61626f72,9733,' collabor'
2063686561746564,9734,' cheated'
20706572666f726d6572,9735,' performer'
7279696e67,9736,'rying'
737472696368,9737,'strich'
6172657374,9738,'arest'
2068656176656e73,9739,' heavens'
20636865727279,9740,' cherry'
207769746865726564,9741,' withered'
50616e6963,9742,'Panic'
20626c616d65,9743,' blame'
61726d6564,9744,'armed'
206c6170746f70,9745,' laptop'
207269646572,9746,' rider'
20636f6e7369646572696e67,9747,' considering'
5065616365,9748,'Peace'
547261676963,9749,'Tragic'
20756e63,9750,' unc'
456e646c657373,9751,'Endless'
4c756d696e6f7573,9752,'Luminous'
5768696368,9753,'Which'
64656173,9754,'deas'
756773,9755,'ugs'
2065787472616f7264696e617279,9756,' extraordinary'
20737472616e67656c79,9757,' strangely'
6974696f6e73,9758,'itions'
206772616e74696e67,9759,' granting'
20676c6f7665,9760,' glove'
466f6f747374657073,9761,'Footsteps'
2041726d6564,9762,' Armed'
20626179,9763,' bay'
207061747465726e,9764,' pattern'
205265616c6d,9765,' Realm'
20736174656c6c697465,9766,' satellite'
536561736f6e73,9767,'Seasons'
52656c,9768,'Rel'
44697374,9769,'Dist'
2076696f6c696e,9770,' violin'
2063617074697665,9771,' captive'
20766163,9772,' vac'
20706978656c73,9773,' pixels'
537065,9774,'Spe'
20426f,9775,' Bo'
2074756d6d79,9776,' tummy'
207265636f6e6e656374,9777,' reconnect'
2072656473,9778,' reds'
2066696674,9779,' fift'
69656c6473,9780,'ields'
48616c66776179,9781,'Halfway'
206a6f6273,9782,' jobs'
6174657273,9783,'aters'
54756e6e656c73,9784,'Tunnels'
204d65,9785,' Me'
206472656e,9786,' dren'
696c6c61,9787,'illa'
69726b79,9788,'irky'
206469736167,9789,' disag'
4e656564,9790,'Need'
6c74696d,9791,'ltim'
20636172656c657373,9792,' careless'
6f69636573,9793,'oices'
2061726f7365,9794,' arose'
206675656c696e67,9795,' fueling'
6d617463686564,9796,'matched'
20736861646f776564,9797,' shadowed'
204578706c,9798,' Expl'
2070616e69636b696e67,9799,' panicking'
204c756d696e,9800,' Lumin'
4865736974616e746c79,9801,'Hesitantly'
20737472696374,9802,' strict'
206465636c61,9803,' decla'
2073706f696c,9804,' spoil'
207468726976696e67,9805,' thriving'
4475736b,9806,'Dusk'
206275726e74,9807,' burnt'
727570,9808,'rup'
207368656574,9809,' sheet'
4665617468657273,9810,'Feathers'
50757a7a,9811,'Puzz'
4e6967687473,9812,'Nights'
41776b776172646c79,9813,'Awkwardly'
697573,9814,'ius'
4f6674656e,9815,'Often'
717565,9816,'que'
2041746c616e74,9817,' Atlant'
206465617468,9818,' death'
50617469656e746c79,9819,'Patiently'
20626164676572,9820,' badger'
2063726974,9821,' crit'
616e64656c,9822,'andel'
206a6f696e73,9823,' joins'
2068616d6d6572,9824,' hammer'
20636f6e7374616e74,9825,' constant'
20796f756e67657374,9826,' youngest'
2072656865,9827,' rehe'
20706179696e67,9828,' paying'
207379727570,9829,' syrup'
206c656164657273686970,9830,' leadership'
46756e6e79,9831,'Funny'
2061737465726f696473,9832,' asteroids'
20646f636b6564,9833,' docked'
2073746172746c696e67,9834,' startling'
206b696e64657374,9835,' kindest'
6970616c,9836,'ipal'
20667269676874656e696e67,9837,' frightening'
2067726176697479,9838,' gravity'
697474656e73,9839,'ittens'
736865,9840,'she'
2074756767696e67,9841,' tugging'
53746570,9842,'Step'
5472656d,9843,'Trem'
20737465656c,9844,' steel'
4469736170706f696e746564,9845,'Disappointed'
20646f63,9846,' doc'
20766f6c6c,9847,' voll'
756c6f7573,9848,'ulous'
696761726574,9849,'igaret'
206d65616e696e6766756c,9850,' meaningful'
2061646d6974,9851,' admit'
206275696c646572,9852,' builder'
2047686f7374,9853,' Ghost'
2063616e6e,9854,' cann'
20736c697073,9855,' slips'
20746f6173746572,9856,' toaster'
61706572,9857,'aper'
2073637574746c6564,9858,' scuttled'
206669726573,9859,' fires'
207375697473,9860,' suits'
20706564616c,9861,' pedal'
20776f727279696e67,9862,' worrying'
20426f6c74,9863,' Bolt'
636970616c,9864,'cipal'
207072696e636970616c,9865,' principal'
20426c6970,9866,' Blip'
204272696e67,9867,' Bring'
2064656c6967687466756c,9868,' delightful'
657962616c6c,9869,'eyball'
2070686f6e6573,9870,' phones'
2072657363756564,9871,' rescued'
63656e74,9872,'cent'
59656168,9873,'Yeah'
20627573696e657373,9874,' business'
2072656c696564,9875,' relied'
20466c69636b,9876,' Flick'
206c6f6f6d,9877,' loom'
206d6972726f72696e67,9878,' mirroring'
20446f776e,9879,' Down'
2077697265,9880,' wire'
6561726e696e67,9881,'earning'
20747275746866756c,9882,' truthful'
2073696c656e636564,9883,' silenced'
20756e726176656c,9884,' unravel'
20696e74656e7365,9885,' intense'
7562626f726e,9886,'ubborn'
2064656c697665726564,9887,' delivered'
204368616e6765,9888,' Change'
20637261636b6c696e67,9889,' crackling'
206661756c74,9890,' fault'
20627261696e,9891,' brain'
2061776b77617264,9892,' awkward'
6f6c6c79,9893,'olly'
2062757264656e6564,9894,' burdened'
20656c766573,9895,' elves'
206163746f72,9896,' actor'
20736372656563,9897,' screec'
20756e6c696b,9898,' unlik'
46616365,9899,'Face'
2048617264,9900,' Hard'
206e757a7a6c6564,9901,' nuzzled'
2054696e6b6572,9902,' Tinker'
20746f756768657374,9903,' toughest'
436f6c6f7273,9904,'Colors'
20746572726f72,9905,' terror'
20506172,9906,' Par'
2063616e6f65,9907,' canoe'
205275,9908,' Ru'
2073706172726f77,9909,' sparrow'
207265706f7274,9910,' report'
2061646473,9911,' adds'
20736368656d696e67,9912,' scheming'
4f6c64,9913,'Old'
204f6666,9914,' Off'
656d6f6e73,9915,'emons'
20626c617a6564,9916,' blazed'
2064696d6d6572,9917,' dimmer'
536f6d657468696e67,9918,'Something'
20536c,9919,' Sl'
2047726f777468,9920,' Growth'
2074656172696e67,9921,' tearing'
20706f65747279,9922,' poetry'
2066696c6d,9923,' film'
206e796d7068,9924,' nymph'
7468657265,9925,'there'
20656e7472616e636564,9926,' entranced'
20706c6561,9927,' plea'
61646f,9928,'ado'
206d616964,9929,' maid'
2067726f756e646564,9930,' grounded'
206578706c6f73696f6e,9931,' explosion'
206d6572656c79,9932,' merely'
206772616e7473,9933,' grants'
72696d70,9934,'rimp'
20706172746963,9935,' partic'
2064656166656e696e67,9936,' deafening'
207772617468,9937,' wrath'
696e61,9938,'ina'
2077656273,9939,' webs'
657465,9940,'ete'
6f727279,9941,'orry'
4465737065726174656c79,9942,'Desperately'
756d626c79,9943,'umbly'
496d70,9944,'Imp'
2061696d6c6573736c79,9945,' aimlessly'
20696e7669746573,9946,' invites'
206461756e74696e67,9947,' daunting'
4f70656e6c79,9948,'Openly'
2042656e6e79,9949,' Benny'
206469736d6973,9950,' dismis'
20726570726573656e74696e67,9951,' representing'
4f627363757265,9952,'Obscure'
6b617274,9953,'kart'
4173746f6e697368696e67,9954,'Astonishing'
4c617465,9955,'Late'
6162696c697479,9956,'ability'
20456e6368616e746564,9957,' Enchanted'
207472656163686572,9958,' treacher'
2064696773,9959,' digs'
6967617265747465,9960,'igarette'
20617070656172696e67,9961,' appearing'
2073747562626f726e,9962,' stubborn'
2073637265616d696e67,9963,' screaming'
6f72746879,9964,'orthy'
726177,9965,'raw'
2066616e,9966,' fan'
206172726976696e67,9967,' arriving'
2046656174686572,9968,' Feather'
206d656173757265,9969,' measure'
206d6972616765,9970,' mirage'
20536869656c64,9971,' Shield'
537472656e677468,9972,'Strength'
20766f6c6c657962616c6c,9973,' volleyball'
537072696e67,9974,'Spring'
20626f6e66,9975,' bonf'
20656d657267696e67,9976,' emerging'
20736872696d70,9977,' shrimp'
76696577,9978,'view'
2070757473,9979,' puts'
20677261696e,9980,' grain'
206368616e746564,9981,' chanted'
207475726b6579,9982,' turkey'
2073696e,9983,' sin'
206772696e73,9984,' grins'
757274,9985,'urt'
206465736572746564,9986,' deserted'
756d626572,9987,'umber'
20776f6e64726f7573,9988,' wondrous'
206465736b73,9989,' desks'
2073696c6c696e657373,9990,' silliness'
204a756c79,9991,' July'
20736f727473,9992,' sorts'
20647265616d6c616e64,9993,' dreamland'
20536e6f77666c616b6573,9994,' Snowflakes'
2046726565646f6d,9995,' Freedom'
2066656174757265,9996,' feature'
20727562626c65,9997,' rubble'
207265646973,9998,' redis'
20766f77,9999,' vow'
696e6973,10000,'inis'
2053746f7279,10001,' Story'
2067657374757265,10002,' gesture'
20676f6f66,10003,' goof'
20616273656e74,10004,' absent'
42756d7079,10005,'Bumpy'
42657374,10006,'Best'
20686179,10007,' hay'
2072756d6d,10008,' rumm'
2077616e64657273,10009,' wanders'
2063726f7373726f616473,10010,' crossroads'
206d6f746f72,10011,' motor'
576973656c79,10012,'Wisely'
4461726b6e657373,10013,'Darkness'
2076656e74757265,10014,' venture'
20417574756d6e,10015,' Autumn'
207961776e,10016,' yawn'
20526573696c69656e6365,10017,' Resilience'
2063616e646c656c69676874,10018,' candlelight'
20726577617264696e67,10019,' rewarding'
2070757272696e67,10020,' purring'
20736565706564,10021,' seeped'
20436f736d6963,10022,' Cosmic'
756d6564,10023,'umed'
206f677265,10024,' ogre'
4f64646c79,10025,'Oddly'
207365697a6564,10026,' seized'
436c6f7564,10027,'Cloud'
726578,10028,'rex'
2074657874,10029,' text'
45766572797468696e67,10030,'Everything'
206b65656e,10031,' keen'
206d6f75726e6564,10032,' mourned'
20736c65657665,10033,' sleeve'
206765737475726573,10034,' gestures'
2073656e74656e6365,10035,' sentence'
47617a696e67,10036,'Gazing'
207368616b656e,10037,' shaken'
546572,10038,'Ter'
207265636f7264,10039,' record'
2041746c616e746973,10040,' Atlantis'
48756d626c79,10041,'Humbly'
20636f6d6d616e6473,10042,' commands'
207374656164696c79,10043,' steadily'
20676f6f646e657373,10044,' goodness'
20426c6f73736f6d,10045,' Blossom'
4e6174757265,10046,'Nature'
61726d6f6e79,10047,'armony'
206261646765,10048,' badge'
20736d656c6c696e67,10049,' smelling'
2062616974,10050,' bait'
20766964656f73,10051,' videos'
2073706972616c6564,10052,' spiraled'
20686172626f72,10053,' harbor'
616d656e7473,10054,'aments'
20466c79,10055,' Fly'
686f70,10056,'hop'
204d6f756e7461696e,10057,' Mountain'
2064726f6f70,10058,' droop'
2046697a7a,10059,' Fizz'
2072656d696e6973,10060,' reminis'
20776964656e,10061,' widen'
2062656163686573,10062,' beaches'
6265617473,10063,'beats'
20737566666f63,10064,' suffoc'
5261696e626f77,10065,'Rainbow'
207363726170626f6f6b,10066,' scrapbook'
596179,10067,'Yay'
2074696e6b,10068,' tink'
20707265747469657374,10069,' prettiest'
206f70706f73,10070,' oppos'
20666c7566666564,10071,' fluffed'
20736c69746865726564,10072,' slithered'
206e656172657374,10073,' nearest'
20526578,10074,' Rex'
206368616c6c656e67696e67,10075,' challenging'
207669657773,10076,' views'
20636865776564,10077,' chewed'
20436c65616e,10078,' Clean'
20676c696d6d657273,10079,' glimmers'
20647574696573,10080,' duties'
20706f736564,10081,' posed'
20636967617265747465,10082,' cigarette'
2071756974,10083,' quit'
536d,10084,'Sm'
20766974616c,10085,' vital'
2075676c79,10086,' ugly'
206368696d65,10087,' chime'
2070617373696f6e73,10088,' passions'
204561726c696572,10089,' Earlier'
20736f6c6172,10090,' solar'
2062756c62,10091,' bulb'
20466f75727468,10092,' Fourth'
61677565,10093,'ague'
2074726561746564,10094,' treated'
576865,10095,'Whe'
797373,10096,'yss'
7563746f72,10097,'uctor'
20737461726b,10098,' stark'
20636f7079,10099,' copy'
2056696c6c,10100,' Vill'
616b73,10101,'aks'
206c616e64736361706573,10102,' landscapes'
2064696e6572,10103,' diner'
2063616c6d6e657373,10104,' calmness'
4472616d6174,10105,'Dramat'
20496e766973,10106,' Invis'
206c61636b6564,10107,' lacked'
6368657374,10108,'chest'
6963746564,10109,'icted'
207374617273686970,10110,' starship'
207a6f6e65,10111,' zone'
5374617274,10112,'Start'
506c656173616e74,10113,'Pleasant'
20726566756765,10114,' refuge'
206964656e74697479,10115,' identity'
20726163657273,10116,' racers'
2074657272696679696e67,10117,' terrifying'
2077656570,10118,' weep'
506c616e,10119,'Plan'
20667261676d656e7473,10120,' fragments'
20726974,10121,' rit'
2073656c6c6572,10122,' seller'
204f63746f707573,10123,' Octopus'
65726f,10124,'ero'
69726473,10125,'irds'
496e76697369626c65,10126,'Invisible'
576973646f6d,10127,'Wisdom'
2068697473,10128,' hits'
206d6973756e6465727374616e64696e67,10129,' misunderstanding'
20726561737375726564,10130,' reassured'
2072656a656374696f6e,10131,' rejection'
726570,10132,'rep'
4e6f626c65,10133,'Noble'
20456e636f757261676564,10134,' Encouraged'
20626f756e646172696573,10135,' boundaries'
2063686f70706564,10136,' chopped'
2066616e73,10137,' fans'
207472616d70,10138,' tramp'
2064726f776e6564,10139,' drowned'
205374657070696e67,10140,' Stepping'
20736f72726f7773,10141,' sorrows'
20646973747572626564,10142,' disturbed'
2072656c656173696e67,10143,' releasing'
206164617074,10144,' adapt'
206d61727279,10145,' marry'
20656e7477696e6564,10146,' entwined'
206275696c64657273,10147,' builders'
20706f7765726564,10148,' powered'
206f74746572,10149,' otter'
2074616e6b,10150,' tank'
206f726e616d656e7473,10151,' ornaments'
2067617073,10152,' gaps'
20536e6f7779,10153,' Snowy'
20696d70616374,10154,' impact'
20746f6d62,10155,' tomb'
20677261746566756c6c79,10156,' gratefully'
206261727269657273,10157,' barriers'
206669726564,10158,' fired'
207469726573,10159,' tires'
206261726e61636c6573,10160,' barnacles'
20756d6272656c6c6173,10161,' umbrellas'
20706f6f66,10162,' poof'
537572707269736564,10163,'Surprised'
2064616d616765,10164,' damage'
2074696573,10165,' ties'
20707269736f6e6572,10166,' prisoner'
206f756e6365,10167,' ounce'
207375697463617365,10168,' suitcase'
427269,10169,'Bri'
4775,10170,'Gu'
20736f756e64696e67,10171,' sounding'
2072656761696e6564,10172,' regained'
20686f6f64,10173,' hood'
20626f6f6b736865,10174,' bookshe'
2064657374696e6564,10175,' destined'
20626f6e66697265,10176,' bonfire'
696e6e,10177,'inn'
206d617465,10178,' mate'
466c79,10179,'Fly'
206f64,10180,' od'
206f70706f6e656e74,10181,' opponent'
2057697365,10182,' Wise'
726961,10183,'ria'
206472616767696e67,10184,' dragging'
6464657373,10185,'ddess'
2073706163657368697073,10186,' spaceships'
4769616e74,10187,'Giant'
20737572726f756e64696e6773,10188,' surroundings'
20636c617073,10189,' claps'
2073757266626f617264,10190,' surfboard'
206e6561746c79,10191,' neatly'
206162797373,10192,' abyss'
207368616479,10193,' shady'
7373,10194,'ss'
2068616e646d616465,10195,' handmade'
20686f6f7073,10196,' hoops'
2072616c6c79,10197,' rally'
6576656e,10198,'even'
206368696d6573,10199,' chimes'
4c617374,10200,'Last'
6964657273,10201,'iders'
20466c79696e67,10202,' Flying'
206f6265796564,10203,' obeyed'
20636f6e766572736174696f6e73,10204,' conversations'
657465726961,10205,'eteria'
206761696e696e67,10206,' gaining'
53756d6d6572,10207,'Summer'
20756e74616e676c65,10208,' untangle'
6e6f7469636564,10209,'noticed'
20676c61726564,10210,' glared'
53686172696e67,10211,'Sharing'
2070656e6775696e73,10212,' penguins'
20447261676f6e,10213,' Dragon'
20537461727279,10214,' Starry'
6174756c,10215,'atul'
20746f7572,10216,' tour'
696e676572,10217,'inger'
20466572726973,10218,' Ferris'
206170707265636961746564,10219,' appreciated'
2065766964656e6365,10220,' evidence'
456d6272616365,10221,'Embrace'
2077656464696e67,10222,' wedding'
20726563616c6c73,10223,' recalls'
6966666572656e,10224,'ifferen'
7273,10225,'rs'
61737479,10226,'asty'
20756e6e6f7469636564,10227,' unnoticed'
207365706172617465,10228,' separate'
20726576656c6564,10229,' reveled'
206f7574636f6d65,10230,' outcome'
64657374,10231,'dest'
6f7572636573,10232,'ources'
20636f6e6368,10233,' conch'
4177616b,10234,'Awak'
416e6369656e74,10235,'Ancient'
456e636f757261676564,10236,'Encouraged'
206f646473,10237,' odds'
526576656e6765,10238,'Revenge'
20736572696573,10239,' series'
20636f6e64,10240,' cond'
20756e69636f726e73,10241,' unicorns'
20696e76656e746f7273,10242,' inventors'
72696572,10243,'rier'
69656c64696e67,10244,'ielding'
206465636179,10245,' decay'
536f6c7665,10246,'Solve'
207375626a656374,10247,' subject'
776f726c64,10248,'world'
20696e7374616e746c79,10249,' instantly'
206578706572696d656e74,10250,' experiment'
757279,10251,'ury'
20626f696c696e67,10252,' boiling'
4e696365,10253,'Nice'
20676f6f6679,10254,' goofy'
6f74696f6e,10255,'otion'
207369676873,10256,' sighs'
207265736f7572636573,10257,' resources'
20636f7773,10258,' cows'
20736372656563686564,10259,' screeched'
20636572,10260,' cer'
20706f72747261,10261,' portra'
20666f6c6b73,10262,' folks'
6e61,10263,'na'
20776974687374616e64,10264,' withstand'
20626f7265,10265,' bore'
207265636c61696d6564,10266,' reclaimed'
546f726e,10267,'Torn'
207374616b6573,10268,' stakes'
7265616c,10269,'real'
756e7465,10270,'unte'
6f706961,10271,'opia'
2073706c61747465726564,10272,' splattered'
20486561727473,10273,' Hearts'
20626f6262696e67,10274,' bobbing'
20627261696e73,10275,' brains'
656c646564,10276,'elded'
206c656d6f6e73,10277,' lemons'
20656d7074696572,10278,' emptier'
726170706564,10279,'rapped'
2076756c6e65726162696c697479,10280,' vulnerability'
206865697374,10281,' heist'
20636166657465726961,10282,' cafeteria'
20626c617a696e67,10283,' blazing'
207265656473,10284,' reeds'
206e6f697379,10285,' noisy'
656c696e65,10286,'eline'
2068756d626c65,10287,' humble'
206368656174696e67,10288,' cheating'
206d696d,10289,' mim'
6772616e64666174686572,10290,'grandfather'
207265756e69746564,10291,' reunited'
6f7379,10292,'osy'
2073656167756c6c73,10293,' seagulls'
67676c6573,10294,'ggles'
6f727573,10295,'orus'
206f7665726c6f6f6b696e67,10296,' overlooking'
20646973736f6c7665,10297,' dissolve'
526f756768,10298,'Rough'
20636f756e747279,10299,' country'
696b69,10300,'iki'
697a7a6564,10301,'izzed'
636f6c6f72,10302,'color'
20736f72726f7766756c,10303,' sorrowful'
66696e,10304,'fin'
756e746564,10305,'unted'
2070696e6b73,10306,' pinks'
206f6d696e,10307,' omin'
20756e6c657373,10308,' unless'
2073746162,10309,' stab'
206976,10310,' iv'
61727265,10311,'arre'
204e6f7661,10312,' Nova'
2063686f727573,10313,' chorus'
20756e646572657374,10314,' underest'
20756e646572657374696d,10315,' underestim'
426f756e63696e67,10316,'Bouncing'
5472656d656e64,10317,'Tremend'
20766f6c756e7465,10318,' volunte'
20726f67,10319,' rog'
20726f677565,10320,' rogue'
207477656e7479,10321,' twenty'
426f6f6b73,10322,'Books'
526566,10323,'Ref'
69747479,10324,'itty'
206d75737479,10325,' musty'
206e75646765,10326,' nudge'
20706572736f6e616c,10327,' personal'
756c65,10328,'ule'
20737469746368,10329,' stitch'
207265666c65637473,10330,' reflects'
2063616d706564,10331,' camped'
2064726f6f706564,10332,' drooped'
205061696e,10333,' Pain'
20596f756e67,10334,' Young'
486f706566756c,10335,'Hopeful'
206e65737473,10336,' nests'
206f62737461636c65,10337,' obstacle'
206f726967696e616c,10338,' original'
20626f756e6473,10339,' bounds'
2063757368,10340,' cush'
20697679,10341,' ivy'
20476173,10342,' Gas'
2066756e6e696572,10343,' funnier'
207472616d706f6c,10344,' trampol'
6f7374616c,10345,'ostal'
6665726565,10346,'feree'
7869657479,10347,'xiety'
207275696e696e67,10348,' ruining'
206f70706f7274756e697479,10349,' opportunity'
2063726f776473,10350,' crowds'
206f726e616d656e74,10351,' ornament'
206c696f6e73,10352,' lions'
20466f72676f7474656e,10353,' Forgotten'
77686174,10354,'what'
2079656c6c6f7773,10355,' yellows'
20626564726f6f6d,10356,' bedroom'
4d6172,10357,'Mar'
20636865656b79,10358,' cheeky'
20646179647265616d6564,10359,' daydreamed'
206265667269656e64,10360,' befriend'
20427562626c6573,10361,' Bubbles'
2062756473,10362,' buds'
206368617274,10363,' chart'
20656e74657273,10364,' enters'
206f76657263616d65,10365,' overcame'
206e65676c65,10366,' negle'
2072696e6b,10367,' rink'
206f7074,10368,' opt'
746f706961,10369,'topia'
6d65,10370,'me'
204475737479,10371,' Dusty'
2072696368657374,10372,' richest'
61676c6573,10373,'agles'
2073797374656d73,10374,' systems'
757273,10375,'urs'
206d617374,10376,' mast'
6f6f646c65,10377,'oodle'
206365727461696e,10378,' certain'
206d616c696365,10379,' malice'
20737566666f636174696e67,10380,' suffocating'
576869736b657273,10381,'Whiskers'
206469616c,10382,' dial'
20676f67676c6573,10383,' goggles'
2073656e736f7273,10384,' sensors'
4461776e,10385,'Dawn'
696e67657273,10386,'ingers'
486561727473,10387,'Hearts'
616374696f6e,10388,'action'
53616e6479,10389,'Sandy'
206261636b66,10390,' backf'
206372696e6b6c6564,10391,' crinkled'
2073686f7274637574,10392,' shortcut'
6669766564,10393,'fived'
20706c616e6573,10394,' planes'
207265636c61696d696e67,10395,' reclaiming'
206a756e6b79617264,10396,' junkyard'
207468756d62,10397,' thumb'
4578706c6f72696e67,10398,'Exploring'
206861746368,10399,' hatch'
2074756d626c65,10400,' tumble'
207061737473,10401,' pasts'
205175657374,10402,' Quest'
636172,10403,'car'
20736174697366696564,10404,' satisfied'
20667261796564,10405,' frayed'
2072656665726565,10406,' referee'
20707269657374,10407,' priest'
53746172746c6564,10408,'Startled'
656e6765,10409,'enge'
20636f6e747269,10410,' contri'
206d6f7468,10411,' moth'
44696e,10412,'Din'
20666c697070657273,10413,' flippers'
207472756d70,10414,' trump'
20747970,10415,' typ'
2048656c70657273,10416,' Helpers'
20707261796564,10417,' prayed'
4e6f7374616c,10418,'Nostal'
206c6576657273,10419,' levers'
20616e74696373,10420,' antics'
20726174746c6564,10421,' rattled'
204578706c6f7265,10422,' Explore'
2053746179,10423,' Stay'
20626f6f6b73686f70,10424,' bookshop'
2062617474657279,10425,' battery'
44697274,10426,'Dirt'
5069636b,10427,'Pick'
74696c,10428,'til'
2063726564,10429,' cred'
46726f6773,10430,'Frogs'
207363617269657374,10431,' scariest'
50757368696e67,10432,'Pushing'
20736e6f726b,10433,' snork'
2068656c70657273,10434,' helpers'
206e6f736573,10435,' noses'
204d6f6e73746572,10436,' Monster'
73747265616d,10437,'stream'
47726f77,10438,'Grow'
207265636b,10439,' reck'
206c756d70,10440,' lump'
2066696775726564,10441,' figured'
626f6174,10442,'boat'
2076656c6f6369726170746f72,10443,' velociraptor'
206261746368,10444,' batch'
626279,10445,'bby'
2062616e6e6572,10446,' banner'
2044696e6f7361757273,10447,' Dinosaurs'
6f706564,10448,'oped'
7566666c6564,10449,'uffled'
2070757070657473,10450,' puppets'
2042656172,10451,' Bear'
206d6f6f6e6265616d,10452,' moonbeam'
47726162,10453,'Grab'
2050697261746573,10454,' Pirates'
20726562656c6c,10455,' rebell'
4b6e65656c696e67,10456,'Kneeling'
2067656e697573,10457,' genius'
20756e666f6c64696e67,10458,' unfolding'
6973746963,10459,'istic'
57696e64696e67,10460,'Winding'
20706f75746564,10461,' pouted'
67616e74,10462,'gant'
6973746572,10463,'ister'
20636f6e6365726e6564,10464,' concerned'
44697374616e74,10465,'Distant'
207061737472696573,10466,' pastries'
20636f6c6c61707365,10467,' collapse'
20426c6f6f6d,10468,' Bloom'
20626f756e6379,10469,' bouncy'
206e6f626c6573,10470,' nobles'
63726f77,10471,'crow'
69636b65726564,10472,'ickered'
74686174,10473,'that'
736f6d6574696d6573,10474,'sometimes'
2062617473,10475,' bats'
20617267756d656e7473,10476,' arguments'
206665776572,10477,' fewer'
54726565,10478,'Tree'
2074756c,10479,' tul'
2063616c6d6c79,10480,' calmly'
20667269676874656e,10481,' frighten'
47696767,10482,'Gigg'
204b696e64,10483,' Kind'
204861726473686970,10484,' Hardship'
656f6e,10485,'eon'
207a6967,10486,' zig'
72757074,10487,'rupt'
2043656c657374,10488,' Celest'
207472616d706f6c696e65,10489,' trampoline'
20726f7379,10490,' rosy'
206c69636b696e67,10491,' licking'
2073756767657374,10492,' suggest'
526964696e67,10493,'Riding'
20747261696e73,10494,' trains'
205761746368,10495,' Watch'
496e646570656e64656e6365,10496,'Independence'
68757369,10497,'husi'
20656e7468757369,10498,' enthusi'
2070726f74656374696f6e,10499,' protection'
43616e646c6573,10500,'Candles'
20646f6d,10501,' dom'
6962626974,10502,'ibbit'
437265617465,10503,'Create'
20616c696b65,10504,' alike'
20636c6173736573,10505,' classes'
46696c6c6564,10506,'Filled'
6963756c6f7573,10507,'iculous'
20736361726563726f77,10508,' scarecrow'
696c6172696f7573,10509,'ilarious'
2061706f6c6f67697a65,10510,' apologize'
206177616b656e696e67,10511,' awakening'
206b6579626f617264,10512,' keyboard'
204c6f7373,10513,' Loss'
696f74,10514,'iot'
2074726f74746564,10515,' trotted'
2070696563696e67,10516,' piecing'
6564696374,10517,'edict'
61697379,10518,'aisy'
2063616e6573,10519,' canes'
206c69676874656e6564,10520,' lightened'
2073657276696e67,10521,' serving'
6172696e65,10522,'arine'
20647261706564,10523,' draped'
206f6273657276696e67,10524,' observing'
204865736974,10525,' Hesit'
46616d,10526,'Fam'
547269636b,10527,'Trick'
205a6f72616b,10528,' Zorak'
6167657273,10529,'agers'
2073686f776572696e67,10530,' showering'
2041717561,10531,' Aqua'
2073747564696573,10532,' studies'
2063616e65,10533,' cane'
204b6e65656c696e67,10534,' Kneeling'
207265736f6e61746564,10535,' resonated'
206272696467696e67,10536,' bridging'
20726164696174696e67,10537,' radiating'
2073686172,10538,' shar'
207375626d6172696e65,10539,' submarine'
2073686172706572,10540,' sharper'
696d6d79,10541,'immy'
206465636c61726573,10542,' declares'
6574616c,10543,'etal'
20436173746c65,10544,' Castle'
5772657463686564,10545,'Wretched'
207265636f676e697a65,10546,' recognize'
20426c617a65,10547,' Blaze'
5477696c69676874,10548,'Twilight'
206f76657266,10549,' overf'
2073656e6473,10550,' sends'
206e6962626c6564,10551,' nibbled'
206e6167676564,10552,' nagged'
617368696f6e,10553,'ashion'
656c6c61,10554,'ella'
2041626f7665,10555,' Above'
696c6c696e67,10556,'illing'
206b6e6f62,10557,' knob'
646973636f76657279,10558,'discovery'
656e676572,10559,'enger'
206372616e,10560,' cran'
20616d656e6473,10561,' amends'
207570636f6d696e67,10562,' upcoming'
2064656261746564,10563,' debated'
20696c6c6e657373,10564,' illness'
20436f6f6b,10565,' Cook'
6f766572,10566,'over'
20436f6d70,10567,' Comp'
20626c757368,10568,' blush'
20666c69636b6564,10569,' flicked'
207065727370,10570,' persp'
20746f7263686573,10571,' torches'
2062756c6c696564,10572,' bullied'
476c696d6d657273,10573,'Glimmers'
4f63746f707573,10574,'Octopus'
5468756e646572,10575,'Thunder'
20736869667473,10576,' shifts'
20436c6f73696e67,10577,' Closing'
207772657374,10578,' wrest'
204661697279,10579,' Fairy'
546f756368,10580,'Touch'
2077617463686572,10581,' watcher'
207665696c,10582,' veil'
576f6e64657266756c,10583,'Wonderful'
63617065,10584,'cape'
20636f6e76696e6365,10585,' convince'
61756c74,10586,'ault'
4272696c6c69616e74,10587,'Brilliant'
656d65746572,10588,'emeter'
736f6c65,10589,'sole'
20636f6e736f6c65,10590,' console'
207765696768696e67,10591,' weighing'
20726177,10592,' raw'
20536c6f77,10593,' Slow'
69726577,10594,'irew'
20696d70726f766564,10595,' improved'
6976696f7573,10596,'ivious'
2067756573736573,10597,' guesses'
4b65656e,10598,'Keen'
20637265646974,10599,' credit'
63756c,10600,'cul'
2067726f776c696e67,10601,' growling'
20747269756d70686564,10602,' triumphed'
20756e6c696b656c79,10603,' unlikely'
596f756e67,10604,'Young'
20666f7267657466756c,10605,' forgetful'
207472697070696e67,10606,' tripping'
447265616d79,10607,'Dreamy'
206c6f63616c73,10608,' locals'
20706c6174,10609,' plat'
207468756d706564,10610,' thumped'
556e6465727374616e64696e67,10611,'Understanding'
5669766964,10612,'Vivid'
526976657273,10613,'Rivers'
20656c657068616e7473,10614,' elephants'
46726167,10615,'Frag'
20646976657273,10616,' divers'
50757a7a6c6573,10617,'Puzzles'
2072657665616c73,10618,' reveals'
2064697361707065617273,10619,' disappears'
204f616b,10620,' Oak'
20726172656c79,10621,' rarely'
46756e,10622,'Fun'
44756c6c,10623,'Dull'
206d61726b657273,10624,' markers'
20706965636564,10625,' pieced'
20636f636f6f6e,10626,' cocoon'
20667572696f75736c79,10627,' furiously'
20626f696c,10628,' boil'
207661756c74,10629,' vault'
20707261796572,10630,' prayer'
204d6f756e7461696e73,10631,' Mountains'
20617468,10632,' ath'
206174686c6574,10633,' athlet'
206f766572736861646f77,10634,' overshadow'
20636f7573696e73,10635,' cousins'
206b6e69766573,10636,' knives'
206d696e676c6564,10637,' mingled'
205370726f7574,10638,' Sprout'
204761737073,10639,' Gasps'
20736f6f6e6572,10640,' sooner'
20706f756368,10641,' pouch'
206472656e63686564,10642,' drenched'
20737465616c73,10643,' steals'
6c6f7665,10644,'love'
207469636b6c696e67,10645,' tickling'
20706f6e646572,10646,' ponder'
20636f6578,10647,' coex'
204b6e6f776c65646765,10648,' Knowledge'
706f6b65,10649,'poke'
4b6e6f776c65646765,10650,'Knowledge'
20646564,10651,' ded'
20636875726e6564,10652,' churned'
2048617665,10653,' Have'
4d61676e69666963656e74,10654,'Magnificent'
207175696c6c,10655,' quill'
2063656d65746572,10656,' cemeter'
20636f6f6c657374,10657,' coolest'
20706c75,10658,' plu'
2064617368,10659,' dash'
696c61,10660,'ila'
206d6f617473,10661,' moats'
206f617273,10662,' oars'
4d6972726f72,10663,'Mirror'
204e65766572,10664,' Never'
20666c6f6f7273,10665,' floors'
6f726d6564,10666,'ormed'
20627261696e73746f726d6564,10667,' brainstormed'
20737075747465726564,10668,' sputtered'
20726573756d6564,10669,' resumed'
547572746c65,10670,'Turtle'
6d656c,10671,'mel'
6c65776f6f64,10672,'lewood'
757073,10673,'ups'
617463686572,10674,'atcher'
6f6e67696e67,10675,'onging'
2045766572797768657265,10676,' Everywhere'
20696775,10677,' igu'
20706f6c6973686564,10678,' polished'
20537461726c616e64,10679,' Starland'
69727468,10680,'irth'
44726976656e,10681,'Driven'
20626f756c64,10682,' bould'
2063656d6574657279,10683,' cemetery'
206578706f736564,10684,' exposed'
52656164696e67,10685,'Reading'
7468656e,10686,'then'
2066697374,10687,' fist'
426f7468,10688,'Both'
20706970,10689,' pip'
5365656b,10690,'Seek'
206a696e676c6564,10691,' jingled'
4177616b656e696e67,10692,'Awakening'
2073696e6b73,10693,' sinks'
556d,10694,'Um'
20737472616e64,10695,' strand'
466f6f6c,10696,'Fool'
6d6f696c,10697,'moil'
206f70706f73697465,10698,' opposite'
74686973,10699,'this'
20626c616465,10700,' blade'
20656d6572616c64,10701,' emerald'
204b6e6f77,10702,' Know'
20427574746572666c696573,10703,' Butterflies'
467572696f7573,10704,'Furious'
20676f6464657373,10705,' goddess'
206d6f76696573,10706,' movies'
206f75747368696e65,10707,' outshine'
20756e62,10708,' unb'
20756e776f72746879,10709,' unworthy'
206d6963,10710,' mic'
4672616e74,10711,'Frant'
206163636f6d706c6973686564,10712,' accomplished'
676f6e65,10713,'gone'
616e7461,10714,'anta'
6f726d73,10715,'orms'
20756e6368,10716,' unch'
20636f6f706572617465,10717,' cooperate'
206261736564,10718,' based'
206472617773,10719,' draws'
20736174697366616374696f6e,10720,' satisfaction'
206d61726b657473,10721,' markets'
20706f6c6c,10722,' poll'
506561636566756c,10723,'Peaceful'
207475726d6f696c,10724,' turmoil'
69676e696e67,10725,'igning'
69646e69676874,10726,'idnight'
20636c696e6b6564,10727,' clinked'
61636b79,10728,'acky'
536f72726f77,10729,'Sorrow'
4f6d696e6f7573,10730,'Ominous'
20676c69746368,10731,' glitch'
2073776973686564,10732,' swished'
207265736561726368,10733,' research'
207374726170706564,10734,' strapped'
206d656174,10735,' meat'
2066696c6573,10736,' files'
756666696e73,10737,'uffins'
20696e737472756d656e74,10738,' instrument'
207a69677a,10739,' zigz'
205665,10740,' Ve'
20576f6e64,10741,' Wond'
206c616d62,10742,' lamb'
20726577696e64,10743,' rewind'
20706c6174666f726d,10744,' platform'
204964656173,10745,' Ideas'
206e6962626c696e67,10746,' nibbling'
76696f7573,10747,'vious'
207061697273,10748,' pairs'
206765737475726564,10749,' gestured'
20666f6f7462616c6c,10750,' football'
207461636f,10751,' taco'
2074726179,10752,' tray'
4c697374656e696e67,10753,'Listening'
4c6974746c65,10754,'Little'
2064726970,10755,' drip'
20706f6b65,10756,' poke'
20696e6a75726564,10757,' injured'
207265707574,10758,' reput'
2072657075746174696f6e,10759,' reputation'
206261636b6669726564,10760,' backfired'
206d65617375726564,10761,' measured'
4d6179,10762,'May'
20726170746f7273,10763,' raptors'
20666f75727468,10764,' fourth'
207269646963756c6f7573,10765,' ridiculous'
2073616464657374,10766,' saddest'
20616e6e6976657273,10767,' annivers'
20627579696e67,10768,' buying'
69726c6f6f6d,10769,'irloom'
20686569726c6f6f6d,10770,' heirloom'
20436172,10771,' Car'
20776967676c696e67,10772,' wiggling'
206c6f766572,10773,' lover'
2048696768,10774,' High'
20626c75,10775,' blu'
726f74656374,10776,'rotect'
636f6c6f726564,10777,'colored'
20636f75727479617264,10778,' courtyard'
207468726f7773,10779,' throws'
757070,10780,'upp'
2048696c6c73,10781,' Hills'
206572757074,10782,' erupt'
204d6173746572,10783,' Master'
6966666572656e74,10784,'ifferent'
2054726176656c,10785,' Travel'
6273656e6365,10786,'bsence'
20616e7869657479,10787,' anxiety'
20446563,10788,' Dec'
2064696573,10789,' dies'
536f727279,10790,'Sorry'
2065617473,10791,' eats'
2069736f6c6174696f6e,10792,' isolation'
20526f6c6f,10793,' Rolo'
2077726f6e6773,10794,' wrongs'
20666c69636b657273,10795,' flickers'
477261746566756c6c79,10796,'Gratefully'
207265776f756e64,10797,' rewound'
67726574,10798,'gret'
2063616e6f70,10799,' canop'
616c79,10800,'aly'
20616e6e6976657273617279,10801,' anniversary'
5370616365,10802,'Space'
6865617274656e6564,10803,'heartened'
20547269636b,10804,' Trick'
20676c75696e67,10805,' gluing'
20547279,10806,' Try'
206361776564,10807,' cawed'
206c6f61646564,10808,' loaded'
20547769726c,10809,' Twirl'
6c6c79,10810,'lly'
20446f74,10811,' Dot'
2046757a7a79,10812,' Fuzzy'
2076656869636c6573,10813,' vehicles'
20556e6465727374616e64696e67,10814,' Understanding'
2063726164,10815,' crad'
20736c6f776572,10816,' slower'
54696d,10817,'Tim'
206d65727279,10818,' merry'
2050757368696e67,10819,' Pushing'
20776572656e,10820,' weren'
207365766572,10821,' sever'
20656e67696e656572,10822,' engineer'
4d696e75746573,10823,'Minutes'
207363756c70746f72,10824,' sculptor'
206b6e697474696e67,10825,' knitting'
20666c697474696e67,10826,' flitting'
207361756365,10827,' sauce'
20626568,10828,' beh'
20626f6f6b7368656c66,10829,' bookshelf'
20506c616e6e696e67,10830,' Planning'
207065656c696e67,10831,' peeling'
207265706c61796564,10832,' replayed'
204c616e7465726e,10833,' Lantern'
207374756d626c6573,10834,' stumbles'
20627261696e73746f726d,10835,' brainstorm'
207377697463686564,10836,' switched'
207065656c,10837,' peel'
2063616e6f7079,10838,' canopy'
63616b6573,10839,'cakes'
20736e656572,10840,' sneer'
206e616767696e67,10841,' nagging'
207065727370656374697665,10842,' perspective'
207075626c,10843,' publ'
20636c617368696e67,10844,' clashing'
20706174746564,10845,' patted'
65746572726564,10846,'eterred'
696373,10847,'ics'
20636f6e63656e74,10848,' concent'
204461646479,10849,' Daddy'
61757479,10850,'auty'
2063686172696f74,10851,' chariot'
696c69,10852,'ili'
206669667465656e,10853,' fifteen'
207261697365,10854,' raise'
7572696573,10855,'uries'
2073717565616b79,10856,' squeaky'
20636f6e74616374,10857,' contact'
5768697374,10858,'Whist'
6f6d616e746963,10859,'omantic'
2061696d696e67,10860,' aiming'
20636f6d6564,10861,' comed'
20636f6c6c61626f726174696f6e,10862,' collaboration'
52656d,10863,'Rem'
205374617266616c6c,10864,' Starfall'
20446573,10865,' Des'
204c697374656e,10866,' Listen'
69727473,10867,'irts'
2070726f666f756e64,10868,' profound'
2042726f74686572,10869,' Brother'
206c61626f72,10870,' labor'
50617374,10871,'Past'
20626c616d6564,10872,' blamed'
2065617374,10873,' east'
6261636b73,10874,'backs'
6973736f7273,10875,'issors'
206d6561646f7773,10876,' meadows'
20436f7665,10877,' Cove'
506f,10878,'Po'
2072756d6d61676564,10879,' rummaged'
206c6177,10880,' law'
2062616c616e636564,10881,' balanced'
20686573697461746573,10882,' hesitates'
206372616e6e79,10883,' cranny'
20617474656d707473,10884,' attempts'
2068617a65,10885,' haze'
206d6f6174,10886,' moat'
5275737479,10887,'Rusty'
48756e67,10888,'Hung'
20476c6974746572,10889,' Glitter'
20737465616d,10890,' steam'
20677265656e73,10891,' greens'
206d69736d617463686564,10892,' mismatched'
2043726561746976697479,10893,' Creativity'
20756e6c6f636b73,10894,' unlocks'
207374617465,10895,' state'
207765617273,10896,' wears'
20706f6b696e67,10897,' poking'
2057696767,10898,' Wigg'
20536b,10899,' Sk'
206d6f7270,10900,' morp'
20726563656976696e67,10901,' receiving'
207461636f73,10902,' tacos'
204d616b6572,10903,' Maker'
6f7572636566756c6e657373,10904,'ourcefulness'
207265766572,10905,' rever'
4f62,10906,'Ob'
20636869727073,10907,' chirps'
4d6f76696e67,10908,'Moving'
20666f616d,10909,' foam'
526564,10910,'Red'
206578706563746174696f6e,10911,' expectation'
20656e746875736961736d,10912,' enthusiasm'
6f6e6772,10913,'ongr'
207368796e657373,10914,' shyness'
20637562,10915,' cub'
20646f74746564,10916,' dotted'
207369636b6e657373,10917,' sickness'
20776f726b6572,10918,' worker'
20706172746963756c6172,10919,' particular'
2072656d61696e696e67,10920,' remaining'
2043656c6562726174696f6e,10921,' Celebration'
72696e63657373,10922,'rincess'
207768696d73,10923,' whims'
2076756c6e657261626c65,10924,' vulnerable'
20667261,10925,' fra'
20726f6d616e746963,10926,' romantic'
427265657a65,10927,'Breeze'
5761746368696e67,10928,'Watching'
206375,10929,' cu'
20726f6c6573,10930,' roles'
20676f7474656e,10931,' gotten'
206372756e636879,10932,' crunchy'
206d6973736573,10933,' misses'
206569676874,10934,' eight'
20576973,10935,' Wis'
20737472696b6573,10936,' strikes'
206865617274627265616b,10937,' heartbreak'
20636f757273696e67,10938,' coursing'
5361696c696e67,10939,'Sailing'
20466c6f7572,10940,' Flour'
2073747261746567,10941,' strateg'
6f6e67726174756c,10942,'ongratul'
20636f6d7065746974697665,10943,' competitive'
20757267656e746c79,10944,' urgently'
6572766564,10945,'erved'
2067656e75,10946,' genu'
4d61676963616c6c79,10947,'Magically'
2073706f6f6e73,10948,' spoons'
6f7573656c,10949,'ousel'
206368617267696e67,10950,' charging'
207469636b657473,10951,' tickets'
2068756e746564,10952,' hunted'
4576656e696e67,10953,'Evening'
63686d656e74,10954,'chment'
206163746976,10955,' activ'
206361726f7573656c,10956,' carousel'
20636f6578697374,10957,' coexist'
206665726e,10958,' fern'
4d656c6c6f77,10959,'Mellow'
205761,10960,' Wa'
646f6f72,10961,'door'
2070616473,10962,' pads'
2068696c6172696f7573,10963,' hilarious'
75736573,10964,'uses'
696b6f,10965,'iko'
2073796d626f6c697a696e67,10966,' symbolizing'
20446f67,10967,' Dog'
20636f7265,10968,' core'
5061696e74,10969,'Paint'
20476c6f7270,10970,' Glorp'
2073686172706c79,10971,' sharply'
59756d6d79,10972,'Yummy'
20536d696c696e67,10973,' Smiling'
205a61707079,10974,' Zappy'
2072656b696e646c6564,10975,' rekindled'
207368616c6c6f77,10976,' shallow'
20536164,10977,' Sad'
48617473,10978,'Hats'
44617a7a6c696e67,10979,'Dazzling'
204b6e6967687473,10980,' Knights'
6d6573,10981,'mes'
20686f6f74,10982,' hoot'
476c6f77696e67,10983,'Glowing'
6972696e67,10984,'iring'
206665737469766974696573,10985,' festivities'
206578706c6f726573,10986,' explores'
20637269636b657473,10987,' crickets'
2070617263686d656e74,10988,' parchment'
496c6c,10989,'Ill'
20466c796572,10990,' Flyer'
20637261667479,10991,' crafty'
656e6765616e6365,10992,'engeance'
20626c6f776e,10993,' blown'
526f636b73,10994,'Rocks'
206465636f726174696f6e,10995,' decoration'
20776174657266616c6c73,10996,' waterfalls'
206f75746c696e65,10997,' outline'
4472696e6b,10998,'Drink'
20486176656e,10999,' Haven'
206265747261796572,11000,' betrayer'
206b6e6f7473,11001,' knots'
20736563757265,11002,' secure'
61696e746564,11003,'ainted'
2072656c697665,11004,' relive'
20477261,11005,' Gra'
686f70706572,11006,'hopper'
59656c6c6f77,11007,'Yellow'
526f636b,11008,'Rock'
20756e696d70,11009,' unimp'
726f6c6c6564,11010,'rolled'
5365637265746c79,11011,'Secretly'
2062656c74,11012,' belt'
20686f6d,11013,' hom'
206469736d6973736564,11014,' dismissed'
2070697463686572,11015,' pitcher'
46616c6c696e67,11016,'Falling'
207363726962626c696e67,11017,' scribbling'
2072696365,11018,' rice'
206669676d656e74,11019,' figment'
2057656c636f6d65,11020,' Welcome'
20616c6c657977617973,11021,' alleyways'
73776572,11022,'swer'
20736d69726b696e67,11023,' smirking'
20696e68,11024,' inh'
46696e67657273,11025,'Fingers'
206d61676e,11026,' magn'
20626f617374,11027,' boast'
20536d616c6c,11028,' Small'
446172696e676c79,11029,'Daringly'
20427269676874776f6f64,11030,' Brightwood'
205768696d73,11031,' Whims'
5761726d6c79,11032,'Warmly'
657474696e67,11033,'etting'
20696e7465727477,11034,' intertw'
7573697665,11035,'usive'
20636f6f706572,11036,' cooper'
204a756d70,11037,' Jump'
2061637472657373,11038,' actress'
207768696d70,11039,' whimp'
2072657370656374696e67,11040,' respecting'
206f70656e6c79,11041,' openly'
204f68,11042,' Oh'
7972616d,11043,'yram'
2074726170646f6f72,11044,' trapdoor'
486f72697a6f6e,11045,'Horizon'
44696767696e67,11046,'Digging'
7269746572,11047,'riter'
4162,11048,'Ab'
20736f66746e657373,11049,' softness'
207361636b,11050,' sack'
2063616e7661736573,11051,' canvases'
6173657273,11052,'asers'
206665617475726573,11053,' features'
204d616b657273,11054,' Makers'
756c6c696e67,11055,'ulling'
2073656e736174696f6e,11056,' sensation'
20636173,11057,' cas'
2068656e,11058,' hen'
6f636f6c617465,11059,'ocolate'
206772697073,11060,' grips'
20676f64,11061,' god'
61646974696f6e73,11062,'aditions'
20696e74726963,11063,' intric'
20637573746f6d73,11064,' customs'
20636c6f776e73,11065,' clowns'
617567687479,11066,'aughty'
20646976696465,11067,' divide'
207265706c6163696e67,11068,' replacing'
526f626f74,11069,'Robot'
206d6f737379,11070,' mossy'
466c6f6174696e67,11071,'Floating'
20636f636f6e7574,11072,' coconut'
43617265,11073,'Care'
20696e7669746174696f6e73,11074,' invitations'
6b696e,11075,'kin'
506572,11076,'Per'
206e757273696e67,11077,' nursing'
46697368,11078,'Fish'
756d6265726564,11079,'umbered'
20737472616e67657374,11080,' strangest'
206661727468657374,11081,' farthest'
6f776c6564,11082,'owled'
6f6d706c657465,11083,'omplete'
20757267656e74,11084,' urgent'
2072656e6577616c,11085,' renewal'
206b6e61636b,11086,' knack'
547269,11087,'Tri'
20676f616c6965,11088,' goalie'
2062656473,11089,' beds'
20626f6f,11090,' boo'
52656d61726b,11091,'Remark'
206469737472616374696e67,11092,' distracting'
4d656c6f,11093,'Melo'
204861726d6f6e79,11094,' Harmony'
5374656164,11095,'Stead'
207365766572616c,11096,' several'
756e6b73,11097,'unks'
2054696d6d79,11098,' Timmy'
6c657273,11099,'lers'
50656e736976656c79,11100,'Pensively'
20417070,11101,' App'
20756e646572657374696d61746564,11102,' underestimated'
2042726f6b656e,11103,' Broken'
206d7574,11104,' mut'
427265617468,11105,'Breath'
2043686f6f7365,11106,' Choose'
656d706c,11107,'empl'
206166666f7264,11108,' afford'
466f72657374,11109,'Forest'
2073696c6c696572,11110,' sillier'
636c6970,11111,'clip'
20706c75636b6564,11112,' plucked'
20656c73657768657265,11113,' elsewhere'
20726f6f6673,11114,' roofs'
656c76,11115,'elv'
20656e64696e6773,11116,' endings'
2073686f636b696e67,11117,' shocking'
206c6f6f73,11118,' loos'
2046616972696573,11119,' Fairies'
206a6574,11120,' jet'
626f64696e67,11121,'boding'
20666f7265626f64696e67,11122,' foreboding'
6e697479,11123,'nity'
206d7573636c6573,11124,' muscles'
206261636b7761726473,11125,' backwards'
537065616b,11126,'Speak'
206c61636564,11127,' laced'
20706c656164696e67,11128,' pleading'
416c6d6f7374,11129,'Almost'
65777269746572,11130,'ewriter'
2074797065777269746572,11131,' typewriter'
61696e64,11132,'aind'
656374696f6e,11133,'ection'
204461697379,11134,' Daisy'
616c617879,11135,'alaxy'
20706f737463,11136,' postc'
20637265616b73,11137,' creaks'
2061766174,11138,' avat'
20636f76657273,11139,' covers'
206f757463617374,11140,' outcast'
2056696c6c6167657273,11141,' Villagers'
20636c61776564,11142,' clawed'
2062696c6c,11143,' bill'
206a616d,11144,' jam'
596573746572646179,11145,'Yesterday'
4d6973,11146,'Mis'
496e7669736962696c697479,11147,'Invisibility'
2061646a757374696e67,11148,' adjusting'
61766564,11149,'aved'
20616e6b796c6f736175727573,11150,' ankylosaurus'
20657870726573736564,11151,' expressed'
207472656e,11152,' tren'
20556e74696c,11153,' Until'
2064726573736573,11154,' dresses'
686f75,11155,'hou'
6561726e,11156,'earn'
7969656c64696e67,11157,'yielding'
2057686973706572,11158,' Whisper'
20756e7969656c64696e67,11159,' unyielding'
636f6d,11160,'com'
205363686f6f6c73,11161,' Schools'
207768616c6573,11162,' whales'
726f616368696e67,11163,'roaching'
206368616e6e,11164,' chann'
20736b696564,11165,' skied'
2066656e636573,11166,' fences'
65727365766572616e6365,11167,'erseverance'
204576656e7475616c6c79,11168,' Eventually'
207265736f6c766564,11169,' resolved'
2072656c6174696f6e73,11170,' relations'
2072656c6174696f6e73686970,11171,' relationship'
20757375616c6c79,11172,' usually'
446967,11173,'Dig'
20536572,11174,' Ser'
2053616e7461,11175,' Santa'
205265616368696e67,11176,' Reaching'
20726573706f6e736962696c6974696573,11177,' responsibilities'
50726f6d,11178,'Prom'
20736c6f77696e67,11179,' slowing'
20636f6e74656d706c,11180,' contempl'
204272696768746c616e64,11181,' Brightland'
54776f,11182,'Two'
70726564696374,11183,'predict'
206163686573,11184,' aches'
686169726564,11185,'haired'
20736f6c7574696f6e73,11186,' solutions'
2077686970,11187,' whip'
6a65737479,11188,'jesty'
436c6f756479,11189,'Cloudy'
5363,11190,'Sc'
20657868617573746564,11191,' exhausted'
20737573706963696f6e,11192,' suspicion'
4563686f,11193,'Echo'
207375636b6564,11194,' sucked'
20627572737473,11195,' bursts'
2070686f746f67726170,11196,' photograp'
20626f756c646572,11197,' boulder'
20636f6d706c6578,11198,' complex'
2046696e64696e67,11199,' Finding'
206772616465,11200,' grade'
2057656176657273,11201,' Weavers'
467269656e64,11202,'Friend'
20636f6d6d6f74696f6e,11203,' commotion'
416e677279,11204,'Angry'
2070616c65747465,11205,' palette'
20707570,11206,' pup'
20707269636b,11207,' prick'
2066696e6973686573,11208,' finishes'
20526f636b79,11209,' Rocky'
20657175616c6c79,11210,' equally'
2065786368616e67696e67,11211,' exchanging'
54687269,11212,'Thri'
456e746572696e67,11213,'Entering'
20696e74726963617465,11214,' intricate'
205a6570,11215,' Zep'
206b656570657273,11216,' keepers'
20666f7263696e67,11217,' forcing'
52656c756374616e746c79,11218,'Reluctantly'
476c6565,11219,'Glee'
20636f6d706c696d656e74,11220,' compliment'
2057686f65766572,11221,' Whoever'
207468696e6b657273,11222,' thinkers'
206368657373,11223,' chess'
204469,11224,' Di'
207265616374696f6e,11225,' reaction'
206d6f7270686564,11226,' morphed'
20756e70,11227,' unp'
20706f69736f6e,11228,' poison'
20737573706963696f7573,11229,' suspicious'
726f7373696e67,11230,'rossing'
206172656e61,11231,' arena'
6f6c6574,11232,'olet'
44757374,11233,'Dust'
2062696e6473,11234,' binds'
20626f696c6564,11235,' boiled'
2061726d6564,11236,' armed'
527573746c696e67,11237,'Rustling'
206d6f6c64,11238,' mold'
54656e7365,11239,'Tense'
696e6b79,11240,'inky'
4275646479,11241,'Buddy'
206475656c,11242,' duel'
6f7363,11243,'osc'
204865726f,11244,' Hero'
2044616e63,11245,' Danc'
2072657669766564,11246,' revived'
207069636b6c6573,11247,' pickles'
53746f72696573,11248,'Stories'
205265736f7572636566756c6e657373,11249,' Resourcefulness'
20706572666f726d657273,11250,' performers'
20646f6c6c686f757365,11251,' dollhouse'
2073706f7474696e67,11252,' spotting'
20636c6f776e66697368,11253,' clownfish'
7572726f756e64,11254,'urround'
20746869636b6574,11255,' thicket'
6572736579,11256,'ersey'
206d6f64656c73,11257,' models'
206a6572736579,11258,' jersey'
467269676874656e6564,11259,'Frightened'
20746f696c6564,11260,' toiled'
206c616d7073,11261,' lamps'
616d626f6f,11262,'amboo'
6c656d6e,11263,'lemn'
556e6465727761746572,11264,'Underwater'
20756e62726f6b656e,11265,' unbroken'
207472756e6b73,11266,' trunks'
20636f70696564,11267,' copied'
2067726f776c73,11268,' growls'
206f737472696368,11269,' ostrich'
206861636b,11270,' hack'
2063616c63756c,11271,' calcul'
206d65726379,11272,' mercy'
207a65726f,11273,' zero'
207265636564,11274,' reced'
206e61747572,11275,' natur'
205065656b696e67,11276,' Peeking'
20576973646f6d,11277,' Wisdom'
20646972656374,11278,' direct'
20656d62617272617373,11279,' embarrass'
57697365,11280,'Wise'
20456c657068616e74,11281,' Elephant'
536f6d656f6e65,11282,'Someone'
2064617a7a,11283,' dazz'
47656e65726f73697479,11284,'Generosity'
62656c,11285,'bel'
207375706572706f776572,11286,' superpower'
206d6f75726e696e67,11287,' mourning'
2062656570696e67,11288,' beeping'
2066696768746572,11289,' fighter'
207069746368,11290,' pitch'
7574656c79,11291,'utely'
2066697473,11292,' fits'
205370696b65,11293,' Spike'
20736574746c696e67,11294,' settling'
206d6f746f726379636c65,11295,' motorcycle'
20666f726569676e,11296,' foreign'
20626c616e6b6574696e67,11297,' blanketing'
656d6f7279,11298,'emory'
20416e6b796c6f736175727573,11299,' Ankylosaurus'
205370696e,11300,' Spin'
20616e6772696c79,11301,' angrily'
207368656c74657273,11302,' shelters'
207661696e,11303,' vain'
57696e646f7773,11304,'Windows'
20656d70697265,11305,' empire'
4b69746573,11306,'Kites'
2063617463686572,11307,' catcher'
57656172,11308,'Wear'
206d657373656e676572,11309,' messenger'
616c656964,11310,'aleid'
616c6569646f7363,11311,'aleidosc'
2043686172,11312,' Char'
204865726f6573,11313,' Heroes'
20656c65,11314,' ele'
2074617065737472696573,11315,' tapestries'
697265776f726b73,11316,'ireworks'
207772696e6b6c6564,11317,' wrinkled'
2070696c696e67,11318,' piling'
206772616e646368,11319,' grandch'
726176656c6564,11320,'raveled'
2052656164696e67,11321,' Reading'
2056696e6573,11322,' Vines'
20726970706564,11323,' ripped'
207265636f676e697a696e67,11324,' recognizing'
20617272616e67696e67,11325,' arranging'
676172,11326,'gar'
20776166746564,11327,' wafted'
2043686566,11328,' Chef'
206775657373696e67,11329,' guessing'
20636f6e747269627574,11330,' contribut'
467269676874656e696e67,11331,'Frightening'
20706164646c696e67,11332,' paddling'
7074696d,11333,'ptim'
207268796d6573,11334,' rhymes'
466c617368,11335,'Flash'
426f756e6379,11336,'Bouncy'
4269726473,11337,'Birds'
656c766574,11338,'elvet'
537461727279,11339,'Starry'
7574746572,11340,'utter'
2053706f74,11341,' Spot'
2073636973736f7273,11342,' scissors'
2062616c6c726f6f6d,11343,' ballroom'
616d6d696e67,11344,'amming'
206865726f69736d,11345,' heroism'
427265657a79,11346,'Breezy'
20717561696e74,11347,' quaint'
206f6d696e6f75736c79,11348,' ominously'
2043726f776e,11349,' Crown'
436f6e74,11350,'Cont'
436c656172,11351,'Clear'
5768696d736963616c6c79,11352,'Whimsically'
4170706c65,11353,'Apple'
53656372657473,11354,'Secrets'
207374656d,11355,' stem'
206c657473,11356,' lets'
206163636f6d706c6973686d656e74,11357,' accomplishment'
20776561766564,11358,' weaved'
204d6f6f6e73746f6e65,11359,' Moonstone'
206c6173746564,11360,' lasted'
5265666c65,11361,'Refle'
206f766572736861646f776564,11362,' overshadowed'
2077696c646e657373,11363,' wildness'
20726f6262,11364,' robb'
206c75636b69657374,11365,' luckiest'
20657465726e697479,11366,' eternity'
2042726f74686572686f6f64,11367,' Brotherhood'
20617474726163746564,11368,' attracted'
2070687973,11369,' phys'
2061697273686970,11370,' airship'
206f757466697473,11371,' outfits'
7573656d656e74,11372,'usement'
7572726f756e646564,11373,'urrounded'
206e6f6f646c6573,11374,' noodles'
657370616972,11375,'espair'
206772617373686f70706572,11376,' grasshopper'
2074726561636865726f7573,11377,' treacherous'
204c6567656e64,11378,' Legend'
20756e6b696e64,11379,' unkind'
20666c75727279,11380,' flurry'
416476656e7475726f75736c79,11381,'Adventurously'
20726573706f6e64696e67,11382,' responding'
4e65,11383,'Ne'
4d656d6f72696573,11384,'Memories'
2056616c65,11385,' Vale'
20666f726d6174696f6e,11386,' formation'
204a656c6c79,11387,' Jelly'
20626f61726473,11388,' boards'
2073657265,11389,' sere'
20437265656b,11390,' Creek'
20736572656e65,11391,' serene'
2073776572766564,11392,' swerved'
20646562617465,11393,' debate'
206c65617073,11394,' leaps'
756e64616e65,11395,'undane'
207768697a7a6564,11396,' whizzed'
2062656474696d65,11397,' bedtime'
20707972616d,11398,' pyram'
20717569726b79,11399,' quirky'
526f736573,11400,'Roses'
2076616e697368696e67,11401,' vanishing'
2049736e,11402,' Isn'
697a6174696f6e,11403,'ization'
546572726966,11404,'Terrif'
20737472656e677468656e,11405,' strengthen'
20656e677261,11406,' engra'
61696e64726f7073,11407,'aindrops'
207365656b657273,11408,' seekers'
20436f6d70617373,11409,' Compass'
44656c6967687466756c6c79,11410,'Delightfully'
206661697267726f756e64,11411,' fairground'
20706c69676874,11412,' plight'
2074687269766573,11413,' thrives'
20717569636b656e696e67,11414,' quickening'
20706564616c73,11415,' pedals'
20747261646974696f6e616c,11416,' traditional'
6c656574696e67,11417,'leeting'
69656e73,11418,'iens'
2062757374,11419,' bust'
207265747261636564,11420,' retraced'
206d616e676f,11421,' mango'
20636c656e6368696e67,11422,' clenching'
437572,11423,'Cur'
437265,11424,'Cre'
20636c75636b6564,11425,' clucked'
20637563,11426,' cuc'
2073747265616d657273,11427,' streamers'
616e6b696e67,11428,'anking'
207072696564,11429,' pried'
206772617a6564,11430,' grazed'
206d616964656e,11431,' maiden'
2070726f746563746f7273,11432,' protectors'
2077617665726564,11433,' wavered'
20477265656e76616c65,11434,' Greenvale'
206e65777370,11435,' newsp'
20637261636b696e67,11436,' cracking'
20636f6c6c65,11437,' colle'
206e6f7572,11438,' nour'
2071756965746564,11439,' quieted'
2073757266696e67,11440,' surfing'
207768697272696e67,11441,' whirring'
20416674657277617264,11442,' Afterward'
206e6572766f75736e657373,11443,' nervousness'
487573686564,11444,'Hushed'
205368696e79,11445,' Shiny'
207472656e6368,11446,' trench'
446577,11447,'Dew'
2068616c,11448,' hal'
7175696c,11449,'quil'
70657374,11450,'pest'
4c616e64696e67,11451,'Landing'
20676f626c696e73,11452,' goblins'
206c696e67657273,11453,' lingers'
7468656e6564,11454,'thened'
20736e6f7762616e6b,11455,' snowbank'
44656c6963617465,11456,'Delicate'
206a6f796f7573,11457,' joyous'
20756e6865617264,11458,' unheard'
20646973636f757261676564,11459,' discouraged'
537472,11460,'Str'
2072656275696c64696e67,11461,' rebuilding'
616e746963616c6c79,11462,'antically'
20427562626c65,11463,' Bubble'
20696d70657266656374,11464,' imperfect'
206672616e746963616c6c79,11465,' frantically'
2068616d73746572,11466,' hamster'
207769746e657373696e67,11467,' witnessing'
6d61726b,11468,'mark'
20747269756d706873,11469,' triumphs'
20637573746f6d6572,11470,' customer'
61636563,11471,'acec'
6163656372616674,11472,'acecraft'
2073706163656372616674,11473,' spacecraft'
616469756d,11474,'adium'
206475636b6c696e67,11475,' duckling'
20666c6f707079,11476,' floppy'
206f766572626f617264,11477,' overboard'
20696e636f6d706c657465,11478,' incomplete'
43757063616b6573,11479,'Cupcakes'
2062617468,11480,' bath'
206d75726b79,11481,' murky'
2069736f6c61746564,11482,' isolated'
20496e7669736962696c697479,11483,' Invisibility'
207472616e7363656e646564,11484,' transcended'
204265796f6e64,11485,' Beyond'
2062617264,11486,' bard'
204d696e64,11487,' Mind'
2066696c65,11488,' file'
2054696c6c79,11489,' Tilly'
2042757a7a79,11490,' Buzzy'
2062616e64697473,11491,' bandits'
206261636b696e67,11492,' backing'
207365617263686573,11493,' searches'
2064696e6e657273,11494,' dinners'
207465616368696e6773,11495,' teachings'
207265766572736564,11496,' reversed'
20736c69636573,11497,' slices'
20747269756d7068616e74,11498,' triumphant'
204c697374656e696e67,11499,' Listening'
20687566666564,11500,' huffed'
206f627365727665,11501,' observe'
616368657273,11502,'achers'
207669616c,11503,' vial'
657072,11504,'epr'
20726562656c6c696f6e,11505,' rebellion'
20646f776e63617374,11506,' downcast'
20756e70726564696374,11507,' unpredict'
207374616469756d,11508,' stadium'
6c657374,11509,'lest'
205a65706879,11510,' Zephy'
206d616e676f6573,11511,' mangoes'
20626174746572696573,11512,' batteries'
46616d696c79,11513,'Family'
20637265657079,11514,' creepy'
206469726563746c79,11515,' directly'
526162626974,11516,'Rabbit'
466c656574696e67,11517,'Fleeting'
205469636b,11518,' Tick'
20646563656976696e67,11519,' deceiving'
75616c73,11520,'uals'
207374697463686564,11521,' stitched'
2053636f7574,11522,' Scout'
2066616e74617379,11523,' fantasy'
207472696e6b6574,11524,' trinket'
74656c6c6967656e6365,11525,'telligence'
20677261706573,11526,' grapes'
69726c696e67,11527,'irling'
50757070,11528,'Pupp'
2062726167676564,11529,' bragged'
207570737461697273,11530,' upstairs'
206d6174657269616c,11531,' material'
20637261746573,11532,' crates'
706c696e67,11533,'pling'
6170657273,11534,'apers'
62726163696e67,11535,'bracing'
2062697264686f757365,11536,' birdhouse'
20706978696573,11537,' pixies'
6f756274,11538,'oubt'
20616464726573736564,11539,' addressed'
20676f6c6466697368,11540,' goldfish'
20536e6f7762616c6c,11541,' Snowball'
2066756c6c6572,11542,' fuller'
426561757479,11543,'Beauty'
204c657474657273,11544,' Letters'
2063656e747572696573,11545,' centuries'
6179696e67,11546,'aying'
20576f6e64657273,11547,' Wonders'
50657263686564,11548,'Perched'
2064697363757373696f6e,11549,' discussion'
756e6f,11550,'uno'
20666f756e646174696f6e,11551,' foundation'
697a61727265,11552,'izarre'
20666c61726564,11553,' flared'
646963,11554,'dic'
2067756c,11555,' gul'
20656d6261726b6564,11556,' embarked'
20666f726765,11557,' forge'
20706f756e636564,11558,' pounced'
2073746f7665,11559,' stove'
20676c697474657279,11560,' glittery'
667269656e6473686970,11561,'friendship'
2066616c746572,11562,' falter'
2047726f77696e67,11563,' Growing'
20746f6f6c626f78,11564,' toolbox'
65746168,11565,'etah'
62796573,11566,'byes'
20477261746566756c,11567,' Grateful'
6d656e7365,11568,'mense'
204269727468646179,11569,' Birthday'
20626c6573736564,11570,' blessed'
20646574656374,11571,' detect'
20636f6e66726f6e74696e67,11572,' confronting'
636c656172,11573,'clear'
20626c757272696e67,11574,' blurring'
20536c6f77706f6b65,11575,' Slowpoke'
207469676874656e696e67,11576,' tightening'
206f75746572,11577,' outer'
207772617073,11578,' wraps'
20736c6f706573,11579,' slopes'
2063686f70,11580,' chop'
20736565646c696e67,11581,' seedling'
20626f6f74,11582,' boot'
20636f636f6e757473,11583,' coconuts'
56617374,11584,'Vast'
20666f726568656164,11585,' forehead'
20636f6e647563746f72,11586,' conductor'
46726565646f6d,11587,'Freedom'
6c696665,11588,'life'
2076656e6765616e6365,11589,' vengeance'
20676c697474657273,11590,' glitters'
207768696d736963616c,11591,' whimsical'
776561766572,11592,'weaver'
20726573756c74,11593,' result'
576869726c77696e64,11594,'Whirlwind'
6f756e746564,11595,'ounted'
20666561746865726564,11596,' feathered'
20636f72726964,11597,' corrid'
616e7377,11598,'answ'
20626f6f746873,11599,' booths'
2053656173,11600,' Seas'
2067616c6c6f706564,11601,' galloped'
204f7262,11602,' Orb'
7265617468696e67,11603,'reathing'
20736e61746368,11604,' snatch'
204d6972726f72,11605,' Mirror'
20756e646f,11606,' undo'
206578616d696e696e67,11607,' examining'
207069636b6c65,11608,' pickle'
20666f7267657466756c6e657373,11609,' forgetfulness'
207468656674,11610,' theft'
756d6d6f6e696e67,11611,'ummoning'
20506574616c,11612,' Petal'
2073696c686f75,11613,' silhou'
20537461726c69676874,11614,' Starlight'
20636c696e67696e67,11615,' clinging'
20646f63756d656e74,11616,' document'
205065727365766572616e6365,11617,' Perseverance'
2052756279,11618,' Ruby'
20736972656e73,11619,' sirens'
20416363657074,11620,' Accept'
6272656164,11621,'bread'
20676c756d,11622,' glum'
48617a,11623,'Haz'
75726e,11624,'urn'
20447265616d696e67,11625,' Dreaming'
20666c617073,11626,' flaps'
20676f6f6462796573,11627,' goodbyes'
20746f6c6c,11628,' toll'
2070616e73,11629,' pans'
2067656e75696e65,11630,' genuine'
20666163,11631,' fac'
2065786869626974696f6e,11632,' exhibition'
75726d,11633,'urm'
20616c6c757265,11634,' allure'
206368696c6c6564,11635,' chilled'
20706f7070696e67,11636,' popping'
4d6972726f7273,11637,'Mirrors'
20666c6177,11638,' flaw'
6b696e73,11639,'kins'
2063686565746168,11640,' cheetah'
206e6963656c79,11641,' nicely'
48656172696e67,11642,'Hearing'
20737572726f756e6473,11643,' surrounds'
20636c65616e6572,11644,' cleaner'
68696c6c,11645,'hill'
2042726967687473746f6e65,11646,' Brightstone'
205370696e6f736175727573,11647,' Spinosaurus'
7269736b,11648,'risk'
427269736b,11649,'Brisk'
2063656c6c,11650,' cell'
20737472616e646564,11651,' stranded'
206472696573,11652,' dries'
2070756d70696e67,11653,' pumping'
20736f7265,11654,' sore'
206576656e7475616c6c79,11655,' eventually'
206d656c616e63686f6c79,11656,' melancholy'
537461726c69676874,11657,'Starlight'
616d656c,11658,'amel'
20736f72746564,11659,' sorted'
2063726f616b,11660,' croak'
62727573686573,11661,'brushes'
696e6e616d,11662,'innam'
696e6e616d6f6e,11663,'innamon'
756e6465726564,11664,'undered'
436173746c65,11665,'Castle'
20646f6d61696e,11666,' domain'
20736372657773,11667,' screws'
204f776c73,11668,' Owls'
206261726b73,11669,' barks'
2074756c697073,11670,' tulips'
6974616765,11671,'itage'
206865726974616765,11672,' heritage'
20756e6465726e65617468,11673,' underneath'
6174697665,11674,'ative'
5374696c6c,11675,'Still'
6f6f73,11676,'oos'
206578706c6f6465,11677,' explode'
2073656374,11678,' sect'
61736d696e65,11679,'asmine'
736f616b6564,11680,'soaked'
2068756c6c,11681,' hull'
616f73,11682,'aos'
206c6966656c696e65,11683,' lifeline'
20626f776c73,11684,' bowls'
20636861736d,11685,' chasm'
416e6f74686572,11686,'Another'
20646973616772656564,11687,' disagreed'
207374756d70,11688,' stump'
656d6f6e616465,11689,'emonade'
616773,11690,'ags'
2062756d7079,11691,' bumpy'
20636f6c6f6e79,11692,' colony'
206368616e74696e67,11693,' chanting'
20686162,11694,' hab'
20626c75657072,11695,' bluepr'
20696d6d656e7365,11696,' immense'
206d7974686963616c,11697,' mythical'
65727279,11698,'erry'
4361707461696e,11699,'Captain'
756d65,11700,'ume'
20746f7070,11701,' topp'
73706972,11702,'spir'
204d656c6f,11703,' Melo'
20726967687466756c6c79,11704,' rightfully'
205072696e63657373,11705,' Princess'
20486561727473746f6e65,11706,' Heartstone'
20686f6172646564,11707,' hoarded'
2073637261706564,11708,' scraped'
2074696e676564,11709,' tinged'
2064726167676564,11710,' dragged'
20737065656479,11711,' speedy'
2074797065,11712,' type'
7468696c79,11713,'thily'
2074696c74,11714,' tilt'
20656c75646564,11715,' eluded'
48756e676572,11716,'Hunger'
68696674,11717,'hift'
2052657475726e696e67,11718,' Returning'
616e737765726564,11719,'answered'
20756e616e737765726564,11720,' unanswered'
2068757368,11721,' hush'
2068657262,11722,' herb'
20656c7573697665,11723,' elusive'
20436c617261,11724,' Clara'
2042656c69657665,11725,' Believe'
207377616d70,11726,' swamp'
206372617465,11727,' crate'
206861726e657373,11728,' harness'
2050726f74656374,11729,' Protect'
2073746f727974656c6c657273,11730,' storytellers'
656e67657273,11731,'engers'
206269747465726c79,11732,' bitterly'
2073717565657a696e67,11733,' squeezing'
206e6f72,11734,' nor'
756d62657273,11735,'umbers'
20616472696674,11736,' adrift'
207461756e74696e67,11737,' taunting'
417574756d6e,11738,'Autumn'
2073637261746368,11739,' scratch'
4672616e746963616c6c79,11740,'Frantically'
20656e746972656c79,11741,' entirely'
20416e6369656e74,11742,' Ancient'
20637261776c696e67,11743,' crawling'
69737461,11744,'ista'
204b696b69,11745,' Kiki'
2076616e696c6c61,11746,' vanilla'
2066726f737479,11747,' frosty'
20666f6f6c6973686e657373,11748,' foolishness'
2077696e74657273,11749,' winters'
6f6e646572,11750,'onder'
20737465726e,11751,' stern'
2057697a617264,11752,' Wizard'
20536f756e64,11753,' Sound'
20647279696e67,11754,' drying'
2067696e676572,11755,' ginger'
207468756e6465726564,11756,' thundered'
2070746572,11757,' pter'
206e617567687479,11758,' naughty'
4c79696e67,11759,'Lying'
6c6963,11760,'lic'
2067617465776179,11761,' gateway'
204672,11762,' Fr'
2064617a7a6c6564,11763,' dazzled'
507564646c6573,11764,'Puddles'
207361766f72696e67,11765,' savoring'
4269747465726c79,11766,'Bitterly'
416e79,11767,'Any'
2076656c766574,11768,' velvet'
4669676874,11769,'Fight'
696c696172,11770,'iliar'
2053746f70,11771,' Stop'
4d72,11772,'Mr'
20737072696e6773,11773,' springs'
65616e696e67,11774,'eaning'
20636c657665,11775,' cleve'
20706f756e6365,11776,' pounce'
57616c6c73,11777,'Walls'
2072756465,11778,' rude'
204f6e6573,11779,' Ones'
4d696365,11780,'Mice'
206c656174686572,11781,' leather'
2062617273,11782,' bars'
206162736f7262696e67,11783,' absorbing'
207761766572,11784,' waver'
206c75726564,11785,' lured'
20696e7472,11786,' intr'
20736869727473,11787,' shirts'
2072697475616c,11788,' ritual'
2073776f7265,11789,' swore'
20626c75727279,11790,' blurry'
6973686c79,11791,'ishly'
20466f6f64,11792,' Food'
6f75626c65,11793,'ouble'
20646f776e737461697273,11794,' downstairs'
204775696c64,11795,' Guild'
20737175696e74696e67,11796,' squinting'
496e7374616e746c79,11797,'Instantly'
2073747261746567696573,11798,' strategies'
207072616e636564,11799,' pranced'
547269756d70,11800,'Triump'
204d69646e69676874,11801,' Midnight'
2074616b656f6666,11802,' takeoff'
20416273656e6365,11803,' Absence'
4669656c6473,11804,'Fields'
2068656172746265617473,11805,' heartbeats'
2070726179696e67,11806,' praying'
2061637469766974696573,11807,' activities'
5374656164696c79,11808,'Steadily'
20697373,11809,' iss'
206f66666963,11810,' offic'
2062616e6973686564,11811,' banished'
206d65646963,11812,' medic'
207375626a65637473,11813,' subjects'
746f776e,11814,'town'
204c696c61,11815,' Lila'
2064657363726962696e67,11816,' describing'
616d6d79,11817,'ammy'
6f6d62,11818,'omb'
20706564616c696e67,11819,' pedaling'
62626c657374,11820,'bblest'
206661696c73,11821,' fails'
20736c756d626572,11822,' slumber'
2068616e6773,11823,' hangs'
2063757368696f6e73,11824,' cushions'
69717565,11825,'ique'
20576172,11826,' War'
207468756e6465726f7573,11827,' thunderous'
2077686972,11828,' whir'
205768696d7379,11829,' Whimsy'
2070726963,11830,' pric'
2070726963656c657373,11831,' priceless'
6d6d696e67,11832,'mming'
416d7573696e676c79,11833,'Amusingly'
20646f75626c65,11834,' double'
2062617269737461,11835,' barista'
676779,11836,'ggy'
206f626c,11837,' obl'
20717569636b6572,11838,' quicker'
2064726962626c65,11839,' dribble'
6f72746578,11840,'ortex'
2067696e6765726272656164,11841,' gingerbread'
20696d706174,11842,' impat'
696e6973686564,11843,'inished'
20636f6c6c616765,11844,' collage'
546f7973,11845,'Toys'
206e61747572616c,11846,' natural'
207075636b,11847,' puck'
20696e6e,11848,' inn'
206d697474656e73,11849,' mittens'
6574746c65,11850,'ettle'
547269756d7068616e74,11851,'Triumphant'
20736175,11852,' sau'
20776f62626c696e67,11853,' wobbling'
616e6e61,11854,'anna'
646f6e,11855,'don'
204d7273,11856,' Mrs'
4f626c,11857,'Obl'
556e757375616c,11858,'Unusual'
206861737465,11859,' haste'
204e6f727468,11860,' North'
20636f62626c657374,11861,' cobblest'
6261626c79,11862,'bably'
206d616b657368696674,11863,' makeshift'
20736361726573,11864,' scares'
20436875636b,11865,' Chuck'
204c756d696e617261,11866,' Luminara'
2073746f726d6564,11867,' stormed'
2055706f6e,11868,' Upon'
776172,11869,'war'
2063757262,11870,' curb'
206772756d70,11871,' grump'
20706c656173757265,11872,' pleasure'
20616c74686f756768,11873,' although'
2049726f6e,11874,' Iron'
50617469656e6365,11875,'Patience'
2053746570,11876,' Step'
2070657266,11877,' perf'
686f6e65,11878,'hone'
2070617463686573,11879,' patches'
7965,11880,'ye'
617363696e6174696e67,11881,'ascinating'
2044616e63696e67,11882,' Dancing'
4372656570,11883,'Creep'
2077656c6c696e67,11884,' welling'
20726576656c,11885,' revel'
20737562776179,11886,' subway'
20456c,11887,' El'
657475726e,11888,'eturn'
206d696d6963,11889,' mimic'
206d6f72616c697479,11890,' morality'
207061737461,11891,' pasta'
426c7565,11892,'Blue'
207265756e697465,11893,' reunite'
207065616e,11894,' pean'
50697261746573,11895,'Pirates'
204167,11896,' Ag'
4368696c6472656e,11897,'Children'
656c6c696e67,11898,'elling'
207175697a,11899,' quiz'
7661726b,11900,'vark'
20737472656e677468656e6564,11901,' strengthened'
6172647661726b,11902,'ardvark'
2068697373,11903,' hiss'
206c6f6f7073,11904,' loops'
2063657265616c,11905,' cereal'
20776574746572,11906,' wetter'
20756e7072656469637461626c65,11907,' unpredictable'
536f6c656d6e,11908,'Solemn'
4861756e74696e67,11909,'Haunting'
20537572707269736573,11910,' Surprises'
20676f6f64696573,11911,' goodies'
626c79,11912,'bly'
20666972656c69676874,11913,' firelight'
206d75736963616c,11914,' musical'
20726f617374696e67,11915,' roasting'
207469636b73,11916,' ticks'
206c6164696573,11917,' ladies'
20747769726c73,11918,' twirls'
20756e7665696c,11919,' unveil'
207374616c65,11920,' stale'
20666c6970706572,11921,' flipper'
20776967676c79,11922,' wiggly'
204772756d626c65,11923,' Grumble'
207468756d70696e67,11924,' thumping'
69736865617274656e6564,11925,'isheartened'
20466c6f72,11926,' Flor'
20737469636b6572,11927,' sticker'
736d,11928,'sm'
6d61796265,11929,'maybe'
506f6e646572696e67,11930,'Pondering'
207761726e73,11931,' warns'
2073686f7763617365,11932,' showcase'
20476967,11933,' Gig'
2073746f6d70,11934,' stomp'
20726f636b696e67,11935,' rocking'
20646f6e757473,11936,' donuts'
2063696e6e616d6f6e,11937,' cinnamon'
20756e726176656c6564,11938,' unraveled'
2072616c6c79696e67,11939,' rallying'
206f766572666c6f77,11940,' overflow'
20626f6c646e657373,11941,' boldness'
20736c65657073,11942,' sleeps'
2048656172696e67,11943,' Hearing'
20726562656c,11944,' rebel'
206d756666696e73,11945,' muffins'
20726f6265,11946,' robe'
2072657374617572,11947,' restaur'
20736e6f72696e67,11948,' snoring'
2064656570656e,11949,' deepen'
2057616e74696e67,11950,' Wanting'
207361706c696e67,11951,' sapling'
5461747465726564,11952,'Tattered'
476c656566756c6c79,11953,'Gleefully'
207065726b,11954,' perk'
726f6c6c,11955,'roll'
20637269746963,11956,' critic'
48617a79,11957,'Hazy'
20626c61636b6e657373,11958,' blackness'
2042616c6c6f6f6e,11959,' Balloon'
65616b,11960,'eak'
206e69636572,11961,' nicer'
20636f6e636c,11962,' concl'
4368696c6c696e67,11963,'Chilling'
206469766573,11964,' dives'
4272,11965,'Br'
2064657363656e64,11966,' descend'
2076696374696d,11967,' victim'
496e746572657374,11968,'Interest'
2070616e64,11969,' pand'
2063726174657273,11970,' craters'
206f7074696f6e73,11971,' options'
20416e74,11972,' Ant'
206d75726d7572,11973,' murmur'
576869726c77696e6473,11974,'Whirlwinds'
20666163616465,11975,' facade'
204265747261796564,11976,' Betrayed'
20416e6e61,11977,' Anna'
72696767,11978,'rigg'
416e73776572,11979,'Answer'
2073636174746572,11980,' scatter'
20726568656172,11981,' rehear'
2064616e6765726f75736c79,11982,' dangerously'
2063617363,11983,' casc'
20667265657a696e67,11984,' freezing'
2062617272656c73,11985,' barrels'
20546572,11986,' Ter'
4672657368,11987,'Fresh'
546872696c6c696e67,11988,'Thrilling'
206d656e646564,11989,' mended'
20617766756c,11990,' awful'
627972696e,11991,'byrin'
206c6f75,11992,' lou'
20736175636572,11993,' saucer'
206c6f756e67,11994,' loung'
20426179,11995,' Bay'
20426c696e6b,11996,' Blink'
20636f6c6c617073696e67,11997,' collapsing'
4d6f75726e,11998,'Mourn'
4c616e64,11999,'Land'
20456d62726163696e67,12000,' Embracing'
20736972,12001,' sir'
7374616c73,12002,'stals'
20696e73656374,12003,' insect'
656c6c73,12004,'ells'
207772617070657273,12005,' wrappers'
20756e66696e6973686564,12006,' unfinished'
206b6973736573,12007,' kisses'
20637265657073,12008,' creeps'
207061746368776f726b,12009,' patchwork'
20657874656e646564,12010,' extended'
75747479,12011,'utty'
20736978,12012,' six'
2063616e6e6f6e,12013,' cannon'
205365,12014,' Se'
61696e696e67,12015,'aining'
6c656e64,12016,'lend'
204e6572766f7573,12017,' Nervous'
206f7267616e697a696e67,12018,' organizing'
20476574,12019,' Get'
206a756467696e67,12020,' judging'
207461696e746564,12021,' tainted'
20736869656c6473,12022,' shields'
596561726e696e67,12023,'Yearning'
44656c696768746564,12024,'Delighted'
2077617465726d656c,12025,' watermel'
206772616e646368696c6472656e,12026,' grandchildren'
2072657374617572616e74,12027,' restaurant'
206875727466756c,12028,' hurtful'
6170706c65,12029,'apple'
2042656c6c61,12030,' Bella'
426c617a696e67,12031,'Blazing'
206f726465726c79,12032,' orderly'
206c6974746572,12033,' litter'
207265776172646564,12034,' rewarded'
204d616d61,12035,' Mama'
2064756f,12036,' duo'
2074726f7665,12037,' trove'
696e75696e67,12038,'inuing'
207375706572706f77657273,12039,' superpowers'
206c61776e,12040,' lawn'
616c69,12041,'ali'
627972696e7468,12042,'byrinth'
207363686f6f6c686f757365,12043,' schoolhouse'
20706c616e6e6572,12044,' planner'
20706f7365,12045,' pose'
636861,12046,'cha'
2061747461636b73,12047,' attacks'
206265636b6f6e,12048,' beckon'
20736861726473,12049,' shards'
2070726f746573746564,12050,' protested'
20696e74726967,12051,' intrig'
6c74696d617465,12052,'ltimate'
616e6f646f6e,12053,'anodon'
726573686f6c64,12054,'reshold'
207468726573686f6c64,12055,' threshold'
44616e676572,12056,'Danger'
20726f616d696e67,12057,' roaming'
207265636b6c657373,12058,' reckless'
204c65616679,12059,' Leafy'
207370656374,12060,' spect'
4472696674,12061,'Drift'
2073746f6d70696e67,12062,' stomping'
526573,12063,'Res'
2063616e63,12064,' canc'
4d75726d,12065,'Murm'
2073746565706572,12066,' steeper'
206c696172,12067,' liar'
20626c75657072696e7473,12068,' blueprints'
20726573746f72696e67,12069,' restoring'
20636f6d7065746564,12070,' competed'
2072656269727468,12071,' rebirth'
20656d62657273,12072,' embers'
20686f776c73,12073,' howls'
20646f75627466756c,12074,' doubtful'
486f6c6c6f77,12075,'Hollow'
456174,12076,'Eat'
20656e6368616e74,12077,' enchant'
20636f636b,12078,' cock'
2051756965746c79,12079,' Quietly'
20506c616e73,12080,' Plans'
20706c61696e73,12081,' plains'
2050756c6c696e67,12082,' Pulling'
2070757273756974,12083,' pursuit'
205368656c6c79,12084,' Shelly'
4d6f766564,12085,'Moved'
646573,12086,'des'
2073746f6d61636873,12087,' stomachs'
456e6368616e746564,12088,'Enchanted'
207468756e64657273746f726d,12089,' thunderstorm'
627261,12090,'bra'
20736b69696e67,12091,' skiing'
2068697665,12092,' hive'
2053616d6d79,12093,' Sammy'
20726574726965766564,12094,' retrieved'
4578636974656d656e74,12095,'Excitement'
20616e6772696572,12096,' angrier'
20416476656e7475726573,12097,' Adventures'
4d656c616e63686f6c79,12098,'Melancholy'
20736368656d6572,12099,' schemer'
20757073747265616d,12100,' upstream'
2072656d6f7665,12101,' remove'
52616262697473,12102,'Rabbits'
2063617368,12103,' cash'
20636f77617264,12104,' coward'
204d656d6f7279,12105,' Memory'
207374616b65,12106,' stake'
2073636f726573,12107,' scores'
2063686970706564,12108,' chipped'
4d6f756e7461696e,12109,'Mountain'
756e6374696f6e,12110,'unction'
2064656c6976657279,12111,' delivery'
206c757465,12112,' lute'
757266,12113,'urf'
2070726f7669646564,12114,' provided'
206b69636b73,12115,' kicks'
477261746566756c,12116,'Grateful'
2047696761,12117,' Giga'
42656175746966756c,12118,'Beautiful'
206c6f6f6b6f7574,12119,' lookout'
20466c69636b6572,12120,' Flicker'
416d617a6564,12121,'Amazed'
20547269636b73746572,12122,' Trickster'
20676f617473,12123,' goats'
53657474696e67,12124,'Setting'
2073656375726564,12125,' secured'
207374726f6c6c,12126,' stroll'
207961776e696e67,12127,' yawning'
54696d656c657373,12128,'Timeless'
2042757a7a,12129,' Buzz'
20536561726368696e67,12130,' Searching'
206f626c6976696f7573,12131,' oblivious'
206672616772616e74,12132,' fragrant'
20536861706573,12133,' Shapes'
537461726c6974,12134,'Starlit'
207374617267617a65,12135,' stargaze'
436f6e74696e75696e67,12136,'Continuing'
20656e73757265,12137,' ensure'
66666c6564,12138,'ffled'
20426f62,12139,' Bob'
20636c6f73757265,12140,' closure'
75726b696e67,12141,'urking'
20617070726563696174696e67,12142,' appreciating'
20436f6f6b6965,12143,' Cookie'
206e617272,12144,' narr'
6967686572,12145,'igher'
2064656669616e6365,12146,' defiance'
206379,12147,' cy'
206173746f6e,12148,' aston'
2045616765726c79,12149,' Eagerly'
205072,12150,' Pr'
20456d6572,12151,' Emer'
20736e616b6573,12152,' snakes'
6962626572,12153,'ibber'
536c6f77,12154,'Slow'
2073696e6973746572,12155,' sinister'
20636f6f6b73,12156,' cooks'
206b6e65656c73,12157,' kneels'
6c6177,12158,'law'
2070726f66,12159,' prof'
207472616e7363656e64,12160,' transcend'
43617473,12161,'Cats'
2072696674,12162,' rift'
20617363,12163,' asc'
20636f6d666f727461626c65,12164,' comfortable'
206368696d,12165,' chim'
69766174696e67,12166,'ivating'
547269636b79,12167,'Tricky'
7574696f6e,12168,'ution'
6372616674,12169,'craft'
20736577696e67,12170,' sewing'
205a6f7270,12171,' Zorp'
2070657273697374,12172,' persist'
206d616c66,12173,' malf'
20656e64757265,12174,' endure'
2070617973,12175,' pays'
69746f7273,12176,'itors'
206c756e6368726f6f6d,12177,' lunchroom'
20696e76656e74696e67,12178,' inventing'
206d6f6c65,12179,' mole'
2068616e6477,12180,' handw'
4461646479,12181,'Daddy'
2077686f6d,12182,' whom'
696674696e67,12183,'ifting'
416861,12184,'Aha'
2062696c6c73,12185,' bills'
2053617475726e,12186,' Saturn'
696d79,12187,'imy'
7564646c65,12188,'uddle'
456e746572,12189,'Enter'
20616e6369656e7473,12190,' ancients'
20766f7773,12191,' vows'
676963,12192,'gic'
6f6f7065726174696f6e,12193,'ooperation'
20746578,12194,' tex'
204d61,12195,' Ma'
206a61736d696e65,12196,' jasmine'
72617465,12197,'rate'
20447265616d79,12198,' Dreamy'
20627573746c6564,12199,' bustled'
61727479,12200,'arty'
6f6f7273,12201,'oors'
6f7274616e74,12202,'ortant'
616c616374,12203,'alact'
436f6f6b,12204,'Cook'
206d6f6f6e73746f6e65,12205,' moonstone'
207468756d6273,12206,' thumbs'
20696e646f6f7273,12207,' indoors'
20776561766572,12208,' weaver'
20536d6f6b65,12209,' Smoke'
206d6564616c73,12210,' medals'
2064756b65,12211,' duke'
50726570,12212,'Prep'
2053746172686176656e,12213,' Starhaven'
206d616c66756e6374696f6e,12214,' malfunction'
2046756c6c,12215,' Full'
616e6573,12216,'anes'
47617264656e,12217,'Garden'
204d656574,12218,' Meet'
20736872696e6b696e67,12219,' shrinking'
206174686c657465,12220,' athlete'
57696e6e696e67,12221,'Winning'
2073686f656c,12222,' shoel'
207768696e6564,12223,' whined'
20636861747479,12224,' chatty'
206c6162656c6564,12225,' labeled'
54656e73696f6e,12226,'Tension'
7475726573,12227,'tures'
207375727265616c,12228,' surreal'
20736368656d6564,12229,' schemed'
20647269667473,12230,' drifts'
20776973657374,12231,' wisest'
4d757368726f6f6d,12232,'Mushroom'
206f7665726e69676874,12233,' overnight'
20536972,12234,' Sir'
2073687566666c6564,12235,' shuffled'
2062756d70696e67,12236,' bumping'
20736b61746572,12237,' skater'
4c75726b696e67,12238,'Lurking'
20736e65657a65,12239,' sneeze'
536f6c656d6e6c79,12240,'Solemnly'
20706172746e657273686970,12241,' partnership'
2047696769,12242,' Gigi'
736f6c7574656c79,12243,'solutely'
204a6f7966756c,12244,' Joyful'
2048756e,12245,' Hun'
736f6d65,12246,'some'
50757070696573,12247,'Puppies'
2068697073,12248,' hips'
20647265616d6c696b65,12249,' dreamlike'
2047616c617879,12250,' Galaxy'
2064656570656e696e67,12251,' deepening'
20546563686965,12252,' Techie'
2054656e73696f6e,12253,' Tension'
206c6f776572696e67,12254,' lowering'
2070726563,12255,' prec'
206469737472657373,12256,' distress'
20737472657463686573,12257,' stretches'
2070726564,12258,' pred'
596f6e646572,12259,'Yonder'
2042726f6e74,12260,' Bront'
466172,12261,'Far'
20616d7573656d656e74,12262,' amusement'
537465616c,12263,'Steal'
20576869737065726572,12264,' Whisperer'
206d656c6f646963,12265,' melodic'
68696e6773,12266,'hings'
7572746976656c79,12267,'urtively'
576f6e646572696e676c79,12268,'Wonderingly'
467572746976656c79,12269,'Furtively'
206b6e6f6273,12270,' knobs'
2063617073756c65,12271,' capsule'
2070686f746f67726170686572,12272,' photographer'
207a69677a6167676564,12273,' zigzagged'
20536f6c617261,12274,' Solara'
487564646c6564,12275,'Huddled'
206f776e657273,12276,' owners'
2070726579,12277,' prey'
207769636b65646c79,12278,' wickedly'
206e617669676174696e67,12279,' navigating'
2070757272,12280,' purr'
5261696e64726f7073,12281,'Raindrops'
6c74696d6174656c79,12282,'ltimately'
20656e677261766564,12283,' engraved'
206c61756e64,12284,' laund'
20636f737473,12285,' costs'
20796f757273656c766573,12286,' yourselves'
6464696e67,12287,'dding'
536e65,12288,'Sne'
207369676e616c73,12289,' signals'
20666f7267657473,12290,' forgets'
69626572,12291,'iber'
206d65646963696e65,12292,' medicine'
20466c6f6174696e67,12293,' Floating'
20646f636b73,12294,' docks'
20736e756666,12295,' snuff'
2072657472656174696e67,12296,' retreating'
2062757279,12297,' bury'
52656d61726b61626c65,12298,'Remarkable'
207265646973636f7665726564,12299,' rediscovered'
2065786869626974,12300,' exhibit'
2073746162696c697a,12301,' stabiliz'
206170706c6175646564,12302,' applauded'
206c617661,12303,' lava'
20636f6d70656c6c6564,12304,' compelled'
204c696f6e,12305,' Lion'
61727279,12306,'arry'
206c65616e73,12307,' leans'
20706f7461746f6573,12308,' potatoes'
2063686f6b696e67,12309,' choking'
4472616d61746963,12310,'Dramatic'
206e6563657373,12311,' necess'
20617072,12312,' apr'
2045766572,12313,' Ever'
57697368696e67,12314,'Wishing'
20486f6d65,12315,' Home'
2079657469,12316,' yeti'
20706564616e74,12317,' pedant'
6163746f72,12318,'actor'
7074696f6e,12319,'ption'
4d757368726f6f6d73,12320,'Mushrooms'
20706879736963616c,12321,' physical'
206372757368696e67,12322,' crushing'
20706f7373657373,12323,' possess'
2070726f7073,12324,' props'
20646f6f64,12325,' dood'
20736869656c646564,12326,' shielded'
207265646973636f766572,12327,' rediscover'
2072656865617273,12328,' rehears'
5368616c6c,12329,'Shall'
207065616e7574,12330,' peanut'
536c,12331,'Sl'
68617573746564,12332,'hausted'
207a6f6f6d73,12333,' zooms'
20706f77646572,12334,' powder'
20537465656c,12335,' Steel'
6f757473,12336,'outs'
6576657279,12337,'every'
2072656372656174,12338,' recreat'
73746172,12339,'star'
2072656d696e697363696e67,12340,' reminiscing'
6f6c6473,12341,'olds'
207468656d65,12342,' theme'
20647265616d79,12343,' dreamy'
207661636174696f6e,12344,' vacation'
696e6a,12345,'inj'
20686f6f6b,12346,' hook'
206472756d62656174,12347,' drumbeat'
636f6c69,12348,'coli'
2068657369746174696e67,12349,' hesitating'
204772616262696e67,12350,' Grabbing'
207761726d657374,12351,' warmest'
20776173686573,12352,' washes'
207772696767,12353,' wrigg'
2074726164696e67,12354,' trading'
616665,12355,'afe'
547769726c696e67,12356,'Twirling'
20426f79,12357,' Boy'
206269,12358,' bi'
2068617070656e696e6773,12359,' happenings'
206e6f746564,12360,' noted'
7472,12361,'tr'
20616c7269676874,12362,' alright'
20536f6c7665,12363,' Solve'
204772756d7079,12364,' Grumpy'
6f707079,12365,'oppy'
206d696c65,12366,' mile'
20626f756e646564,12367,' bounded'
2073656c666973686e657373,12368,' selfishness'
2066616272696373,12369,' fabrics'
57697370,12370,'Wisp'
20737472756d6d696e67,12371,' strumming'
205a6f7262,12372,' Zorb'
206272696d6d696e67,12373,' brimming'
4d656f77,12374,'Meow'
207365656d696e67,12375,' seeming'
207472616e7363656e6473,12376,' transcends'
20707465726f73617572,12377,' pterosaur'
206472616d6174,12378,' dramat'
205368616465,12379,' Shade'
20756e696d706f7274616e74,12380,' unimportant'
2064726962626c696e67,12381,' dribbling'
205068616e74,12382,' Phant'
2068616d6d65726564,12383,' hammered'
20536f6674,12384,' Soft'
20756e7265,12385,' unre'
20756e666f72676976696e67,12386,' unforgiving'
6d616b696e67,12387,'making'
206b6179,12388,' kay'
2073756e6b,12389,' sunk'
206e65696768626f72696e67,12390,' neighboring'
2063616e6e6f6e73,12391,' cannons'
20536e65616b696e67,12392,' Sneaking'
2062617468696e67,12393,' bathing'
4b696e64,12394,'Kind'
20746f6173746564,12395,' toasted'
546f6f,12396,'Too'
2067726f756e6473,12397,' grounds'
207261696e696e67,12398,' raining'
737069726174696f6e,12399,'spiration'
206c61756e647279,12400,' laundry'
20666c757474657273,12401,' flutters'
74686961,12402,'thia'
204172746965,12403,' Artie'
68656c6c73,12404,'hells'
556e7365656e,12405,'Unseen'
2073776f6f70,12406,' swoop'
706974,12407,'pit'
2042797465,12408,' Byte'
2074726163746f72,12409,' tractor'
204d616a65737479,12410,' Majesty'
2062616c616e63696e67,12411,' balancing'
52657374,12412,'Rest'
536f636b73,12413,'Socks'
20736d696c6579,12414,' smiley'
20746f77656c73,12415,' towels'
2072656369746564,12416,' recited'
20636f6d656479,12417,' comedy'
2057617463686572,12418,' Watcher'
2053696e67696e67,12419,' Singing'
2074696e676c696e67,12420,' tingling'
2062756d7073,12421,' bumps'
6f756e7479,12422,'ounty'
486561727462726f6b656e,12423,'Heartbroken'
6d656469,12424,'medi'
206372657773,12425,' crews'
7573746572,12426,'uster'
206d656368,12427,' mech'
2046617374,12428,' Fast'
20626c7572746564,12429,' blurted'
2074656d70746174696f6e,12430,' temptation'
206162616e646f6e,12431,' abandon'
2064616767657273,12432,' daggers'
20686f73746564,12433,' hosted'
20747970696e67,12434,' typing'
204a6573746572,12435,' Jester'
2073747265616b,12436,' streak'
2049736c65,12437,' Isle'
206d6574656f7273,12438,' meteors'
2070726f76696465,12439,' provide'
20416c61726d73,12440,' Alarms'
2064657465637469766573,12441,' detectives'
20526962626974,12442,' Ribbit'
72696f6e,12443,'rion'
20437261,12444,' Cra'
2073747261776265727279,12445,' strawberry'
20626f756e7479,12446,' bounty'
206d6f75726e,12447,' mourn'
2062656c69656673,12448,' beliefs'
206b6179616b,12449,' kayak'
4661696c757265,12450,'Failure'
2068696b657273,12451,' hikers'
4563686f6573,12452,'Echoes'
20436c6f756479,12453,' Cloudy'
6f6c69,12454,'oli'
206477,12455,' dw'
20616476616e636564,12456,' advanced'
20656c6567616e74,12457,' elegant'
20696e66,12458,' inf'
2070657070657273,12459,' peppers'
20626f757175657473,12460,' bouquets'
636572697479,12461,'cerity'
207265636f72,12462,' recor'
74756365,12463,'tuce'
20717561636b696e67,12464,' quacking'
20686f7665726372616674,12465,' hovercraft'
69636c6573,12466,'icles'
2073686174746572696e67,12467,' shattering'
206d617463686573,12468,' matches'
206d61726368,12469,' march'
616e64656c696f6e73,12470,'andelions'
6b69636b,12471,'kick'
206e6563657373617279,12472,' necessary'
20617474656e646564,12473,' attended'
20637570626f617264,12474,' cupboard'
20736361726365,12475,' scarce'
2066756d626c6564,12476,' fumbled'
20656d6572616c6473,12477,' emeralds'
616e6b6564,12478,'anked'
2062726f77736564,12479,' browsed'
4c656d6f6e616465,12480,'Lemonade'
61636b657473,12481,'ackets'
2046726564,12482,' Fred'
20656e6a6f7973,12483,' enjoys'
205068616e746f6d,12484,' Phantom'
20636f6d706c696361746564,12485,' complicated'
204d61706c65776f6f64,12486,' Maplewood'
20726f6262657273,12487,' robbers'
4d657272696c79,12488,'Merrily'
54686f7567687473,12489,'Thoughts'
207370656564696e67,12490,' speeding'
207072657061726573,12491,' prepares'
466164696e67,12492,'Fading'
6c656164,12493,'lead'
2076616c756573,12494,' values'
57616b65,12495,'Wake'
204c756d6f,12496,' Lumo'
206f696c,12497,' oil'
206a6f6c,12498,' jol'
2073706972616c696e67,12499,' spiraling'
2068616d6d,12500,' hamm'
20626c65616368657273,12501,' bleachers'
68696573,12502,'hies'
7074696d69736d,12503,'ptimism'
2077617465726d656c6f6e,12504,' watermelon'
20617474656e64,12505,' attend'
2052756d6f72,12506,' Rumor'
2072656e,12507,' ren'
20656e6a6f7961626c65,12508,' enjoyable'
616e696e67,12509,'aning'
7661646f,12510,'vado'
20626c697373,12511,' bliss'
2076616375,12512,' vacu'
207371756972,12513,' squir'
7374696365,12514,'stice'
20626574726179696e67,12515,' betraying'
20666c61736879,12516,' flashy'
207061747465726564,12517,' pattered'
20626c616d696e67,12518,' blaming'
69646479,12519,'iddy'
2063617061626c65,12520,' capable'
7272,12521,'rr'
2053657270656e74,12522,' Serpent'
207472756d7065746564,12523,' trumpeted'
696d656e7473,12524,'iments'
20706f72747261697473,12525,' portraits'
206c6f6164,12526,' load'
66656c74,12527,'felt'
20696e646966666572656e74,12528,' indifferent'
6172746d656e74,12529,'artment'
204d6f6d6d79,12530,' Mommy'
726176656c696e67,12531,'raveling'
2048616c66776179,12532,' Halfway'
20636f7272757074,12533,' corrupt'
57686565,12534,'Whee'
6978696e67,12535,'ixing'
2061636b,12536,' ack'
6967657273,12537,'igers'
206d75737461636865,12538,' mustache'
2070617373656e67657273,12539,' passengers'
207472696f,12540,' trio'
20477265656e6669656c64,12541,' Greenfield'
206e6577636f6d,12542,' newcom'
656174696e67,12543,'eating'
656c706564,12544,'elped'
696574696573,12545,'ieties'
20566f69636573,12546,' Voices'
2076616375756d,12547,' vacuum'
2073616b65,12548,' sake'
206d616765,12549,' mage'
72696d73,12550,'rims'
2066617368696f6e,12551,' fashion'
20706f736974696f6e,12552,' position'
20666169727974,12553,' fairyt'
2066756c66696c6c6d656e74,12554,' fulfillment'
2073696e636572697479,12555,' sincerity'
204c616e64696e67,12556,' Landing'
2065786163746c79,12557,' exactly'
204e75747479,12558,' Nutty'
20696e74727564,12559,' intrud'
42697a61727265,12560,'Bizarre'
5365,12561,'Se'
696c6974696573,12562,'ilities'
206d6f616e6564,12563,' moaned'
2063686172697479,12564,' charity'
206c697374656e657273,12565,' listeners'
20706577,12566,' pew'
20666f6c6c6f77657273,12567,' followers'
7265617279,12568,'reary'
206e696768747374616e64,12569,' nightstand'
656d656e7473,12570,'ements'
6f6f73696e67,12571,'oosing'
207363686f6c617273,12572,' scholars'
4d75726d757273,12573,'Murmurs'
2042656c6f6e67696e67,12574,' Belonging'
20766567657461626c65,12575,' vegetable'
207472656d6f72,12576,' tremor'
4f70756c,12577,'Opul'
2076696e65676172,12578,' vinegar'
206c6963,12579,' lic'
20756c74696d617465,12580,' ultimate'
20427269646765,12581,' Bridge'
206561676c6573,12582,' eagles'
48616e64,12583,'Hand'
2067796d6e,12584,' gymn'
20747269616c,12585,' trial'
20776f756e646564,12586,' wounded'
4472616d61746963616c6c79,12587,'Dramatically'
72756e,12588,'run'
2063727563,12589,' cruc'
206d696e74,12590,' mint'
206372756369616c,12591,' crucial'
756e63686573,12592,'unches'
20657870657274,12593,' expert'
42726964,12594,'Brid'
69616e746c79,12595,'iantly'
616d656c656f6e,12596,'ameleon'
697463686573,12597,'itches'
20636f6e74726f6c6c,12598,' controll'
20416172647661726b,12599,' Aardvark'
204d616b65,12600,' Make'
20736e65616b73,12601,' sneaks'
20737472657373,12602,' stress'
6c697665,12603,'live'
2073657373696f6e,12604,' session'
20696e76656e746564,12605,' invented'
2077656c6c73,12606,' wells'
5769737073,12607,'Wisps'
2079656c706564,12608,' yelped'
72696d736f6e,12609,'rimson'
6f72696365,12610,'orice'
206c61627972696e7468,12611,' labyrinth'
207368617264,12612,' shard'
20636f6e67726174756c,12613,' congratul'
2076656e646f7273,12614,' vendors'
20736872696e65,12615,' shrine'
2072657061697273,12616,' repairs'
20657874696e67,12617,' exting'
207265637265617465,12618,' recreate'
2062696e,12619,' bin'
20736964656b69636b,12620,' sidekick'
7574686c657373,12621,'uthless'
20727574686c657373,12622,' ruthless'
54657272696679696e67,12623,'Terrifying'
20626f6e646564,12624,' bonded'
206d657267696e67,12625,' merging'
2062656e6473,12626,' bends'
4f7665726a6f796564,12627,'Overjoyed'
206368696d6e6579,12628,' chimney'
616c61,12629,'ala'
20657868696c6172,12630,' exhilar'
2074687265617473,12631,' threats'
20736f63696574696573,12632,' societies'
2043617273,12633,' Cars'
20616d6f756e74,12634,' amount'
4162736f6c7574656c79,12635,'Absolutely'
20726f77696e67,12636,' rowing'
2042726f6e746f736175727573,12637,' Brontosaurus'
20426c6f7270,12638,' Blorp'
20636f636b706974,12639,' cockpit'
507574,12640,'Put'
50656572696e67,12641,'Peering'
206f62736573736564,12642,' obsessed'
2073717561776b696e67,12643,' squawking'
206d756c74,12644,' mult'
20536d617274,12645,' Smart'
206272617661646f,12646,' bravado'
2073747275637475726573,12647,' structures'
4b697465,12648,'Kite'
6f6e666c,12649,'onfl'
20706574746564,12650,' petted'
20706572666f726d616e636573,12651,' performances'
206c696e6b696e67,12652,' linking'
20696e6469766964,12653,' individ'
20696e7465727477696e696e67,12654,' intertwining'
206672616772616e6365,12655,' fragrance'
2068657264,12656,' herd'
204168656164,12657,' Ahead'
5472656d656e646f75736c79,12658,'Tremendously'
205a696e67,12659,' Zing'
53696c766572,12660,'Silver'
206d696e6572,12661,' miner'
546f77657273,12662,'Towers'
66666573,12663,'ffes'
205a6570687972,12664,' Zephyr'
2046696e,12665,' Fin'
206d6963726f70,12666,' microp'
204d6f6e6b6579,12667,' Monkey'
54726170706564,12668,'Trapped'
20726f626f746963,12669,' robotic'
20636c696d62657273,12670,' climbers'
4561676c65,12671,'Eagle'
206e6970706564,12672,' nipped'
20746561637570,12673,' teacup'
6f736572,12674,'oser'
50617373,12675,'Pass'
50726f6d697365,12676,'Promise'
4f6365616e73,12677,'Oceans'
2064657374726f79696e67,12678,' destroying'
6f6772616d,12679,'ogram'
20666f6c64696e67,12680,' folding'
20686f6c6f6772616d,12681,' hologram'
6970756c,12682,'ipul'
204665617374,12683,' Feast'
206d616e6970756c,12684,' manipul'
20747261696c696e67,12685,' trailing'
20636875636b6c6573,12686,' chuckles'
207374726573736564,12687,' stressed'
20517569636b,12688,' Quick'
2052757368696e67,12689,' Rushing'
204d696e65,12690,' Mine'
204f6c6c,12691,' Oll'
4f70756c656e74,12692,'Opulent'
20746f6b656e73,12693,' tokens'
50726f7665,12694,'Prove'
616672616964,12695,'afraid'
4e6f7374616c676961,12696,'Nostalgia'
2072656365646564,12697,' receded'
53696e67,12698,'Sing'
20707572706c6573,12699,' purples'
4275696c64,12700,'Build'
2068616e6477726974696e67,12701,' handwriting'
206261736573,12702,' bases'
206578616d696e65,12703,' examine'
61637469,12704,'acti'
537472616e67,12705,'Strang'
537472616e67656c79,12706,'Strangely'
20636f6173746572,12707,' coaster'
2070696e6e6564,12708,' pinned'
206e65636b6c61636573,12709,' necklaces'
5069636b696e67,12710,'Picking'
6f726e73,12711,'orns'
20486174,12712,' Hat'
20476c6f77696e67,12713,' Glowing'
20436f636f,12714,' Coco'
205a657461,12715,' Zeta'
6e756d6265726564,12716,'numbered'
6372,12717,'cr'
57686973746c6573,12718,'Whistles'
206665726e73,12719,' ferns'
2068756d616e697479,12720,' humanity'
2073747269706573,12721,' stripes'
20526566,12722,' Ref'
20426f78,12723,' Box'
206d61726368696e67,12724,' marching'
20666c6561,12725,' flea'
205768657265766572,12726,' Wherever'
206b6574746c65,12727,' kettle'
204d6172,12728,' Mar'
20717569636b656e,12729,' quicken'
2073616372696669636564,12730,' sacrificed'
20657373656e7469616c,12731,' essential'
20506172726f74,12732,' Parrot'
20736e617070696e67,12733,' snapping'
2074656d706572,12734,' temper'
20736c69636b,12735,' slick'
4472696674696e67,12736,'Drifting'
20686f6c646572,12737,' holder'
52657475726e,12738,'Return'
5065656b696e67,12739,'Peeking'
53746f726d,12740,'Storm'
20646973736f6c766564,12741,' dissolved'
20636f6e74656d706c6174696e67,12742,' contemplating'
206d6963726f70686f6e65,12743,' microphone'
2070616c6d73,12744,' palms'
20536e65616b79,12745,' Sneaky'
207370696c6c73,12746,' spills'
20726570726573656e7473,12747,' represents'
2072616964,12748,' raid'
456c657068616e74,12749,'Elephant'
206368656673,12750,' chefs'
57697368,12751,'Wish'
20756e726f6c6c6564,12752,' unrolled'
205375676172,12753,' Sugar'
2073756d6d657273,12754,' summers'
2074696e6b6572696e67,12755,' tinkering'
20706978656c,12756,' pixel'
205374726f6e67,12757,' Strong'
20746f6164,12758,' toad'
2070726f6261626c79,12759,' probably'
6966696564,12760,'ified'
5061696e,12761,'Pain'
2042756e6e79,12762,' Bunny'
20696d70617469656e74,12763,' impatient'
6c65656b,12764,'leek'
207261636572,12765,' racer'
20636f6d70616e696f6e73,12766,' companions'
6f6e657374,12767,'onest'
49736c616e6473,12768,'Islands'
20626c657373696e6773,12769,' blessings'
204d656c6f6479,12770,' Melody'
696d626c65,12771,'imble'
2067756c706564,12772,' gulped'
207365697a65,12773,' seize'
20746f7073,12774,' tops'
20776561726572,12775,' wearer'
207075666673,12776,' puffs'
206f75746e756d6265726564,12777,' outnumbered'
20576865,12778,' Whe'
207369646577617973,12779,' sideways'
205265666c65,12780,' Refle'
20626f77696e67,12781,' bowing'
20667574,12782,' fut'
2073686f7070696e67,12783,' shopping'
20696e666c,12784,' infl'
20746f6f7468,12785,' tooth'
2070616e6461,12786,' panda'
20736e6f7764,12787,' snowd'
206469737472616374696f6e73,12788,' distractions'
6576,12789,'ev'
206d697368,12790,' mish'
20456e6a6f79,12791,' Enjoy'
204669656c6473,12792,' Fields'
20636f6d6d756e69636174696f6e,12793,' communication'
2070657474696e67,12794,' petting'
57686f65766572,12795,'Whoever'
737469636b,12796,'stick'
20706c617974696d65,12797,' playtime'
207265636f72646564,12798,' recorded'
4a756d70696e67,12799,'Jumping'
6972617465,12800,'irate'
20526567726574,12801,' Regret'
2073656374696f6e,12802,' section'
696369657374,12803,'iciest'
6f6d666f7274,12804,'omfort'
20626972746864617973,12805,' birthdays'
7472656174,12806,'treat'
7061626c65,12807,'pable'
20436c6f7365,12808,' Close'
20706f727472616974,12809,' portrait'
20746578746564,12810,' texted'
207361766f726564,12811,' savored'
2070696c6f746564,12812,' piloted'
20646973677569736564,12813,' disguised'
205468616c,12814,' Thal'
4f766572776865,12815,'Overwhe'
2061646d697473,12816,' admits'
20636f6d706172746d656e74,12817,' compartment'
5772697465,12818,'Write'
20657870616e,12819,' expan'
20657870616e7365,12820,' expanse'
20656e7465727461696e6564,12821,' entertained'
2074726164,12822,' trad'
20706172656e74,12823,' parent'
206d61646e657373,12824,' madness'
20447265616d686176656e,12825,' Dreamhaven'
6f76657273,12826,'overs'
2042616e,12827,' Ban'
536c65656b,12828,'Sleek'
2066696e67657274,12829,' fingert'
204d616368,12830,' Mach'
20636c69636b73,12831,' clicks'
20656d626172726173736d656e74,12832,' embarrassment'
20546f77657273,12833,' Towers'
205061696e74,12834,' Paint'
20496e6e6f,12835,' Inno'
207769656c64,12836,' wield'
6e6465746572726564,12837,'ndeterred'
2068756d696c69,12838,' humili'
204f70656e,12839,' Open'
2042656573,12840,' Bees'
4d6178,12841,'Max'
2052656c,12842,' Rel'
697373696f6e,12843,'ission'
6f6f6d696e67,12844,'ooming'
20726568656172736564,12845,' rehearsed'
20636f6e74726f6c6c6572,12846,' controller'
207368756464,12847,' shudd'
204c65616e696e67,12848,' Leaning'
2066696e67657274697073,12849,' fingertips'
427265657a6573,12850,'Breezes'
20666f6f747072696e74,12851,' footprint'
46726565,12852,'Free'
20636c6173,12853,' clas'
2070617274696e67,12854,' parting'
206265616e,12855,' bean'
20726570656174,12856,' repeat'
2072656d696e6973636564,12857,' reminisced'
6c6c69616e6365,12858,'lliance'
206b696e64726564,12859,' kindred'
206272696c6c69616e6365,12860,' brilliance'
2063616d7073,12861,' camps'
20756e636f6e74,12862,' uncont'
20706f737463617264,12863,' postcard'
5472656d656e646f7573,12864,'Tremendous'
466c616d6573,12865,'Flames'
20617661746172,12866,' avatar'
6974656c79,12867,'itely'
436f6e66,12868,'Conf'
676976656e657373,12869,'giveness'
50757a7a6c6564,12870,'Puzzled'
2050656572696e67,12871,' Peering'
20686967686c69676874,12872,' highlight'
206865617669657374,12873,' heaviest'
2062616e64616765,12874,' bandage'
207261696e73746f726d,12875,' rainstorm'
206665617266756c,12876,' fearful'
556c74696d6174656c79,12877,'Ultimately'
20736e6f726b656c,12878,' snorkel'
5465616368,12879,'Teach'
204a6178,12880,' Jax'
50726570617265,12881,'Prepare'
207265636f766572,12882,' recover'
456c65,12883,'Ele'
2074726f7068696573,12884,' trophies'
206f766572666c6f776564,12885,' overflowed'
2073746f726564,12886,' stored'
747265,12887,'tre'
5269676874,12888,'Right'
2053637269,12889,' Scri'
2068656170,12890,' heap'
20776f77,12891,' wow'
537061726b73,12892,'Sparks'
2073686f7763,12893,' showc'
4672616772616e74,12894,'Fragrant'
6572696c79,12895,'erily'
20706f736974697665,12896,' positive'
2068756d696c697479,12897,' humility'
53696e6365,12898,'Since'
2070616c7061626c65,12899,' palpable'
206d6f756e64,12900,' mound'
20666169727974616c65,12901,' fairytale'
20696775616e61,12902,' iguana'
207461706564,12903,' taped'
206c616e65,12904,' lane'
20726967687466756c,12905,' rightful'
2073717565616b,12906,' squeak'
207461737469657374,12907,' tastiest'
20416363657074696e67,12908,' Accepting'
6f6e73656e7365,12909,'onsense'
4272656174686c657373,12910,'Breathless'
62616c6c73,12911,'balls'
2073707261796564,12912,' sprayed'
696c69656e74,12913,'ilient'
477269747479,12914,'Gritty'
2070697065,12915,' pipe'
6d6564696174656c79,12916,'mediately'
20646f63756d656e7473,12917,' documents'
69706c,12918,'ipl'
2073717565616c696e67,12919,' squealing'
20447265616d76616c65,12920,' Dreamvale'
20676f6f6579,12921,' gooey'
205465616d,12922,' Team'
2067726f74,12923,' grot'
206162736f72626564,12924,' absorbed'
20756e636f6e74726f6c6c,12925,' uncontroll'
20756e616672616964,12926,' unafraid'
61696c6564,12927,'ailed'
206f70706f7274756e6974696573,12928,' opportunities'
20636861726d73,12929,' charms'
20536d696c6573,12930,' Smiles'
206c617070696e67,12931,' lapping'
206d656368616e6963,12932,' mechanic'
437279,12933,'Cry'
2070726f74656374697665,12934,' protective'
2042616c6c6f6f6e73,12935,' Balloons'
616d696c696172,12936,'amiliar'
2070726573736573,12937,' presses'
20766f72746578,12938,' vortex'
2043656c65737469616c,12939,' Celestial'
20436f6e73,12940,' Cons'
206a6f67,12941,' jog'
2063686f726473,12942,' chords'
206963,12943,' ic'
65746f7073,12944,'etops'
20736e69636b65726564,12945,' snickered'
62696573,12946,'bies'
2064757374696e67,12947,' dusting'
20696e74657265737473,12948,' interests'
4f7264,12949,'Ord'
207265636f696c6564,12950,' recoiled'
207375636365737366756c,12951,' successful'
666c79696e67,12952,'flying'
2073696c686f7565747465,12953,' silhouette'
2064657669636573,12954,' devices'
206f64646c79,12955,' oddly'
204368616f73,12956,' Chaos'
20726f756e6473,12957,' rounds'
697a7a617264,12958,'izzard'
20576967676c79,12959,' Wiggly'
207269636b,12960,' rick'
20726f7574696e6573,12961,' routines'
20666c69636b696e67,12962,' flicking'
67656e6379,12963,'gency'
2070726f706572,12964,' proper'
20626f617374696e67,12965,' boasting'
20737570706c79,12966,' supply'
20626c61646573,12967,' blades'
207761726d73,12968,' warms'
2062617274,12969,' bart'
206e6577657374,12970,' newest'
2062616d626f6f,12971,' bamboo'
7574746564,12972,'utted'
20657261736564,12973,' erased'
206162696c6974696573,12974,' abilities'
2073636172696572,12975,' scarier'
66756c6c,12976,'full'
206d6573736564,12977,' messed'
4f75747374616e64696e67,12978,'Outstanding'
206c69636f72696365,12979,' licorice'
206d7973746572696f75736c79,12980,' mysteriously'
207363686564,12981,' sched'
20506970,12982,' Pip'
6f6b,12983,'ok'
20636f646573,12984,' codes'
4d6f7373,12985,'Moss'
20736f617273,12986,' soars'
206865617665,12987,' heave'
5275,12988,'Ru'
2077726967676c6564,12989,' wriggled'
43616e646c656c69676874,12990,'Candlelight'
44656c69626572,12991,'Deliber'
44656c696265726174656c79,12992,'Deliberately'
4372656570696e67,12993,'Creeping'
576f726473,12994,'Words'
2072656c656e74,12995,' relent'
20636f6c646c79,12996,' coldly'
2063686f6f736573,12997,' chooses'
206f726e617465,12998,' ornate'
206a75696369657374,12999,' juiciest'
20736e6f776472696674,13000,' snowdrift'
2063756265,13001,' cube'
20736176616e6e61,13002,' savanna'
466f6f64,13003,'Food'
657276696e67,13004,'erving'
537465616c7468696c79,13005,'Stealthily'
206772756e746564,13006,' grunted'
5472616e,13007,'Tran'
486f706573,13008,'Hopes'
6564676564,13009,'edged'
207265656c6564,13010,' reeled'
6f63636f6c69,13011,'occoli'
2062726f63636f6c69,13012,' broccoli'
5365617368656c6c73,13013,'Seashells'
2073696e63657265,13014,' sincere'
437269636b657473,13015,'Crickets'
576f7272696564,13016,'Worried'
477265656e,13017,'Green'
206d756666696e,13018,' muffin'
2070616e74,13019,' pant'
756464696e67,13020,'udding'
206368616d656c656f6e,13021,' chameleon'
61636b6c65,13022,'ackle'
44657370616972,13023,'Despair'
20666f756e7461696e73,13024,' fountains'
204a6577,13025,' Jew'
204d6f757365,13026,' Mouse'
4c69676874686f757365,13027,'Lighthouse'
57617679,13028,'Wavy'
20746f726e61646f,13029,' tornado'
20696e6974,13030,' init'
20736875646465726564,13031,' shuddered'
2070726f776c6564,13032,' prowled'
2070656e73,13033,' pens'
20707261637469636573,13034,' practices'
2070726573656e7473,13035,' presents'
206d6561737572696e67,13036,' measuring'
2044656172,13037,' Dear'
20617363656e646564,13038,' ascended'
206465706963746564,13039,' depicted'
2074656e646572,13040,' tender'
20427265617468696e67,13041,' Breathing'
204665656c,13042,' Feel'
526163696e67,13043,'Racing'
50656e73697665,13044,'Pensive'
20626574726179616c73,13045,' betrayals'
2062696379636c6573,13046,' bicycles'
206e65676c6563746564,13047,' neglected'
20656d61696c,13048,' email'
5265666c656374696e67,13049,'Reflecting'
436173,13050,'Cas'
2074616d6564,13051,' tamed'
43617375616c6c79,13052,'Casually'
2057656c6c,13053,' Well'
5261696e626f7773,13054,'Rainbows'
206361727269,13055,' carri'
2070756c73,13056,' puls'
206269636b65726564,13057,' bickered'
4d697374616b6573,13058,'Mistakes'
205468726565,13059,' Three'
616e676c696e67,13060,'angling'
20666169726e657373,13061,' fairness'
2072656b696e646c696e67,13062,' rekindling'
20626c696e6b73,13063,' blinks'
45636c6970,13064,'Eclip'
53756e666c6f77657273,13065,'Sunflowers'
204865736974616e74,13066,' Hesitant'
206e65676c656374,13067,' neglect'
65746865,13068,'ethe'
496e6e6f63,13069,'Innoc'
4775657373,13070,'Guess'
2047726565,13071,' Gree'
2070616e747279,13072,' pantry'
206c6f736573,13073,' loses'
206b69747479,13074,' kitty'
206465737065726174656c79,13075,' desperately'
2063726f776e6564,13076,' crowned'
20766572736573,13077,' verses'
207370616465,13078,' spade'
7269626c65,13079,'rible'
48696c6c73,13080,'Hills'
66666c6573,13081,'ffles'
65617261626c65,13082,'earable'
20756e6265617261626c65,13083,' unbearable'
4e7572,13084,'Nur'
206d756e6368,13085,' munch'
20576f62626c79,13086,' Wobbly'
6f7361,13087,'osa'
20636c696e6b696e67,13088,' clinking'
20657869746564,13089,' exited'
696464696e67,13090,'idding'
20676c65616d,13091,' gleam'
20537065616b,13092,' Speak'
20696e747269677565,13093,' intrigue'
72697474656e,13094,'ritten'
20736d6173686564,13095,' smashed'
20636f6f6b626f6f6b,13096,' cookbook'
204461726b6e657373,13097,' Darkness'
42656c6c73,13098,'Bells'
206a6f6c746564,13099,' jolted'
206170726f6e,13100,' apron'
207765616c746879,13101,' wealthy'
2062696c6c6f77696e67,13102,' billowing'
2043617265,13103,' Care'
436f6f6b696573,13104,'Cookies'
2073696d706c6572,13105,' simpler'
2054656d,13106,' Tem'
2061747472616374696e67,13107,' attracting'
207370616e,13108,' span'
69636174696f6e,13109,'ication'
6461756768746572,13110,'daughter'
205a6f7261,13111,' Zora'
20427261696e,13112,' Brain'
20707265706172,13113,' prepar'
476967676c696e67,13114,'Giggling'
207363656e657279,13115,' scenery'
20656666656374,13116,' effect'
2073717565657a65,13117,' squeeze'
207369676e616c6564,13118,' signaled'
20676c69646573,13119,' glides'
2063686174746572696e67,13120,' chattering'
20626f6c7473,13121,' bolts'
616e676172,13122,'angar'
526f626f7473,13123,'Robots'
207769,13124,' wi'
207261696e7761746572,13125,' rainwater'
20436c69636b,13126,' Click'
4f7264696e617279,13127,'Ordinary'
2052756e,13128,' Run'
20736f62626564,13129,' sobbed'
207469676874656e,13130,' tighten'
76617465,13131,'vate'
2067726f74746f,13132,' grotto'
6c61756768746572,13133,'laughter'
20736b697073,13134,' skips'
206e61706b696e,13135,' napkin'
207269736b696e67,13136,' risking'
206f6e696f6e,13137,' onion'
4261736b,13138,'Bask'
206772617a696e67,13139,' grazing'
2064657363656e74,13140,' descent'
2076696272617465,13141,' vibrate'
2073657061726174696f6e,13142,' separation'
206672616d6564,13143,' framed'
626172726f77,13144,'barrow'
20776865656c626172726f77,13145,' wheelbarrow'
61746963,13146,'atic'
5072,13147,'Pr'
20636f6c6c69646564,13148,' collided'
206164756c74,13149,' adult'
547261676963616c6c79,13150,'Tragically'
2073656c666c657373,13151,' selfless'
20467574757265,13152,' Future'
20756e6861726d6564,13153,' unharmed'
656d616465,13154,'emade'
206f6363,13155,' occ'
207361766573,13156,' saves'
537175,13157,'Squ'
206d75737465726564,13158,' mustered'
204c6561677565,13159,' League'
6f72696c6c61,13160,'orilla'
44656c69636174656c79,13161,'Delicately'
2077726974657273,13162,' writers'
5769636b6564,13163,'Wicked'
6c6579,13164,'ley'
526563,13165,'Rec'
6e6f776c6564,13166,'nowled'
2061636b6e6f776c6564,13167,' acknowled'
5472616e7175696c,13168,'Tranquil'
4f62736375726564,13169,'Obscured'
20626c697a7a617264,13170,' blizzard'
206c61636b,13171,' lack'
496e64,13172,'Ind'
466173746572,13173,'Faster'
696e61626c65,13174,'inable'
2063616d7073697465,13175,' campsite'
456e6572,13176,'Ener'
207374697273,13177,' stirs'
204c756d696e61,13178,' Lumina'
20466c61,13179,' Fla'
2073706174,13180,' spat'
20676f6f7365,13181,' goose'
20726f6f73746572,13182,' rooster'
206d656c7473,13183,' melts'
206e75727365,13184,' nurse'
20556e697479,13185,' Unity'
206465636f,13186,' deco'
205761727269,13187,' Warri'
20636f6e66726f6e746174696f6e,13188,' confrontation'
706f7274,13189,'port'
2053756e76616c65,13190,' Sunvale'
20636c6173706564,13191,' clasped'
20737572766976,13192,' surviv'
204b6e6f776e,13193,' Known'
4e6172726f77,13194,'Narrow'
207175697474696e67,13195,' quitting'
20666c6f6f6473,13196,' floods'
207265616c6d73,13197,' realms'
20446977,13198,' Diw'
20446977616c69,13199,' Diwali'
20686f6d656d616465,13200,' homemade'
2063687567676564,13201,' chugged'
206a756d706572,13202,' jumper'
467265,13203,'Fre'
206d75746564,13204,' muted'
20546f726e,13205,' Torn'
205175696574,13206,' Quiet'
6f6f766573,13207,'ooves'
206c657474756365,13208,' lettuce'
464f,13209,'FO'
696773,13210,'igs'
20756e636f6e74726f6c6c61626c79,13211,' uncontrollably'
205361646e657373,13212,' Sadness'
206461796c69676874,13213,' daylight'
206661766f7269746573,13214,' favorites'
2063617375616c,13215,' casual'
447261676f6e,13216,'Dragon'
20706570706572,13217,' pepper'
20726169736573,13218,' raises'
206d6173,13219,' mas'
73746f6e6573,13220,'stones'
756e6765,13221,'unge'
204d6967687479,13222,' Mighty'
206a756d626c6564,13223,' jumbled'
69746572,13224,'iter'
20617263,13225,' arc'
206572726f72,13226,' error'
206d6172617468,13227,' marath'
2077696e646d,13228,' windm'
20636c65616e73,13229,' cleans'
20646564696361746564,13230,' dedicated'
206973737565,13231,' issue'
20636f6c6c6563746f72,13232,' collector'
2062656164,13233,' bead'
20476c696d6d657273,13234,' Glimmers'
205669,13235,' Vi'
2074657874757265,13236,' texture'
207768696d7065726564,13237,' whimpered'
20566f79,13238,' Voy'
2066697a7a,13239,' fizz'
206772617370696e67,13240,' grasping'
204d696e75746573,13241,' Minutes'
20636f7572736564,13242,' coursed'
206f70706f6e656e7473,13243,' opponents'
6172726f7473,13244,'arrots'
20416c6c6f736175727573,13245,' Allosaurus'
2068697374,13246,' hist'
7879,13247,'xy'
4c6967687473,13248,'Lights'
20737472696465,13249,' stride'
20726172657374,13250,' rarest'
206e6561726572,13251,' nearer'
20746967657273,13252,' tigers'
20737068657265,13253,' sphere'
7572697479,13254,'urity'
4e6f7065,13255,'Nope'
20696e74616374,13256,' intact'
737465726f696473,13257,'steroids'
61636861626c65,13258,'achable'
20666c6967687473,13259,' flights'
20736e6f7766616c6c,13260,' snowfall'
456e6368,13261,'Ench'
6573706572,13262,'esper'
5461737479,13263,'Tasty'
20746f7070696e6773,13264,' toppings'
4578706c6f7265,13265,'Explore'
6f6d656e7473,13266,'oments'
2074696e6b65726564,13267,' tinkered'
4f6276696f7573,13268,'Obvious'
20546f79,13269,' Toy'
6d6f6d656e7473,13270,'moments'
20476976696e67,13271,' Giving'
2070726179657273,13272,' prayers'
61746873,13273,'aths'
766174,13274,'vat'
20616666656374696f6e,13275,' affection'
2068756d696c6961746564,13276,' humiliated'
4f6d696e6f75736c79,13277,'Ominously'
20706f73736573736564,13278,' possessed'
20776f7274687768696c65,13279,' worthwhile'
206469726563746f72,13280,' director'
204d6561646f77,13281,' Meadow'
556e69717565,13282,'Unique'
20447265616d7363617065,13283,' Dreamscape'
6f7474696e67,13284,'otting'
20626f746865726564,13285,' bothered'
206772616e646461756768746572,13286,' granddaughter'
65616c6f757379,13287,'ealousy'
496e746572657374696e676c79,13288,'Interestingly'
20656e747279,13289,' entry'
206c696e696e67,13290,' lining'
2048756e746572,13291,' Hunter'
206c756e6368626f78,13292,' lunchbox'
20737065616b6572,13293,' speaker'
206d616e6575,13294,' maneu'
20636c65766572657374,13295,' cleverest'
2076657273696f6e73,13296,' versions'
20437570,13297,' Cup'
636f6c61746573,13298,'colates'
737472,13299,'str'
20436f6d6574,13300,' Comet'
2063726f616b696e67,13301,' croaking'
757261,13302,'ura'
696c73,13303,'ils'
2064697374616e636573,13304,' distances'
20726f756e646564,13305,' rounded'
4461,13306,'Da'
207265636f756e746564,13307,' recounted'
206169736c65,13308,' aisle'
204261726b,13309,' Bark'
20506c6179696e67,13310,' Playing'
20756e726561636861626c65,13311,' unreachable'
2053696e6365,13312,' Since'
206772756d626c696e67,13313,' grumbling'
206272696e6b,13314,' brink'
66696e697465,13315,'finite'
746f636b,13316,'tock'
2068656c706c6573736c79,13317,' helplessly'
5374616e64,13318,'Stand'
2053756e6e7976616c65,13319,' Sunnyvale'
69676f6c6473,13320,'igolds'
2061646472657373,13321,' address'
6f6c6c6970,13322,'ollip'
2055464f,13323,' UFO'
547279696e67,13324,'Trying'
496e6e6f63656e74,13325,'Innocent'
206c696d69746564,13326,' limited'
2077696c646572,13327,' wilder'
696262,13328,'ibb'
69636b6572,13329,'icker'
2070616c73,13330,' pals'
6f6c617465,13331,'olate'
204772656564,13332,' Greed'
2066657374697665,13333,' festive'
20706f757273,13334,' pours'
207072697a6564,13335,' prized'
206e6967687466616c6c,13336,' nightfall'
20506963,13337,' Pic'
20636f6e7472696275746564,13338,' contributed'
206c6566746f766572,13339,' leftover'
207761697374,13340,' waist'
2070657773,13341,' pews'
20476f6f64,13342,' Good'
20747972616e74,13343,' tyrant'
2047656e746c79,13344,' Gently'
696d706c65,13345,'imple'
20616964,13346,' aid'
62656c6965,13347,'belie'
4c757368,13348,'Lush'
2044616e636572,13349,' Dancer'
204f7074696d69736d,13350,' Optimism'
4173746f756e64,13351,'Astound'
20646f6e6e6564,13352,' donned'
467269656e646c79,13353,'Friendly'
2072657175657374,13354,' request'
5061706572,13355,'Paper'
206a7564676564,13356,' judged'
206d756c7469706c,13357,' multipl'
2063726f73736573,13358,' crosses'
7567617279,13359,'ugary'
2063686f6972,13360,' choir'
43726561746976697479,13361,'Creativity'
20646f756274696e67,13362,' doubting'
205374617264757374,13363,' Stardust'
20526964696e67,13364,' Riding'
206e756467696e67,13365,' nudging'
20666c6f7070696e67,13366,' flopping'
20636f726e65726564,13367,' cornered'
206261636b7570,13368,' backup'
20776f6b656e,13369,' woken'
6964656e7473,13370,'idents'
20726563656e74,13371,' recent'
2064656469636174696f6e,13372,' dedication'
20656e6368616e746d656e74,13373,' enchantment'
20696e6a757279,13374,' injury'
726f756368696e67,13375,'rouching'
2077656570696e67,13376,' weeping'
62656175746966756c,13377,'beautiful'
20676c6172696e67,13378,' glaring'
2064697070696e67,13379,' dipping'
20636f616c73,13380,' coals'
20636c75747465726564,13381,' cluttered'
43656c656272,13382,'Celebr'
6265727279,13383,'berry'
20727567,13384,' rug'
20656e636f757261676573,13385,' encourages'
4772696d,13386,'Grim'
63616e,13387,'can'
46616e63,13388,'Fanc'
43686173696e67,13389,'Chasing'
20637261636b6c65,13390,' crackle'
2070657273697374656e6365,13391,' persistence'
6961626c65,13392,'iable'
4c696768746c79,13393,'Lightly'
41686f79,13394,'Ahoy'
204d6572,13395,' Mer'
43616e6479,13396,'Candy'
20706f7373657373696f6e,13397,' possession'
656e63696e67,13398,'encing'
5374726f6e67,13399,'Strong'
61776b,13400,'awk'
207375727265,13401,' surre'
757069746572,13402,'upiter'
20636c6f7564696e67,13403,' clouding'
206c6576656c73,13404,' levels'
20617263686572,13405,' archer'
456c64,13406,'Eld'
206b656c70,13407,' kelp'
20737061726b6c6572,13408,' sparkler'
616d626c65,13409,'amble'
2072656c696373,13410,' relics'
7564646c79,13411,'uddly'
726f636b,13412,'rock'
206c6f61766573,13413,' loaves'
6c696465,13414,'lide'
206861726d6564,13415,' harmed'
20616368696576656d656e74,13416,' achievement'
6974746572696e67,13417,'ittering'
2066696e646572,13418,' finder'
20696e7374696e6374,13419,' instinct'
20736f6674657374,13420,' softest'
206368696566,13421,' chief'
206772696d,13422,' grim'
206c65616679,13423,' leafy'
206e6962626c65,13424,' nibble'
206d65616e696e6773,13425,' meanings'
776173,13426,'was'
206861727665737473,13427,' harvests'
2043656c6573746961,13428,' Celestia'
20736b756c6c,13429,' skull'
206e6176696761746f72,13430,' navigator'
206361707469766174696e67,13431,' captivating'
205377696d6d696e67,13432,' Swimming'
20536e61636b,13433,' Snack'
61766572696e67,13434,'avering'
796573,13435,'yes'
206379636c6573,13436,' cycles'
2072697475616c73,13437,' rituals'
20706f7073,13438,' pops'
61736573,13439,'ases'
6f756368696e67,13440,'ouching'
2063757265,13441,' cure'
206e6577636f6d6572,13442,' newcomer'
42726964676573,13443,'Bridges'
2050617773,13444,' Paws'
206661746573,13445,' fates'
2070696e656170706c65,13446,' pineapple'
207072656461746f72,13447,' predator'
526973696e67,13448,'Rising'
20546563686e6f,13449,' Techno'
20436f6f7065726174696f6e,13450,' Cooperation'
20636f6e74726f6c6c696e67,13451,' controlling'
20456c646572,13452,' Elder'
20656e76696f7573,13453,' envious'
75726973746963,13454,'uristic'
4d6172626c6573,13455,'Marbles'
20747275737473,13456,' trusts'
796f7572,13457,'your'
466174686572,13458,'Father'
20466c616d6573,13459,' Flames'
20646f6e617465,13460,' donate'
69636b656e73,13461,'ickens'
207461736b6564,13462,' tasked'
2074616d65,13463,' tame'
75637475726564,13464,'uctured'
20706c616e6b,13465,' plank'
20746178,13466,' tax'
20666f6e646572,13467,' fonder'
204e6572766f75736c79,13468,' Nervously'
2043686f69636573,13469,' Choices'
20616e6e6f756e6365,13470,' announce'
20536561736f6e73,13471,' Seasons'
20776869736b,13472,' whisk'
20666f7267696e67,13473,' forging'
6c696e6573,13474,'lines'
6f6e6e6563746564,13475,'onnected'
2070726f6772616d6d696e67,13476,' programming'
2066757475726973746963,13477,' futuristic'
206d61726174686f6e,13478,' marathon'
206372617a,13479,' craz'
20486967686572,13480,' Higher'
426967,13481,'Big'
20506562626c65,13482,' Pebble'
20526976616c,13483,' Rival'
656c65737469616c,13484,'elestial'
2064697361677265,13485,' disagre'
656e736573,13486,'enses'
20566573706572,13487,' Vesper'
206472756d6d6564,13488,' drummed'
206861636b6572,13489,' hacker'
206f7765,13490,' owe'
2077697463686573,13491,' witches'
6c697368,13492,'lish'
2070756c736174696e67,13493,' pulsating'
204f72696f6e,13494,' Orion'
426c617374,13495,'Blast'
2072616469617465,13496,' radiate'
4772616e64,13497,'Grand'
20676f72696c6c61,13498,' gorilla'
2070657266756d65,13499,' perfume'
67756d,13500,'gum'
206f627363,13501,' obsc'
20476c696d,13502,' Glim'
2063616c63756c61746564,13503,' calculated'
20476c6f6f70,13504,' Gloop'
20677265656e6572,13505,' greener'
546967657273,13506,'Tigers'
2073776f6f7368,13507,' swoosh'
2063616e63656c6564,13508,' canceled'
206163746976697479,13509,' activity'
205761736e,13510,' Wasn'
20646f6f646c6573,13511,' doodles'
2073686f72656c696e65,13512,' shoreline'
2072656173737572696e67,13513,' reassuring'
756c617273,13514,'ulars'
20756e736574,13515,' unset'
2077696e65,13516,' wine'
2064726f6f7079,13517,' droopy'
206c616d656e74,13518,' lament'
756c61,13519,'ula'
20737761726d,13520,' swarm'
20486f757365,13521,' House'
526964646c6573,13522,'Riddles'
626174,13523,'bat'
686577,13524,'hew'
4661696e746c79,13525,'Faintly'
20747269616e676c65,13526,' triangle'
6966746564,13527,'ifted'
207465787473,13528,' texts'
206d61736b696e67,13529,' masking'
204578706c6f72657273,13530,' Explorers'
20504d,13531,' PM'
20737465616c7468,13532,' stealth'
44726177,13533,'Draw'
69706d656e74,13534,'ipment'
20726570616972696e67,13535,' repairing'
20657874656e64696e67,13536,' extending'
20437265616d,13537,' Cream'
20736f7274696e67,13538,' sorting'
2068756d73,13539,' hums'
43686f636f6c617465,13540,'Chocolate'
69636174696e67,13541,'icating'
206d6572676564,13542,' merged'
7472656173757265,13543,'treasure'
20696e7369676874,13544,' insight'
20646f6f646c696e67,13545,' doodling'
616c6b6572,13546,'alker'
207769656c646564,13547,' wielded'
206f62736572766572,13548,' observer'
20616972706c616e6573,13549,' airplanes'
20737072696e6b6c696e67,13550,' sprinkling'
206672656572,13551,' freer'
617272656e,13552,'arren'
62656172,13553,'bear'
207072696e746564,13554,' printed'
206c6f6e6773,13555,' longs'
2047697665,13556,' Give'
2072696d,13557,' rim'
2062656174656e,13558,' beaten'
207768656174,13559,' wheat'
6165,13560,'ae'
446f6c7068,13561,'Dolph'
2067617262,13562,' garb'
2063656c65737469616c,13563,' celestial'
206272616e64,13564,' brand'
2072656b696e646c65,13565,' rekindle'
20617272616e6765,13566,' arrange'
696679696e67,13567,'ifying'
206d6973666f7274,13568,' misfort'
20436f6277656273,13569,' Cobwebs'
506563,13570,'Pec'
527567676564,13571,'Rugged'
6973696573,13572,'isies'
436869636b656e73,13573,'Chickens'
686f7065,13574,'hope'
4f70616c,13575,'Opal'
20706f6f,13576,' poo'
20656d657267656e6379,13577,' emergency'
20726563656e746c79,13578,' recently'
206173746f6e6973686564,13579,' astonished'
206c6f6f6d73,13580,' looms'
2064756d62,13581,' dumb'
20727566666c6564,13582,' ruffled'
207374756d626c696e67,13583,' stumbling'
666976696e67,13584,'fiving'
20616c69676e6564,13585,' aligned'
4d6f726e696e6773,13586,'Mornings'
207570706572,13587,' upper'
206f706572,13588,' oper'
206469737472757374,13589,' distrust'
20756e74616d6564,13590,' untamed'
20736f6170,13591,' soap'
207a6170,13592,' zap'
2073757266657273,13593,' surfers'
456e6368616e74696e67,13594,'Enchanting'
50686577,13595,'Phew'
5072657373,13596,'Press'
207472696d,13597,' trim'
20666c6578,13598,' flex'
6c6f72696f7573,13599,'lorious'
20637564646c6564,13600,' cuddled'
417070726f616368696e67,13601,'Approaching'
44616d70,13602,'Damp'
4177616b65,13603,'Awake'
20736f66,13604,' sof'
20726576696577,13605,' review'
2052616365,13606,' Race'
41737465726f696473,13607,'Asteroids'
2053696c76657273746f6e65,13608,' Silverstone'
204a6962626572,13609,' Jibber'
5370656564,13610,'Speed'
2072657175697265,13611,' require'
20636c616e67,13612,' clang'
2053616e6473,13613,' Sands'
6973686572,13614,'isher'
20666569676e696e67,13615,' feigning'
2073686970777265,13616,' shipwre'
5975636b,13617,'Yuck'
43726f7373696e67,13618,'Crossing'
4c6561726e,13619,'Learn'
204c616e7465726e73,13620,' Lanterns'
436861697273,13621,'Chairs'
206e6577737061706572,13622,' newspaper'
757264,13623,'urd'
207a65,13624,' ze'
20537061726b73,13625,' Sparks'
506563756c696172,13626,'Peculiar'
2065717569706d656e74,13627,' equipment'
205374617266697368,13628,' Starfish'
4d756e64616e65,13629,'Mundane'
20736576656e,13630,' seven'
2077696e646d696c6c,13631,' windmill'
206d7567,13632,' mug'
2073706c6174746572696e67,13633,' splattering'
20737175697368,13634,' squish'
206f6172,13635,' oar'
206e61,13636,' na'
20686561727466656c74,13637,' heartfelt'
204b6e6f77696e67,13638,' Knowing'
206c6f736572,13639,' loser'
50616e69636b696e67,13640,'Panicking'
20566f7961676572,13641,' Voyager'
20657874696e6775,13642,' extingu'
206d6f73746c79,13643,' mostly'
20696e74657276696577,13644,' interview'
20736e65616b657273,13645,' sneakers'
2069676c,13646,' igl'
2062726f74686572686f6f64,13647,' brotherhood'
4d617073,13648,'Maps'
20737572666564,13649,' surfed'
20696e746f78,13650,' intox'
206566666f72746c6573736c79,13651,' effortlessly'
20676e6177696e67,13652,' gnawing'
2073616e64626f78,13653,' sandbox'
205068,13654,' Ph'
206c616d656e746564,13655,' lamented'
20747769746368,13656,' twitch'
4173746f6e697368696e676c79,13657,'Astonishingly'
20646570617274,13658,' depart'
616c77617973,13659,'always'
627572,13660,'bur'
206368657272696573,13661,' cherries'
7578,13662,'ux'
2053616765,13663,' Sage'
20636f6d70617265,13664,' compare'
2073706964657273,13665,' spiders'
2073686f656c61636573,13666,' shoelaces'
206d6f6465726e,13667,' modern'
207368656464696e67,13668,' shedding'
20706175736573,13669,' pauses'
20646566656e7365,13670,' defense'
20696775616e6f646f6e,13671,' iguanodon'
207368726f7564696e67,13672,' shrouding'
20756e74696564,13673,' untied'
4e6f7374616c676963,13674,'Nostalgic'
2073747275637475726564,13675,' structured'
436163747573,13676,'Cactus'
206772756d7069657374,13677,' grumpiest'
20636f696c6564,13678,' coiled'
427562626c79,13679,'Bubbly'
20636f7567686564,13680,' coughed'
20547261646974696f6e73,13681,' Traditions'
75707079,13682,'uppy'
20747265616368657279,13683,' treachery'
206d656e64696e67,13684,' mending'
526962626974,13685,'Ribbit'
20706978656c61746564,13686,' pixelated'
2070726f766964696e67,13687,' providing'
506c6179696e67,13688,'Playing'
20636f6c6c656765,13689,' college'
20627261696e73746f726d696e67,13690,' brainstorming'
4b65656e6c79,13691,'Keenly'
20666c61696c696e67,13692,' flailing'
476f74636861,13693,'Gotcha'
6d61696473,13694,'maids'
2074696e6765,13695,' tinge'
20756e63686172746564,13696,' uncharted'
6d696e64,13697,'mind'
206261736b696e67,13698,' basking'
20636f6e74696e75696e67,13699,' continuing'
206272656174686573,13700,' breathes'
20636f6e636c75646564,13701,' concluded'
20636f6f70657261746564,13702,' cooperated'
2066726574,13703,' fret'
206c6f6e67657374,13704,' longest'
2067617262616765,13705,' garbage'
206472697a7a,13706,' drizz'
776f726c646c79,13707,'worldly'
207065636b6564,13708,' pecked'
2072656a6563746564,13709,' rejected'
41736b,13710,'Ask'
20736e6f72746564,13711,' snorted'
204a756e6f,13712,' Juno'
7669,13713,'vi'
206661726d73,13714,' farms'
20637261646c6564,13715,' cradled'
20736f6661,13716,' sofa'
207a65627261,13717,' zebra'
206578746572,13718,' exter'
204a757069746572,13719,' Jupiter'
2070617573696e67,13720,' pausing'
2069676c6f6f,13721,' igloo'
20746572726974,13722,' territ'
20626f6f7374,13723,' boost'
20636f6e7374656c6c6174696f6e,13724,' constellation'
204a756d70696e67,13725,' Jumping'
20726573696c69656e74,13726,' resilient'
7368616465,13727,'shade'
20666f6e64,13728,' fond'
20756e66616d696c696172,13729,' unfamiliar'
466c617368696e67,13730,'Flashing'
20746167676564,13731,' tagged'
20636f6c6c65637473,13732,' collects'
20736e61726c6564,13733,' snarled'
20636869636b73,13734,' chicks'
686f6c64,13735,'hold'
20737765617479,13736,' sweaty'
737472657463686564,13737,'stretched'
207175696574657374,13738,' quietest'
206f7574737472657463686564,13739,' outstretched'
2054616c,13740,' Tal'
2073776970,13741,' swip'
207061696e7462727573686573,13742,' paintbrushes'
42696379,13743,'Bicy'
436c756d73,13744,'Clums'
2053746f726d79,13745,' Stormy'
6772616e647061,13746,'grandpa'
2062616e697368,13747,' banish'
20706c6f,13748,' plo'
204772616e647061,13749,' Grandpa'
556e62656c6965,13750,'Unbelie'
556e62656c696576,13751,'Unbeliev'
6865726f6573,13752,'heroes'
6f786573,13753,'oxes'
207265766973,13754,' revis'
20616674657277617264,13755,' afterward'
2066696e616c73,13756,' finals'
206a756e676c6573,13757,' jungles'
20646566696e6564,13758,' defined'
207669627261746564,13759,' vibrated'
207065657273,13760,' peers'
496e74656e7365,13761,'Intense'
206772656574696e67,13762,' greeting'
446976696e67,13763,'Diving'
2046697a7a6c65,13764,' Fizzle'
207261696c696e67,13765,' railing'
5377696d,13766,'Swim'
20556e6c696b65,13767,' Unlike'
466f756e64,13768,'Found'
206578616d706c65,13769,' example'
20737461636b73,13770,' stacks'
207065727365,13771,' perse'
2053706972697473,13772,' Spirits'
2073636f6c64,13773,' scold'
206d6f746573,13774,' motes'
2057616c6c73,13775,' Walls'
206c69676874656e696e67,13776,' lightening'
205469726564,13777,' Tired'
6861707079,13778,'happy'
204d61706c65,13779,' Maple'
6964656e746c79,13780,'idently'
4d65727279,13781,'Merry'
7265617468,13782,'reath'
2073686f77646f776e,13783,' showdown'
20707972616d6964,13784,' pyramid'
20747574,13785,' tut'
656e6775,13786,'engu'
2062757a7a6572,13787,' buzzer'
2054696b6f,13788,' Tiko'
20536f636b,13789,' Sock'
204368616c6c656e,13790,' Challen'
2065787072657373696f6e73,13791,' expressions'
20686f6e6b6564,13792,' honked'
20636c6f616b696e67,13793,' cloaking'
57696c646c79,13794,'Wildly'
20636f6e63656e747261746564,13795,' concentrated'
2073686f727463757473,13796,' shortcuts'
6974697a,13797,'itiz'
696e69,13798,'ini'
42617272656e,13799,'Barren'
506c616e6e696e67,13800,'Planning'
20636f62626c6573746f6e65,13801,' cobblestone'
2070617468776179,13802,' pathway'
20636c7573746572,13803,' cluster'
2062696e6f63,13804,' binoc'
206472697665776179,13805,' driveway'
2062696e6f63756c617273,13806,' binoculars'
2056696f6c6574,13807,' Violet'
20477269,13808,' Gri'
5175657374,13809,'Quest'
43757073,13810,'Cups'
20656e76656c6f70696e67,13811,' enveloping'
20747269626573,13812,' tribes'
466c6173686261636b73,13813,'Flashbacks'
206f70706f73696e67,13814,' opposing'
2073717561776b,13815,' squawk'
20657261736572,13816,' eraser'
20696e746f7869636174696e67,13817,' intoxicating'
20476c616465,13818,' Glade'
20696e7374727563746f72,13819,' instructor'
20536861726b,13820,' Shark'
207472756d706574,13821,' trumpet'
20526976616c7279,13822,' Rivalry'
427265617468696e67,13823,'Breathing'
20696e6e696e67,13824,' inning'
20456c617261,13825,' Elara'
207365746261636b,13826,' setback'
2073696e67657273,13827,' singers'
207061636b61676573,13828,' packages'
20756e736574746c696e67,13829,' unsettling'
72656e74686961,13830,'renthia'
206f74686572776f726c646c79,13831,' otherworldly'
206265686176,13832,' behav'
207765616b6e6573736573,13833,' weaknesses'
6765746963,13834,'getic'
206e6f7468696e676e657373,13835,' nothingness'
20526163696e67,13836,' Racing'
207765616b656e,13837,' weaken'
436f6d6574,13838,'Comet'
447261,13839,'Dra'
206d6573736573,13840,' messes'
207361626f74,13841,' sabot'
20736176696f72,13842,' savior'
666f72676f7474656e,13843,'forgotten'
20536f636b73,13844,' Socks'
20736e6966666c6564,13845,' sniffled'
206d697474656e,13846,' mitten'
207465727269746f7279,13847,' territory'
2064756d70,13848,' dump'
206361746170,13849,' catap'
517569726b79,13850,'Quirky'
206361746170756c74,13851,' catapult'
6964676574,13852,'idget'
20756e6465726272757368,13853,' underbrush'
20666f6f74696e67,13854,' footing'
2062726f7773,13855,' brows'
20666c656574,13856,' fleet'
66617368696f6e,13857,'fashion'
20426c6f6f70,13858,' Bloop'
74656e73,13859,'tens'
2042656175746966756c,13860,' Beautiful'
6f73616963,13861,'osaic'
2062656473696465,13862,' bedside'
206672617564,13863,' fraud'
206a657374,13864,' jest'
207361696c626f6174,13865,' sailboat'
2070726f7065726c79,13866,' properly'
617269756d,13867,'arium'
20676f6c656d,13868,' golem'
207769746e6573736573,13869,' witnesses'
20726f617374,13870,' roast'
204f74746572,13871,' Otter'
206166666563746564,13872,' affected'
696363,13873,'icc'
756e61,13874,'una'
20666f6c6b,13875,' folk'
206c6f636b696e67,13876,' locking'
7265616b696e67,13877,'reaking'
205a696d,13878,' Zim'
676f6c64,13879,'gold'
547572746c6573,13880,'Turtles'
2065796562726f7773,13881,' eyebrows'
204672756974,13882,' Fruit'
496e6b79,13883,'Inky'
7572726564,13884,'urred'
20706f6c6c7574696f6e,13885,' pollution'
204578706c6f726572,13886,' Explorer'
20686f6f766573,13887,' hooves'
20536f75,13888,' Sou'
6561726368,13889,'earch'
20726578,13890,' rex'
4d6170,13891,'Map'
70656f706c65,13892,'people'
20636172746f6f6e,13893,' cartoon'
616374657273,13894,'acters'
205368617065,13895,' Shape'
206465616c73,13896,' deals'
206a61636b657473,13897,' jackets'
2077726573746c6564,13898,' wrestled'
20436f6e74,13899,' Cont'
467275697473,13900,'Fruits'
206672616e746963,13901,' frantic'
20526964646c6573,13902,' Riddles'
2050756666,13903,' Puff'
20456779,13904,' Egy'
204567797074,13905,' Egypt'
496e737069726174696f6e,13906,'Inspiration'
616e64656c696f6e,13907,'andelion'
207370616e6e6564,13908,' spanned'
20636861736573,13909,' chases'
2043686173657273,13910,' Chasers'
204a65616c6f757379,13911,' Jealousy'
206f66666572696e6773,13912,' offerings'
206465746563746564,13913,' detected'
206265686f6c64,13914,' behold'
20666c6565696e67,13915,' fleeing'
207375626d6974746564,13916,' submitted'
206d6f6f6e6265616d73,13917,' moonbeams'
206e6f626c656d616e,13918,' nobleman'
2061706f6c6f6779,13919,' apology'
2066697265776f6f64,13920,' firewood'
206c79,13921,' ly'
2064697372757074,13922,' disrupt'
205768616c65,13923,' Whale'
546f77,13924,'Tow'
616e746572,13925,'anter'
2064726177657273,13926,' drawers'
476c6f72696f7573,13927,'Glorious'
205061727479,13928,' Party'
4d616e67,13929,'Mang'
2062617274656e646572,13930,' bartender'
696e6a61,13931,'inja'
20486f70,13932,' Hop'
49736f6c,13933,'Isol'
456e6a6f79,13934,'Enjoy'
5461737465,13935,'Taste'
20636f6e7369646572,13936,' consider'
466f756e7461696e73,13937,'Fountains'
20677265656e657279,13938,' greenery'
2073747261696e6564,13939,' strained'
2070726f73,13940,' pros'
206578746572696f72,13941,' exterior'
206c69636b,13942,' lick'
2075706c,13943,' upl'
7261776c696e67,13944,'rawling'
53706c617368,13945,'Splash'
20766574,13946,' vet'
66617368696f6e6564,13947,'fashioned'
20546f72,13948,' Tor'
436865636b,13949,'Check'
20756e726176656c696e67,13950,' unraveling'
204f6c6c6965,13951,' Ollie'
44616973696573,13952,'Daisies'
20636175,13953,' cau'
206361756c64,13954,' cauld'
2064697367,13955,' disg'
20737570657273746172,13956,' superstar'
207363686f6f6c776f726b,13957,' schoolwork'
20636f6f7065726174696e67,13958,' cooperating'
4f74686572,13959,'Other'
6970686572,13960,'ipher'
46697265776f726b73,13961,'Fireworks'
526f636b6574,13962,'Rocket'
20636c696e67,13963,' cling'
4b616c6569646f7363,13964,'Kaleidosc'
206465636f6465,13965,' decode'
205365656b6572,13966,' Seeker'
20736e6f726b656c696e67,13967,' snorkeling'
206d656d6f7261626c65,13968,' memorable'
20666f696c,13969,' foil'
20537572726f756e646564,13970,' Surrounded'
2043686f636f6c617465,13971,' Chocolate'
20666c79657273,13972,' flyers'
207765656b656e6473,13973,' weekends'
42656c6f77,13974,'Below'
20756e72656164,13975,' unread'
20526163,13976,' Rac'
207175657374696f6e696e67,13977,' questioning'
206265686176696f72,13978,' behavior'
20707572737565,13979,' pursue'
20636f6d706c61696e,13980,' complain'
206d6973666f7274756e65,13981,' misfortune'
20446563657074696f6e,13982,' Deception'
20466c6f7261,13983,' Flora'
756d6573,13984,'umes'
486f72736573,13985,'Horses'
53756e72697365,13986,'Sunrise'
207370726f7574696e67,13987,' sprouting'
4c6f79616c,13988,'Loyal'
46617363696e6174696e67,13989,'Fascinating'
20636974697a,13990,' citiz'
207a697070696e67,13991,' zipping'
69667473,13992,'ifts'
207269766572626564,13993,' riverbed'
20736577,13994,' sew'
20636861696e6564,13995,' chained'
2064726167,13996,' drag'
2064656669616e746c79,13997,' defiantly'
20626162696573,13998,' babies'
50697a7a61,13999,'Pizza'
204d6f74686572,14000,' Mother'
2072656c656e746c657373,14001,' relentless'
2073706f6f6e66756c,14002,' spoonful'
207061737361676573,14003,' passages'
20646f6d65,14004,' dome'
2063757473,14005,' cuts'
20566572656e74686961,14006,' Verenthia'
206861726d6c657373,14007,' harmless'
206a7567676c6572,14008,' juggler'
6f70746572,14009,'opter'
20626c6f62,14010,' blob'
616b656e,14011,'aken'
206e6f7465626f6f6b73,14012,' notebooks'
20737567617279,14013,' sugary'
696e67616c65,14014,'ingale'
206f7074696f6e,14015,' option'
20686f726e73,14016,' horns'
547261646974696f6e73,14017,'Traditions'
20656e766973696f6e696e67,14018,' envisioning'
207469746c6573,14019,' titles'
206172726f67,14020,' arrog'
206269636b6572696e67,14021,' bickering'
20636875726e,14022,' churn'
2054687269,14023,' Thri'
706f7765726564,14024,'powered'
6f746368,14025,'otch'
44697665,14026,'Dive'
646f756274,14027,'doubt'
65737472,14028,'estr'
206c61756e6368696e67,14029,' launching'
204772756d70,14030,' Grump'
20736b6973,14031,' skis'
43617665,14032,'Cave'
20496d6167696e65,14033,' Imagine'
206465636970686572,14034,' decipher'
206e61697665,14035,' naive'
6f6e6961,14036,'onia'
205072696e6365,14037,' Prince'
6b656570657273,14038,'keepers'
467572696f75736c79,14039,'Furiously'
205269646572,14040,' Rider'
207472656173,14041,' treas'
20506f6c6c79,14042,' Polly'
436f,14043,'Co'
56656e74,14044,'Vent'
2070726f6475,14045,' produ'
6265617264,14046,'beard'
20696e74656e74696f6e,14047,' intention'
207261646961746564,14048,' radiated'
207377656c6c73,14049,' swells'
656c616e64,14050,'eland'
204d617274,14051,' Mart'
20446573706572617465,14052,' Desperate'
5375706572,14053,'Super'
20736c69636564,14054,' sliced'
204d6973,14055,' Mis'
2077616e6473,14056,' wands'
20647261696e6564,14057,' drained'
466978,14058,'Fix'
44696e6f7361757273,14059,'Dinosaurs'
20466174686572,14060,' Father'
61747572616c6c79,14061,'aturally'
206261736b6564,14062,' basked'
204d6179,14063,' May'
2074696e69657374,14064,' tiniest'
636174,14065,'cat'
6f70656e,14066,'open'
2046726f737476616c65,14067,' Frostvale'
2070726f7465637473,14068,' protects'
20637275656c6c79,14069,' cruelly'
456c6567616e74,14070,'Elegant'
2062656c6f6e67696e6773,14071,' belongings'
204c6f73696e67,14072,' Losing'
20736c6f77657374,14073,' slowest'
616964,14074,'aid'
6172646564,14075,'arded'
20737465616d696e67,14076,' steaming'
20576f6f64,14077,' Wood'
20696e66696e697465,14078,' infinite'
526f6172,14079,'Roar'
206c6173657273,14080,' lasers'
206d6f636b657279,14081,' mockery'
736f6e,14082,'son'
204c79,14083,' Ly'
20647261696e,14084,' drain'
207377697368,14085,' swish'
204f6e696f6e,14086,' Onion'
20436f6f6b696e67,14087,' Cooking'
696374696f6e,14088,'iction'
446f6c7068696e73,14089,'Dolphins'
20466978,14090,' Fix'
20706163696e67,14091,' pacing'
20686f707363,14092,' hopsc'
20686f7073636f746368,14093,' hopscotch'
206361756c64726f6e,14094,' cauldron'
20636c756d73696e657373,14095,' clumsiness'
206b616c6569646f7363,14096,' kaleidosc'
206861756e7473,14097,' haunts'
206465736f6c617465,14098,' desolate'
616e73666f726d6174696f6e,14099,'ansformation'
20737572666572,14100,' surfer'
207365637572697479,14101,' security'
4f6666,14102,'Off'
2062616b657273,14103,' bakers'
4c616d70,14104,'Lamp'
20696d6d6564696174656c79,14105,' immediately'
2047686f73746c79,14106,' Ghostly'
2073756d6d6f6e696e67,14107,' summoning'
2074686f7567687466756c6c79,14108,' thoughtfully'
20666c61696c6564,14109,' flailed'
207363686564756c65,14110,' schedule'
207461636b6c65,14111,' tackle'
576f726c64,14112,'World'
5761726e696e67,14113,'Warning'
4f6674656e74,14114,'Oftent'
2072687974686d73,14115,' rhythms'
4f6674656e74696d6573,14116,'Oftentimes'
205a616e64,14117,' Zand'
72657373697665,14118,'ressive'
204469736865617274656e6564,14119,' Disheartened'
2073636f7574,14120,' scout'
204a6f6c6c79,14121,' Jolly'
20706c756e6765,14122,' plunge'
20616e78696f75736c79,14123,' anxiously'
20686f6e6b696e67,14124,' honking'
656c616e63686f6c,14125,'elanchol'
2073757370656374,14126,' suspect'
2061776b776172646c79,14127,' awkwardly'
20666c616d696e67,14128,' flaming'
636b6579,14129,'ckey'
20686f636b6579,14130,' hockey'
20626c617a65,14131,' blaze'
206368616e6e656c,14132,' channel'
204a61636b,14133,' Jack'
206f63746f7075736573,14134,' octopuses'
43756e6e696e67,14135,'Cunning'
20626f6d62,14136,' bomb'
20536f7572,14137,' Sour'
207368756e6e6564,14138,' shunned'
2063686172746564,14139,' charted'
20566572,14140,' Ver'
20756e667572,14141,' unfur'
4f76657263617374,14142,'Overcast'
2074726964656e74,14143,' trident'
207065656b73,14144,' peeks'
2063757368696f6e,14145,' cushion'
2068616e646c6562,14146,' handleb'
20667572726f77696e67,14147,' furrowing'
20746f7567686572,14148,' tougher'
207377696d6d657273,14149,' swimmers'
69636b657273,14150,'ickers'
20636f727269646f72,14151,' corridor'
206772616e64736f6e,14152,' grandson'
4d656c6f64696573,14153,'Melodies'
2064656d616e64,14154,' demand'
7072696e7473,14155,'prints'
2070697a7a,14156,' pizz'
207768697272,14157,' whirr'
2053746172627269676874,14158,' Starbright'
75636b73,14159,'ucks'
206e61727261746f72,14160,' narrator'
41727272,14161,'Arrr'
20637563756d626572,14162,' cucumber'
637269,14163,'cri'
20636861727473,14164,' charts'
20776169746572,14165,' waiter'
2053776565746f706961,14166,' Sweetopia'
6f756e636573,14167,'ounces'
20636f756e7465726564,14168,' countered'
206361727269616765,14169,' carriage'
20736b656c,14170,' skel'
536f72726f7766756c,14171,'Sorrowful'
7768656e,14172,'when'
5769747479,14173,'Witty'
20496e74656c6c6967656e6365,14174,' Intelligence'
4e6577,14175,'New'
206d616e65757665726564,14176,' maneuvered'
6c65746f6e,14177,'leton'
2068656c6d657473,14178,' helmets'
6963697479,14179,'icity'
47686f7374,14180,'Ghost'
6573736f72,14181,'essor'
20686f617264696e67,14182,' hoarding'
20636c6177696e67,14183,' clawing'
426574726179,14184,'Betray'
2073776f6f70696e67,14185,' swooping'
20646f776e73747265616d,14186,' downstream'
20646566656e646564,14187,' defended'
20776964656e696e67,14188,' widening'
44616e64656c696f6e73,14189,'Dandelions'
205768696368,14190,' Which'
20636f6f6c6564,14191,' cooled'
20526976657273,14192,' Rivers'
204e696768747368616465,14193,' Nightshade'
20416c69656e73,14194,' Aliens'
6368616e67696e67,14195,'changing'
2046697265776f726b73,14196,' Fireworks'
617374696373,14197,'astics'
6f7269616e,14198,'orian'
656665,14199,'efe'
5269766572,14200,'River'
20686561746564,14201,' heated'
20426f756e6379,14202,' Bouncy'
20546872696c6c6564,14203,' Thrilled'
20747261646572,14204,' trader'
206369646572,14205,' cider'
2073756767657374696e67,14206,' suggesting'
436f6e666964656e746c79,14207,'Confidently'
206e617070696e67,14208,' napping'
20646566656e646572,14209,' defender'
466f6f6c6973686c79,14210,'Foolishly'
2054687573,14211,' Thus'
20736f616b,14212,' soak'
656572,14213,'eer'
55706c,14214,'Upl'
20736b6174657273,14215,' skaters'
54726f70,14216,'Trop'
20726973656e,14217,' risen'
206769726c667269656e64,14218,' girlfriend'
206d6167,14219,' mag'
56696f6c6574,14220,'Violet'
20776569676873,14221,' weighs'
4772617373,14222,'Grass'
20726566757365,14223,' refuse'
2073706c6174,14224,' splat'
20646570656e64696e67,14225,' depending'
206472616d61746963616c6c79,14226,' dramatically'
20646973636f6e6e6563746564,14227,' disconnected'
2074656d706c6573,14228,' temples'
20627261636564,14229,' braced'
547269756d7068616e746c79,14230,'Triumphantly'
2064657369676e696e67,14231,' designing'
65746865726961,14232,'etheria'
20726967687473,14233,' rights'
2072657368,14234,' resh'
2070697a7a6173,14235,' pizzas'
206c6179696e67,14236,' laying'
206469726563746564,14237,' directed'
20706c7567676564,14238,' plugged'
2064656d616e6473,14239,' demands'
20736f6c6f,14240,' solo'
20647269766573,14241,' drives'
206a696767,14242,' jigg'
206b617274,14243,' kart'
4669726573,14244,'Fires'
20496e76697369626c65,14245,' Invisible'
4b6f6f6b79,14246,'Kooky'
20616e74656e,14247,' anten'
20627269676874656e73,14248,' brightens'
686572697368,14249,'herish'
2077726974696e6773,14250,' writings'
2074656e7461636c65,14251,' tentacle'
2073746f72616765,14252,' storage'
20657468657265,14253,' ethere'
626f756e64,14254,'bound'
204d6972,14255,' Mir'
2063726173686573,14256,' crashes'
7370697265,14257,'spire'
204a656c6c796265616e,14258,' Jellybean'
20617070726563696174696f6e,14259,' appreciation'
20696e7465726e,14260,' intern'
20696e74657272757074,14261,' interrupt'
436865657273,14262,'Cheers'
206c696d62,14263,' limb'
2073756e626174,14264,' sunbat'
62656b6e6f776e,14265,'beknown'
2042726967687476696c6c65,14266,' Brightville'
20546f756368696e67,14267,' Touching'
62656b6e6f776e7374,14268,'beknownst'
20706f73746564,14269,' posted'
697269,14270,'iri'
206d79746873,14271,' myths'
6c65616d696e67,14272,'leaming'
207061636b73,14273,' packs'
20636f7079696e67,14274,' copying'
2053756d6d6f6e696e67,14275,' Summoning'
2074696e6b6c696e67,14276,' tinkling'
206469736f72,14277,' disor'
6162696573,14278,'abies'
2046756e6c616e64,14279,' Funland'
206d656f77696e67,14280,' meowing'
20637563756d62657273,14281,' cucumbers'
206d61676e6574,14282,' magnet'
20657468657265616c,14283,' ethereal'
20736861726b73,14284,' sharks'
6d697468,14285,'mith'
68617070,14286,'happ'
20447265616d776f6f64,14287,' Dreamwood'
2043726577,14288,' Crew'
20726f766572,14289,' rover'
20736f7274,14290,' sort'
7665726e73,14291,'verns'
436c6f73696e67,14292,'Closing'
2044726573736564,14293,' Dressed'
2063616c656e64,14294,' calend'
206c616e646d61726b,14295,' landmark'
2057696e6473,14296,' Winds'
2073757270726973696e676c79,14297,' surprisingly'
50756c6c,14298,'Pull'
2043656c6562726174696e67,14299,' Celebrating'
204c6561726e,14300,' Learn'
204d6f6f6e6c6974,14301,' Moonlit'
204165746865726961,14302,' Aetheria'
20636c617373726f6f6d73,14303,' classrooms'
205061676573,14304,' Pages'
20686f6f7473,14305,' hoots'
20436865657365,14306,' Cheese'
20756e636f6d666f7274,14307,' uncomfort'
2063686577696e67,14308,' chewing'
207265617070656172,14309,' reappear'
20466f6f74,14310,' Foot'
4e61747572616c6c79,14311,'Naturally'
20626174746c6567726f756e64,14312,' battleground'
207075626c6973686564,14313,' published'
2068616d6d6572696e67,14314,' hammering'
6f7264696e67,14315,'ording'
20416c6c69616e6365,14316,' Alliance'
206261747465726564,14317,' battered'
61696c73,14318,'ails'
2064756574,14319,' duet'
20496c6c,14320,' Ill'
20636c696e6b,14321,' clink'
20416761696e,14322,' Again'
20766f79,14323,' voy'
20636f6d6d6974,14324,' commit'
20626c696e646c79,14325,' blindly'
20636c69636b696e67,14326,' clicking'
756d626f,14327,'umbo'
205652,14328,' VR'
7963,14329,'yc'
206167656e64,14330,' agend'
2070617474696e67,14331,' patting'
496e64656564,14332,'Indeed'
556d6272656c6c,14333,'Umbrell'
2068617264656e6564,14334,' hardened'
2048756e74,14335,' Hunt'
205a6f726178,14336,' Zorax'
20776869736b657273,14337,' whiskers'
6963746f7279,14338,'ictory'
7472757374,14339,'trust'
2057686574686572,14340,' Whether'
6173617572,14341,'asaur'
2052656c756374616e746c79,14342,' Reluctantly'
6c69636f70746572,14343,'licopter'
2068656c69636f70746572,14344,' helicopter'
69666963616e74,14345,'ificant'
656c6f726961,14346,'eloria'
66666963,14347,'ffic'
2067796d6e617374696373,14348,' gymnastics'
61636b736d697468,14349,'acksmith'
427269736b6c79,14350,'Briskly'
2063616c656e646172,14351,' calendar'
2066726574746564,14352,' fretted'
20766172,14353,' var'
53696d706c65,14354,'Simple'
4173746f756e64696e67,14355,'Astounding'
20706c6f70706564,14356,' plopped'
537572726f756e646564,14357,'Surrounded'
2068616e646c6562617273,14358,' handlebars'
72616c,14359,'ral'
204c6f6c6c6970,14360,' Lollip'
205065616365,14361,' Peace'
207468756e646572636c,14362,' thundercl'
4b6579,14363,'Key'
45766572797768657265,14364,'Everywhere'
50696c6c,14365,'Pill'
20627275,14366,' bru'
204c6f76657273,14367,' Lovers'
6269726473,14368,'birds'
205365656b,14369,' Seek'
65726173,14370,'eras'
496e73,14371,'Ins'
205765656b73,14372,' Weeks'
20646570617274757265,14373,' departure'
4d75646479,14374,'Muddy'
2061636375736564,14375,' accused'
7973746572,14376,'yster'
2061776172646564,14377,' awarded'
20556e6465746572726564,14378,' Undeterred'
20706f6f726c79,14379,' poorly'
204e6f78,14380,' Nox'
206c7578,14381,' lux'
437564646c79,14382,'Cuddly'
206465636c6172696e67,14383,' declaring'
20477265,14384,' Gre'
2067726f756e64696e67,14385,' grounding'
686f75736573,14386,'houses'
206d6f73616963,14387,' mosaic'
697a6f6e73,14388,'izons'
20616e676c65,14389,' angle'
207075727365,14390,' purse'
207375727665,14391,' surve'
20416363,14392,' Acc'
2073687574746c65,14393,' shuttle'
20436875636b6c6573,14394,' Chuckles'
69667479,14395,'ifty'
20636f6c6f72696e67,14396,' coloring'
2073717565616b73,14397,' squeaks'
2064616e64656c696f6e,14398,' dandelion'
2043726162,14399,' Crab'
2073697a7a,14400,' sizz'
2074687564646564,14401,' thudded'
456d62,14402,'Emb'
20736561686f72736573,14403,' seahorses'
7265657a65,14404,'reeze'
205665696c,14405,' Veil'
206772617065,14406,' grape'
207761696c6564,14407,' wailed'
2057697468696e,14408,' Within'
20496e6e6f766174696f6e,14409,' Innovation'
206b6e6f636b73,14410,' knocks'
207072616973696e67,14411,' praising'
20686162697473,14412,' habits'
20706c616e6b73,14413,' planks'
2070696c6f7473,14414,' pilots'
206561726e696e67,14415,' earning'
206e6f6e73656e7365,14416,' nonsense'
2072656c6973686564,14417,' relished'
206c696c696573,14418,' lilies'
20706169726564,14419,' paired'
20736e61696c73,14420,' snails'
707265,14421,'pre'
20437564646c6573,14422,' Cuddles'
20657261,14423,' era'
206e6f6f646c65,14424,' noodle'
576f6f6473,14425,'Woods'
205468696e6b6572,14426,' Thinker'
6f6e666c6963746564,14427,'onflicted'
20726f636b736c696465,14428,' rockslide'
496e74656c6c6967656e6365,14429,'Intelligence'
20696e66696c74,14430,' infilt'
207465656e,14431,' teen'
5265616c697a6174696f6e,14432,'Realization'
6967616e746963,14433,'igantic'
20637261646c696e67,14434,' cradling'
6f7265766572,14435,'orever'
796c73,14436,'yls'
7465726f64616374796c73,14437,'terodactyls'
5361646e657373,14438,'Sadness'
417766756c,14439,'Awful'
20627261766564,14440,' braved'
616469,14441,'adi'
6f756e74696e67,14442,'ounting'
476c65616d696e67,14443,'Gleaming'
206c616d,14444,' lam'
71756573,14445,'ques'
2063686f6b6564,14446,' choked'
20736974756174696f6e73,14447,' situations'
205069786965,14448,' Pixie'
207371756973686564,14449,' squished'
6574616c73,14450,'etals'
20646566656174696e67,14451,' defeating'
20646f6f6d6564,14452,' doomed'
2043617473,14453,' Cats'
207472796f757473,14454,' tryouts'
2063686f7070696e67,14455,' chopping'
20736572766573,14456,' serves'
20656c656d656e7473,14457,' elements'
207072657474696572,14458,' prettier'
77697365,14459,'wise'
20726576656c6174696f6e,14460,' revelation'
2072656c756374616e746c79,14461,' reluctantly'
206472756d6d696e67,14462,' drumming'
206c7578757279,14463,' luxury'
526567726574,14464,'Regret'
20436c696d62,14465,' Climb'
43616b6573,14466,'Cakes'
7472656174696e67,14467,'treating'
20447265616d776561766572,14468,' Dreamweaver'
20477569646564,14469,' Guided'
20576869726c,14470,' Whirl'
207065636b696e67,14471,' pecking'
20656c656374726963697479,14472,' electricity'
4561676c6573,14473,'Eagles'
204d656d62657273,14474,' Members'
206e757a7a,14475,' nuzz'
2062726f6f6d737469636b,14476,' broomstick'
207377656570696e67,14477,' sweeping'
787967,14478,'xyg'
204170,14479,' Ap'
6d697373696f6e,14480,'mission'
787967656e,14481,'xygen'
20666c7573686564,14482,' flushed'
20726970706c696e67,14483,' rippling'
46616e636966756c,14484,'Fanciful'
7079,14485,'py'
2073636176656e,14486,' scaven'
2064697361677265656d656e74,14487,' disagreement'
66696e6973686564,14488,'finished'
206e6561746e657373,14489,' neatness'
637461676f6e,14490,'ctagon'
796e,14491,'yn'
2073746162696c697a65,14492,' stabilize'
20726964657273,14493,' riders'
20626f7265646f6d,14494,' boredom'
2074656d70,14495,' temp'
204d61676963616c,14496,' Magical'
2073617469736679696e67,14497,' satisfying'
2075707761726473,14498,' upwards'
207265637963,14499,' recyc'
4a756d7079,14500,'Jumpy'
48696465,14501,'Hide'
756d6d696573,14502,'ummies'
206c6f6f73656e,14503,' loosen'
206865656c73,14504,' heels'
726f6c,14505,'rol'
205265616c6c79,14506,' Really'
20436c65766572,14507,' Clever'
2063617665726e73,14508,' caverns'
76656e74696f6e,14509,'vention'
457868617573746564,14510,'Exhausted'
206279676f6e65,14511,' bygone'
757373,14512,'uss'
204d797374,14513,' Myst'
2057696e6479,14514,' Windy'
20706164646c6573,14515,' paddles'
46726167696c65,14516,'Fragile'
20636f6d6d756e696361746564,14517,' communicated'
20436f6e736369656e6365,14518,' Conscience'
2043686172616374657273,14519,' Characters'
616e6761726f6f,14520,'angaroo'
20466f72676976656e657373,14521,' Forgiveness'
204d697374776f6f64,14522,' Mistwood'
20696e64696361746564,14523,' indicated'
20637572736573,14524,' curses'
2071756972,14525,' quir'
647265616d73,14526,'dreams'
20696e686162,14527,' inhab'
20466f6c6b,14528,' Folk'
206561736564,14529,' eased'
4d6d6d,14530,'Mmm'
536561726368,14531,'Search'
416c69656e73,14532,'Aliens'
206964,14533,' id'
69726c79,14534,'irly'
206d657272696572,14535,' merrier'
20646566656e64657273,14536,' defenders'
4d6f75726e66756c6c79,14537,'Mournfully'
2073756e64,14538,' sund'
53756d6d6f6e696e67,14539,'Summoning'
20426f747479,14540,' Botty'
20526f7365,14541,' Rose'
20636c6f7468696e67,14542,' clothing'
206477656c6c,14543,' dwell'
536e65616b696e67,14544,'Sneaking'
20736b656c6574,14545,' skelet'
206469736d697373696e67,14546,' dismissing'
206c696d6273,14547,' limbs'
205769746368,14548,' Witch'
2074656d70657374,14549,' tempest'
2064656d6f6e73,14550,' demons'
20686f72697a6f6e73,14551,' horizons'
206c617073,14552,' laps'
207377756d,14553,' swum'
4f626c6976696f7573,14554,'Oblivious'
2077686f6f73,14555,' whoos'
206175646974696f6e,14556,' audition'
6f6e6d656e74,14557,'onment'
43686f6f73696e67,14558,'Choosing'
20486f75736573,14559,' Houses'
20676f6f646e69676874,14560,' goodnight'
2062616e6461676564,14561,' bandaged'
6461726b,14562,'dark'
20736f676779,14563,' soggy'
206375726c73,14564,' curls'
206465616c6572,14565,' dealer'
496e74726967,14566,'Intrig'
207265737473,14567,' rests'
207265636974616c,14568,' recital'
20736f756e646c79,14569,' soundly'
4b69636b696e67,14570,'Kicking'
20416363657074616e6365,14571,' Acceptance'
656c696e657373,14572,'eliness'
6f6e656c696e657373,14573,'oneliness'
20476164676574,14574,' Gadget'
20736f6f746865,14575,' soothe'
20776f7274686c657373,14576,' worthless'
206a696e676c696e67,14577,' jingling'
20636c616e,14578,' clan'
6b6e6f77696e676c79,14579,'knowingly'
63746f7273,14580,'ctors'
204d73,14581,' Ms'
2065796564,14582,' eyed'
20456d657267696e67,14583,' Emerging'
205a6564,14584,' Zed'
20696e73637269,14585,' inscri'
706f7374,14586,'post'
446f756274,14587,'Doubt'
616e646f6d,14588,'andom'
2074696e676c6564,14589,' tingled'
456e7468,14590,'Enth'
4f76656e,14591,'Oven'
6e656d,14592,'nem'
20686f766572636172,14593,' hovercar'
20707972616d696473,14594,' pyramids'
20736f757468,14595,' south'
616e63616b6573,14596,'ancakes'
646f67,14597,'dog'
206f63637572726564,14598,' occurred'
20617263686974,14599,' archit'
556e62656c69657661626c79,14600,'Unbelievably'
696e64696e67,14601,'inding'
66666c65,14602,'ffle'
53756e73,14603,'Suns'
2072656c6179,14604,' relay'
4861726d6f6e79,14605,'Harmony'
477261636566756c,14606,'Graceful'
2070616e7473,14607,' pants'
5477696e6b6c65,14608,'Twinkle'
6f75726e6579,14609,'ourney'
6772616e64706172656e7473,14610,'grandparents'
5469676874,14611,'Tight'
4964656173,14612,'Ideas'
2047616d6573,14613,' Games'
2072616773,14614,' rags'
2074696c7473,14615,' tilts'
20756e7761766572696e67,14616,' unwavering'
207768697070696e67,14617,' whipping'
2064656c6179,14618,' delay'
206368616c696365,14619,' chalice'
2070696773,14620,' pigs'
204a756d626f,14621,' Jumbo'
207368656c7465726564,14622,' sheltered'
20636f7762,14623,' cowb'
576f62626c79,14624,'Wobbly'
20686f626279,14625,' hobby'
20616c6c6f7773,14626,' allows'
20666f726b73,14627,' forks'
20506972617465,14628,' Pirate'
20747265617375726564,14629,' treasured'
2073717565616b696e67,14630,' squeaking'
20666f6f7466616c6c,14631,' footfall'
206361736361646564,14632,' cascaded'
537061726b79,14633,'Sparky'
4c696674,14634,'Lift'
20506965,14635,' Pie'
206c6f756e676564,14636,' lounged'
20627269656663617365,14637,' briefcase'
6164696174696e67,14638,'adiating'
526164696174696e67,14639,'Radiating'
20746f706963,14640,' topic'
2061776f6b656e,14641,' awoken'
204d616b696e67,14642,' Making'
4c616e7465726e,14643,'Lantern'
207477696e,14644,' twin'
6d617468,14645,'math'
206361727473,14646,' carts'
206272696465,14647,' bride'
5472756c79,14648,'Truly'
20657870616e64,14649,' expand'
206772756666,14650,' gruff'
4d6f7374,14651,'Most'
206c6f636b657273,14652,' lockers'
2046617363696e61746564,14653,' Fascinated'
2073616e6473746f726d,14654,' sandstorm'
2074726166666963,14655,' traffic'
207265656c,14656,' reel'
2065786563,14657,' exec'
204e656f6e,14658,' Neon'
2073616c747761746572,14659,' saltwater'
2063616d65726173,14660,' cameras'
20436f6f6b696573,14661,' Cookies'
206772696d65,14662,' grime'
20626c656e646572,14663,' blender'
207469746c6564,14664,' titled'
20776178,14665,' wax'
2063686f636f6c61746573,14666,' chocolates'
20636f6e67726174756c61746564,14667,' congratulated'
206265657073,14668,' beeps'
2070617373696f6e6174656c79,14669,' passionately'
204c656164,14670,' Lead'
2061636b6e6f776c656467696e67,14671,' acknowledging'
48617a65,14672,'Haze'
57616e6473,14673,'Wands'
205375727072697365,14674,' Surprise'
6e65636b6564,14675,'necked'
20636f6e7465737473,14676,' contests'
206469736b,14677,' disk'
536972,14678,'Sir'
206661776e,14679,' fawn'
20417070726f616368696e67,14680,' Approaching'
2072657365617263686564,14681,' researched'
2073756e62617468696e67,14682,' sunbathing'
7265657473,14683,'reets'
20636974697a656e73,14684,' citizens'
20546869636b,14685,' Thick'
42656c6f6e67696e67,14686,'Belonging'
205175657374696f6e73,14687,' Questions'
2063726576696365,14688,' crevice'
2066726167696c697479,14689,' fragility'
2072616e646f6d,14690,' random'
617661,14691,'ava'
20756e7265616461626c65,14692,' unreadable'
5368696e696e67,14693,'Shining'
20636c61747465726564,14694,' clattered'
447265617279,14695,'Dreary'
204b726565,14696,' Kree'
6d6572676564,14697,'merged'
746f676574686572,14698,'together'
206361637469,14699,' cacti'
206d6f74696f6e6564,14700,' motioned'
6965636573,14701,'ieces'
206861626974,14702,' habit'
20636c61696d73,14703,' claims'
206c61736572,14704,' laser'
20696e697469616c73,14705,' initials'
2064656c766564,14706,' delved'
20686f7374696e67,14707,' hosting'
20626c61636b736d697468,14708,' blacksmith'
4c61756768696e67,14709,'Laughing'
20636869706d,14710,' chipm'
2073746966,14711,' stif'
61746f736175727573,14712,'atosaurus'
20546f756368,14713,' Touch'
20706f736974696f6e73,14714,' positions'
42696379636c6573,14715,'Bicycles'
205465727261,14716,' Terra'
2077657374,14717,' west'
6c69657374,14718,'liest'
205465,14719,' Te'
20476c6f72,14720,' Glor'
20616c6c69616e6365,14721,' alliance'
436c756d73696c79,14722,'Clumsily'
20646973686f6e65737479,14723,' dishonesty'
2050726f746563746f7273,14724,' Protectors'
54656e,14725,'Ten'
206f7267616e73,14726,' organs'
657272696573,14727,'erries'
2061667465726d617468,14728,' aftermath'
206661726d696e67,14729,' farming'
2070656173,14730,' peas'
20726567726574746564,14731,' regretted'
2053616e6479,14732,' Sandy'
726f636b6574,14733,'rocket'
656e73697665,14734,'ensive'
7468696e6b,14735,'think'
20616972706f7274,14736,' airport'
2073686f7665,14737,' shove'
6c6965,14738,'lie'
20636f727269646f7273,14739,' corridors'
776f6d616e,14740,'woman'
2065666665637473,14741,' effects'
20436f6465,14742,' Code'
206c6f676963616c6c79,14743,' logically'
686f6473,14744,'hods'
206d6574686f6473,14745,' methods'
2042616e616e61,14746,' Banana'
206b616c6569646f73636f7065,14747,' kaleidoscope'
20736869656c64696e67,14748,' shielding'
6d61676963,14749,'magic'
206461776e696e67,14750,' dawning'
20466577,14751,' Few'
2057616b696e67,14752,' Waking'
20756d,14753,' um'
4472656164,14754,'Dread'
20696e68616c6564,14755,' inhaled'
20667261676d656e74,14756,' fragment'
205465646479,14757,' Teddy'
76696272616e74,14758,'vibrant'
20616e6e6f79616e6365,14759,' annoyance'
20717561727265,14760,' quarre'
7569736573,14761,'uises'
207175696c7473,14762,' quilts'
6172656c79,14763,'arely'
62696c65,14764,'bile'
20666169726c79,14765,' fairly'
4361726566756c,14766,'Careful'
20477265656e73746f6e65,14767,' Greenstone'
20626561766572,14768,' beaver'
6f6c766573,14769,'olves'
4e6f697379,14770,'Noisy'
20666f7262,14771,' forb'
206c617773,14772,' laws'
626563,14773,'bec'
656f6e73,14774,'eons'
206174686c65746573,14775,' athletes'
4861737479,14776,'Hasty'
206d6973706c,14777,' mispl'
2067617264656e657273,14778,' gardeners'
206d616e616765,14779,' manage'
466c6173686573,14780,'Flashes'
69726f6e6d656e74,14781,'ironment'
205768617465766572,14782,' Whatever'
20656e7669726f6e6d656e74,14783,' environment'
4f72616e676573,14784,'Oranges'
20636f6d706c696d656e746564,14785,' complimented'
206d756c7469706c696573,14786,' multiplies'
476f696e67,14787,'Going'
2074696c6573,14788,' tiles'
20676f62626c6564,14789,' gobbled'
2065766964656e74,14790,' evident'
4368616c6c656e,14791,'Challen'
4375726c79,14792,'Curly'
436c657665726c79,14793,'Cleverly'
204163726f7373,14794,' Across'
20616e616c79,14795,' analy'
20626f756e64696e67,14796,' bounding'
206d756e64616e65,14797,' mundane'
4465616c,14798,'Deal'
6b6f,14799,'ko'
20726569676e697465,14800,' reignite'
20736973746572686f6f64,14801,' sisterhood'
205a6f72617468,14802,' Zorath'
4372797374616c73,14803,'Crystals'
207065726368,14804,' perch'
20636f6e74656e7473,14805,' contents'
426c61636b,14806,'Black'
2074686177,14807,' thaw'
20466c6170,14808,' Flap'
657379,14809,'esy'
206272657773,14810,' brews'
4c6561726e696e67,14811,'Learning'
43726f7563686564,14812,'Crouched'
6573747275636b,14813,'estruck'
20686973746f7269616e,14814,' historian'
20686174726564,14815,' hatred'
20706f676f,14816,' pogo'
476c6f6f6d696c79,14817,'Gloomily'
6f75726564,14818,'oured'
757375616c6c79,14819,'usually'
47686f737473,14820,'Ghosts'
656566,14821,'eef'
20436f6c6f726c616e64,14822,' Colorland'
207370656c6c696e67,14823,' spelling'
206772696c6c6564,14824,' grilled'
2073757267696e67,14825,' surging'
206c6162656c,14826,' label'
20766f6c756e7465657273,14827,' volunteers'
6f6c69617468,14828,'oliath'
2073756c,14829,' sul'
49736f6c61746564,14830,'Isolated'
2053696c766572776f6f64,14831,' Silverwood'
20676c697374656e,14832,' glisten'
206d616c6c,14833,' mall'
20737061726b6c657273,14834,' sparklers'
20576174657273,14835,' Waters'
2057696c64,14836,' Wild'
20726567756c61726c79,14837,' regularly'
206d6167617a,14838,' magaz'
63617463686572,14839,'catcher'
20747269636b6c6564,14840,' trickled'
2044616e63657273,14841,' Dancers'
2061726368696e67,14842,' arching'
2042616e64,14843,' Band'
547261636b73,14844,'Tracks'
2073656c666c6573736e657373,14845,' selflessness'
2064657365727473,14846,' deserts'
75746564,14847,'uted'
206361726f6c,14848,' carol'
20466f756e7461696e,14849,' Fountain'
205468696e6773,14850,' Things'
56656e747572696e67,14851,'Venturing'
72616e6e,14852,'rann'
72616e6e6f736175727573,14853,'rannosaurus'
205368696e65,14854,' Shine'
20617263686974656374,14855,' architect'
206368616c6b626f617264,14856,' chalkboard'
53746172696e67,14857,'Staring'
20717569726b73,14858,' quirks'
2067726176656c,14859,' gravel'
4665617266756c,14860,'Fearful'
20696369636c6573,14861,' icicles'
5761636b79,14862,'Wacky'
75697479,14863,'uity'
707479,14864,'pty'
205061636b696e67,14865,' Packing'
20626172626563,14866,' barbec'
2053616665,14867,' Safe'
2072616e6b73,14868,' ranks'
20696e74657276656e,14869,' interven'
20736372617463686573,14870,' scratches'
206669676874657273,14871,' fighters'
206f62736375726564,14872,' obscured'
207374727574746564,14873,' strutted'
20747269636b7374657273,14874,' tricksters'
20766f6c756e74656572,14875,' volunteer'
69637473,14876,'icts'
2073776f726e,14877,' sworn'
7363,14878,'sc'
2063726561746f7273,14879,' creators'
20746872696674,14880,' thrift'
205465616368,14881,' Teach'
205768697a,14882,' Whiz'
20617373656d62,14883,' assemb'
5a6f6f6d,14884,'Zoom'
2077726573746c696e67,14885,' wrestling'
2041727469737473,14886,' Artists'
2073717569736879,14887,' squishy'
204775696c74,14888,' Guilt'
437261,14889,'Cra'
20436c65616e426f74,14890,' CleanBot'
207265706179,14891,' repay'
204a6577656c,14892,' Jewel'
6c616e6473,14893,'lands'
436f756e74,14894,'Count'
6461696e,14895,'dain'
2064756d7073746572,14896,' dumpster'
206469736461696e,14897,' disdain'
206e657773706170657273,14898,' newspapers'
78706c,14899,'xpl'
2072656c6174696f6e7368697073,14900,' relationships'
206167656e6461,14901,' agenda'
20636865636b73,14902,' checks'
20706173736572,14903,' passer'
20636174657270696c6c617273,14904,' caterpillars'
20706f6c6c656e,14905,' pollen'
20666569676e6564,14906,' feigned'
6f6c6b61,14907,'olka'
796564,14908,'yed'
206b6e6974,14909,' knit'
496e6e6f766174696f6e,14910,'Innovation'
206d6973706c61636564,14911,' misplaced'
20727567676564,14912,' rugged'
2074757475,14913,' tutu'
6c6f636b,14914,'lock'
205069637475726573,14915,' Pictures'
20756e6966,14916,' unif'
20706172726f7473,14917,' parrots'
20707265636973696f6e,14918,' precision'
20747769737479,14919,' twisty'
4c756e61,14920,'Luna'
73746f72696573,14921,'stories'
72616765,14922,'rage'
206178,14923,' ax'
204d696e69,14924,' Mini'
20687562,14925,' hub'
69746368696e67,14926,'itching'
4d697363686965766f7573,14927,'Mischievous'
204c6f6f,14928,' Loo'
526f6f7473,14929,'Roots'
206d69736c656164,14930,' mislead'
206375727665,14931,' curve'
54726f706963616c,14932,'Tropical'
667573,14933,'fus'
206c697374656e6572,14934,' listener'
205468696e6b657273,14935,' Thinkers'
206c79726963,14936,' lyric'
20656572696c79,14937,' eerily'
20536c696d79,14938,' Slimy'
20736c616d6d696e67,14939,' slamming'
2073746167,14940,' stag'
66697665,14941,'five'
617a6572,14942,'azer'
2062616e697368696e67,14943,' banishing'
20756e65787065637465646c79,14944,' unexpectedly'
207175617272656c6564,14945,' quarreled'
676f657273,14946,'goers'
2077656c6c6564,14947,' welled'
2070696e617461,14948,' pinata'
2073776170,14949,' swap'
207261646172,14950,' radar'
2070656e6e79,14951,' penny'
617374657273,14952,'asters'
207468756e646572636c6170,14953,' thunderclap'
2070616e746564,14954,' panted'
20536962,14955,' Sib'
2056657370657261,14956,' Vespera'
206d65646965,14957,' medie'
206d6564696576616c,14958,' medieval'
2072657365617263686572,14959,' researcher'
20706c6f7473,14960,' plots'
205477696e6b,14961,' Twink'
206372757374,14962,' crust'
616c6163746963,14963,'alactic'
207479706573,14964,' types'
20756e646572776f726c64,14965,' underworld'
206f766572666c6f77696e67,14966,' overflowing'
20736c6f7468,14967,' sloth'
436c6561726c79,14968,'Clearly'
5365656473,14969,'Seeds'
20626577696c64,14970,' bewild'
2065616765726e657373,14971,' eagerness'
206272616767696e67,14972,' bragging'
6f6e74616e65,14973,'ontane'
6f7461746f,14974,'otato'
20436861726c6965,14975,' Charlie'
746573,14976,'tes'
207374656d73,14977,' stems'
207363726962626c6573,14978,' scribbles'
207269736b6564,14979,' risked'
6166666573,14980,'affes'
6b696e646e657373,14981,'kindness'
6f6964,14982,'oid'
206f757464,14983,' outd'
20736c617465,14984,' slate'
20696e74657276656e65,14985,' intervene'
20636f6e73756d696e67,14986,' consuming'
207065726d697373696f6e,14987,' permission'
20736872756773,14988,' shrugs'
206f62736572766174,14989,' observat'
757369,14990,'usi'
7374696e67,14991,'sting'
206665656473,14992,' feeds'
20536e617463686572,14993,' Snatcher'
20676f776e73,14994,' gowns'
7679,14995,'vy'
206d616b657273,14996,' makers'
20706f696e746c657373,14997,' pointless'
6f6c6f70,14998,'olop'
206162756e64,14999,' abund'
205368696d6d6572696e67,15000,' Shimmering'
656c616e63686f6c6963,15001,'elancholic'
20736f6f74686564,15002,' soothed'
206e65636b73,15003,' necks'
6f6c6f70687573,15004,'olophus'
61736175726f6c6f70687573,15005,'asaurolophus'
50726574,15006,'Pret'
2064656e79,15007,' deny'
207175617274,15008,' quart'
6661636573,15009,'faces'
537175697272656c,15010,'Squirrel'
207269636b657479,15011,' rickety'
47726f777468,15012,'Growth'
2073656e646572,15013,' sender'
206d617070696e67,15014,' mapping'
204c65617665,15015,' Leave'
68656d,15016,'hem'
206769726166666573,15017,' giraffes'
207072696e636573,15018,' princes'
206f7468657277697365,15019,' otherwise'
207261676573,15020,' rages'
20746f6d6273746f6e6573,15021,' tombstones'
20746f757269737473,15022,' tourists'
2064696365,15023,' dice'
206e69676874696e67616c65,15024,' nightingale'
207472656164,15025,' tread'
20537175697272656c73,15026,' Squirrels'
206465636569766572,15027,' deceiver'
20536b756c6c,15028,' Skull'
6f6e67726174756c6174696f6e73,15029,'ongratulations'
205a617261,15030,' Zara'
20537072697465,15031,' Sprite'
20476f6c69617468,15032,' Goliath'
20636869706d756e6b,15033,' chipmunk'
20547572626f,15034,' Turbo'
2063616d656c,15035,' camel'
20636f64696e67,15036,' coding'
20726566726573686564,15037,' refreshed'
6963617465,15038,'icate'
206d696e696f6e73,15039,' minions'
2074616e67,15040,' tang'
20657870657269656e63696e67,15041,' experiencing'
4f7665727768656c6d696e67,15042,'Overwhelming'
7374726f6e67,15043,'strong'
6c7973,15044,'lys'
207374696666,15045,' stiff'
2072657669736974,15046,' revisit'
7567676c696e67,15047,'uggling'
496e6e6f63656e6365,15048,'Innocence'
2070756e6973686d656e74,15049,' punishment'
466163696e67,15050,'Facing'
2067726164,15051,' grad'
20746972696e67,15052,' tiring'
206d61726b6572,15053,' marker'
205772697465,15054,' Write'
2059657469,15055,' Yeti'
657373696f6e73,15056,'essions'
2073657373696f6e73,15057,' sessions'
696374696e67,15058,'icting'
206c6f6f74,15059,' loot'
20756e6368616e676564,15060,' unchanged'
20657874696e67756973686564,15061,' extinguished'
20436c6f77,15062,' Clow'
20536f756e6473,15063,' Sounds'
2066697a7a79,15064,' fizzy'
62726f6f6b,15065,'brook'
2065617274687175,15066,' earthqu'
205374617274,15067,' Start'
20626577696c6465726564,15068,' bewildered'
496c6c7573696f6e73,15069,'Illusions'
207375726661636573,15070,' surfaces'
2053706f6f6e,15071,' Spoon'
20457965,15072,' Eye'
2073686170657368,15073,' shapesh'
20626f6e64696e67,15074,' bonding'
20736861706573686966746572,15075,' shapeshifter'
20506174,15076,' Pat'
207061796261636b,15077,' payback'
206f757472756e,15078,' outrun'
517561696e74,15079,'Quaint'
20726174746c696e67,15080,' rattling'
2073637275,15081,' scru'
20736c6565766573,15082,' sleeves'
204272696e676572,15083,' Bringer'
206472616d61,15084,' drama'
206472656e6368696e67,15085,' drenching'
617a61,15086,'aza'
20756e7265616c,15087,' unreal'
206f627365727661746f7279,15088,' observatory'
2064756e65,15089,' dune'
20636f6e6a,15090,' conj'
65746879,15091,'ethy'
207477696e6b6c6573,15092,' twinkles'
536d6f6b65,15093,'Smoke'
44697a7a79,15094,'Dizzy'
206b6e6561646564,15095,' kneaded'
2070726f73706572,15096,' prosper'
206d616e6970756c617465,15097,' manipulate'
72657465,15098,'rete'
2066757373,15099,' fuss'
20696e736563,15100,' insec'
207061737365726279,15101,' passerby'
72616b656e,15102,'raken'
207469636b6c6573,15103,' tickles'
4b696e67,15104,'King'
205a696c,15105,' Zil'
20726573656d62,15106,' resemb'
206e6f746570,15107,' notep'
696469616e,15108,'idian'
2070696c6c6172,15109,' pillar'
20646973686f6e657374,15110,' dishonest'
206c65616b,15111,' leak'
697374696e67,15112,'isting'
496e6b,15113,'Ink'
204265727279,15114,' Berry'
206f6e696f6e73,15115,' onions'
2074697265646e657373,15116,' tiredness'
20736b6964,15117,' skid'
20736b6964646564,15118,' skidded'
6970706572,15119,'ipper'
42616c6c6f6f6e,15120,'Balloon'
74726176656c696e67,15121,'traveling'
6669766573,15122,'fives'
4c616e7465726e73,15123,'Lanterns'
436f6e67726174756c6174696f6e73,15124,'Congratulations'
204d6561646f7773,15125,' Meadows'
75656c6564,15126,'ueled'
204265616368,15127,' Beach'
20736375727279696e67,15128,' scurrying'
20506c616e74,15129,' Plant'
204f6c,15130,' Ol'
2072656164696564,15131,' readied'
2062617468726f6f6d,15132,' bathroom'
206261746f6e,15133,' baton'
20736563726574697665,15134,' secretive'
20696e737069726573,15135,' inspires'
206769766572,15136,' giver'
20756e77726170706564,15137,' unwrapped'
2070726f67726573736564,15138,' progressed'
61756e746564,15139,'aunted'
54616374,15140,'Tact'
20616d7573696e67,15141,' amusing'
206d65616e696e676c657373,15142,' meaningless'
20737570706f7274697665,15143,' supportive'
496379,15144,'Icy'
50757368,15145,'Push'
576f726b,15146,'Work'
20416e79,15147,' Any'
6672,15148,'fr'
206c697a61726473,15149,' lizards'
657363656e64696e67,15150,'escending'
20696d70657266656374696f6e73,15151,' imperfections'
20537072696e6773,15152,' Springs'
20636f6e63656e74726174696f6e,15153,' concentration'
20657275707473,15154,' erupts'
2053746f726d73,15155,' Storms'
206d616e75616c,15156,' manual'
2047656172,15157,' Gear'
20677261766573,15158,' graves'
576f6f,15159,'Woo'
20686f6e6b,15160,' honk'
20696e6861626974,15161,' inhabit'
20726f79616c7479,15162,' royalty'
206665617374696e67,15163,' feasting'
2072657368617065,15164,' reshape'
20746872756d,15165,' thrum'
20666c657869626c65,15166,' flexible'
206461726b656e73,15167,' darkens'
50656e63696c,15168,'Pencil'
4c6f6f6d696e67,15169,'Looming'
5275696e73,15170,'Ruins'
20756e64656e,15171,' unden'
20696e74656e73,15172,' intens'
6f756e746966756c,15173,'ountiful'
2074756c6970,15174,' tulip'
206e6172726f776c79,15175,' narrowly'
6e757473,15176,'nuts'
206e6f74696e67,15177,' noting'
20666174,15178,' fat'
686f6f,15179,'hoo'
20646566656e736573,15180,' defenses'
2073616372696669636573,15181,' sacrifices'
20756e66617a6564,15182,' unfazed'
2064656d6f6e,15183,' demon'
6679,15184,'fy'
2063616c6d73,15185,' calms'
20707279,15186,' pry'
7374726963686573,15187,'striches'
69726b,15188,'irk'
206c69747465726564,15189,' littered'
20756e64656e6961626c65,15190,' undeniable'
6c6f7264,15191,'lord'
4272616e63686573,15192,'Branches'
20486967686e657373,15193,' Highness'
506562626c6573,15194,'Pebbles'
206d6967687469657374,15195,' mightiest'
207472696767,15196,' trigg'
65636879,15197,'echy'
207472696d6d6564,15198,' trimmed'
456e7468757369,15199,'Enthusi'
616d6572,15200,'amer'
204d696e6473,15201,' Minds'
52756d626c696e67,15202,'Rumbling'
2063656c6c6172,15203,' cellar'
466f72676574,15204,'Forget'
206d6f7469766573,15205,' motives'
436174,15206,'Cat'
205374617276696577,15207,' Starview'
206e61737479,15208,' nasty'
53706f6f6b79,15209,'Spooky'
20626c69737366756c6c79,15210,' blissfully'
20696e666c75,15211,' influ'
4f72646572,15212,'Order'
20616363657373,15213,' access'
2077726170706572,15214,' wrapper'
2047686f737473,15215,' Ghosts'
20617373697374616e74,15216,' assistant'
2062616e746572,15217,' banter'
4d616b696e67,15218,'Making'
204561726c79,15219,' Early'
2042616b696e67,15220,' Baking'
2063726f7773,15221,' crows'
2046726565,15222,' Free'
20447265616d73746f6e65,15223,' Dreamstone'
496e7472696775696e67,15224,'Intriguing'
205374617273746f6e65,15225,' Starstone'
416972,15226,'Air'
206175646974696f6e73,15227,' auditions'
20736966746564,15228,' sifted'
20646576656c,15229,' devel'
2073686f77636173696e67,15230,' showcasing'
656d70746564,15231,'empted'
20576f726b,15232,' Work'
206172656173,15233,' areas'
207368696e69657374,15234,' shiniest'
756d706572,15235,'umper'
2073686970777265636b73,15236,' shipwrecks'
2073706f6e74616e65,15237,' spontane'
20636c696d,15238,' clim'
2061766174617273,15239,' avatars'
4c696f6e73,15240,'Lions'
6d616b657273,15241,'makers'
5468726f7567686f7574,15242,'Throughout'
2073747265616b696e67,15243,' streaking'
206f6d696e6f7573,15244,' ominous'
2053746f6e6573,15245,' Stones'
206472657373696e67,15246,' dressing'
20696e66696c7472617465,15247,' infiltrate'
47726179,15248,'Gray'
20736f6262696e67,15249,' sobbing'
2073686f6f,15250,' shoo'
4d6f75726e66756c,15251,'Mournful'
2062727569736564,15252,' bruised'
20686f74746572,15253,' hotter'
20726f62,15254,' rob'
206e696e65,15255,' nine'
746572666c79,15256,'terfly'
20766f79616765,15257,' voyage'
20756e73616964,15258,' unsaid'
2048616e6479,15259,' Handy'
20736f6e6762697264,15260,' songbird'
205472616e73666f726d6174696f6e,15261,' Transformation'
696d6167,15262,'imag'
4769667473,15263,'Gifts'
65727473,15264,'erts'
207475626573,15265,' tubes'
204b697261,15266,' Kira'
2045796573,15267,' Eyes'
4d696e64,15268,'Mind'
2073636f6c646564,15269,' scolded'
2063686577,15270,' chew'
20736f6c7374696365,15271,' solstice'
6f776c,15272,'owl'
2073636f72,15273,' scor'
206368656170,15274,' cheap'
2068756d626c6564,15275,' humbled'
206f7070726573736564,15276,' oppressed'
20666c6f70,15277,' flop'
75746368696e67,15278,'utching'
207370656e6473,15279,' spends'
2072656c6976696e67,15280,' reliving'
20666c6974,15281,' flit'
20706f73746361726473,15282,' postcards'
2053616e6477,15283,' Sandw'
2050686f656e6978,15284,' Phoenix'
77656174,15285,'weat'
746f7070696e67,15286,'topping'
2063616c6d6572,15287,' calmer'
20747261696c6564,15288,' trailed'
207075727273,15289,' purrs'
20536b796c616e64,15290,' Skyland'
204372797374616c73,15291,' Crystals'
2071756965746e657373,15292,' quietness'
7175656e74,15293,'quent'
206372696d696e616c,15294,' criminal'
2043726f7373696e67,15295,' Crossing'
20686561727468,15296,' hearth'
20507572,15297,' Pur'
207370696b6573,15298,' spikes'
206361726574,15299,' caret'
436f6f6b696e67,15300,'Cooking'
2050726f,15301,' Pro'
6567,15302,'eg'
20546f7973,15303,' Toys'
207468696e6e6572,15304,' thinner'
4c6f6e6573,15305,'Lones'
5472757374696e67,15306,'Trusting'
6d616e73686970,15307,'manship'
2050697a7a61,15308,' Pizza'
20636f617374616c,15309,' coastal'
46617465,15310,'Fate'
20747269676765726564,15311,' triggered'
20537472,15312,' Str'
416e6772696c79,15313,'Angrily'
206e6f7465706164,15314,' notepad'
4b697474656e73,15315,'Kittens'
657363656e74,15316,'escent'
20736b796c696e65,15317,' skyline'
2072657468696e6b,15318,' rethink'
20446565706572,15319,' Deeper'
44657764726f7073,15320,'Dewdrops'
2057616c6b6572,15321,' Walker'
206469616c73,15322,' dials'
4669676874696e67,15323,'Fighting'
20626f6f6b6d61726b,15324,' bookmark'
20696e646976696475616c,15325,' individual'
2053696c7665726c616b65,15326,' Silverlake'
20477565737473,15327,' Guests'
20636f756768,15328,' cough'
205065616b,15329,' Peak'
4972,15330,'Ir'
4c6f6e65736f6d65,15331,'Lonesome'
206461726b6c79,15332,' darkly'
20477573,15333,' Gus'
4d65726d61696473,15334,'Mermaids'
2073636f776c6564,15335,' scowled'
447261676f6e73,15336,'Dragons'
20736d7567,15337,' smug'
5465727269626c65,15338,'Terrible'
206c616d7070,15339,' lampp'
206c616d70706f7374,15340,' lamppost'
6265696e67,15341,'being'
616476656e74757265,15342,'adventure'
50756d70,15343,'Pump'
6c617374696e67,15344,'lasting'
2050696e65,15345,' Pine'
4261736b657473,15346,'Baskets'
2072756e6573,15347,' runes'
206775737473,15348,' gusts'
206361726f6c73,15349,' carols'
2067726173736573,15350,' grasses'
72617074696f6e,15351,'raption'
20636f6e7472617074696f6e,15352,' contraption'
2057616e64,15353,' Wand'
46616972,15354,'Fair'
20506170657273,15355,' Papers'
206c756e63686573,15356,' lunches'
697363,15357,'isc'
207072696e74,15358,' print'
204769646479,15359,' Giddy'
20456e64,15360,' End'
204c616479,15361,' Lady'
206e6f76656c,15362,' novel'
2072616b65,15363,' rake'
5377696d6d696e67,15364,'Swimming'
207375626d6572676564,15365,' submerged'
41626f7574,15366,'About'
2070617373696f6e617465,15367,' passionate'
206f70696e,15368,' opin'
206e61696c6564,15369,' nailed'
20756e73757370,15370,' unsusp'
20756e636f6d666f727461626c65,15371,' uncomfortable'
20756e73757370656374696e67,15372,' unsuspecting'
496d7072657373697665,15373,'Impressive'
77686f6f7368,15374,'whoosh'
496e76656e74696f6e,15375,'Invention'
20696e7465727477696e65,15376,' intertwine'
206c6f756e67696e67,15377,' lounging'
2067726176656c6c79,15378,' gravelly'
207765616b656e6564,15379,' weakened'
20536861646f7776616c65,15380,' Shadowvale'
427562626c696e67,15381,'Bubbling'
20416e677279,15382,' Angry'
506572666563746c79,15383,'Perfectly'
2070696c6c617273,15384,' pillars'
20726574726163696e67,15385,' retracing'
20646566656e64696e67,15386,' defending'
53616e6463617374,15387,'Sandcast'
2068616c74,15388,' halt'
207461636b6c6564,15389,' tackled'
2046616c6c696e67,15390,' Falling'
204368616c6c656e676573,15391,' Challenges'
20636f6178,15392,' coax'
20476174686572,15393,' Gather'
20726573757266,15394,' resurf'
207061727469636970,15395,' particip'
20687568,15396,' huh'
20526f636b6574,15397,' Rocket'
4c697665,15398,'Live'
2050696e6573,15399,' Pines'
616e69746f72,15400,'anitor'
20666f7373,15401,' foss'
20536e69636b657273,15402,' Snickers'
20717561636b,15403,' quack'
204d7564,15404,' Mud'
204a6f7976696c6c65,15405,' Joyville'
20517569726b,15406,' Quirk'
657468797374,15407,'ethyst'
20626173696c,15408,' basil'
2043617463686572,15409,' Catcher'
20536f6c76696e67,15410,' Solving'
2052656566,15411,' Reef'
65666561746564,15412,'efeated'
2046616365,15413,' Face'
656e6775696e73,15414,'enguins'
207265636f7264696e67,15415,' recording'
2044726177696e67,15416,' Drawing'
6c6f726961,15417,'loria'
46697665,15418,'Five'
206669736879,15419,' fishy'
2073657276616e7473,15420,' servants'
204d61727469616e,15421,' Martian'
206c657373656e6564,15422,' lessened'
207072657061726174696f6e73,15423,' preparations'
2047616d65,15424,' Game'
20657175616c,15425,' equal'
44696e6e6572,15426,'Dinner'
426574726179616c,15427,'Betrayal'
2072656e74,15428,' rent'
20766f6c756e746565726564,15429,' volunteered'
726f7773,15430,'rows'
466561726c6573736c79,15431,'Fearlessly'
46617363696e61746564,15432,'Fascinated'
20666c616972,15433,' flair'
2072756279,15434,' ruby'
44656c6963696f7573,15435,'Delicious'
616e746f6d,15436,'antom'
4772756d7079,15437,'Grumpy'
207068616e746f6d,15438,' phantom'
6772697479,15439,'grity'
2073776565746965,15440,' sweetie'
736f6d657468696e67,15441,'something'
656c636f6d696e67,15442,'elcoming'
42616e,15443,'Ban'
20636c616d73,15444,' clams'
204a756d7079,15445,' Jumpy'
5075666679,15446,'Puffy'
207261696e636f617473,15447,' raincoats'
206c6f6f73656e6564,15448,' loosened'
506574616c73,15449,'Petals'
20696e6861626974616e7473,15450,' inhabitants'
20656e636f756e74657273,15451,' encounters'
20616e74656e6e61,15452,' antenna'
20466c6173686261636b73,15453,' Flashbacks'
206172726f67616e6365,15454,' arrogance'
20436f6c6c,15455,' Coll'
206368696c69,15456,' chili'
20696e74727564657273,15457,' intruders'
20776174657279,15458,' watery'
206c756e636874696d65,15459,' lunchtime'
204275696c64657273,15460,' Builders'
207375626d6974,15461,' submit'
5469636b,15462,'Tick'
207377656174696e67,15463,' sweating'
6c6f67,15464,'log'
20737065616b657273,15465,' speakers'
2062616c6c6574,15466,' ballet'
656d73,15467,'ems'
466f6f6c697368,15468,'Foolish'
2054696d,15469,' Tim'
54726176656c,15470,'Travel'
206c7972696373,15471,' lyrics'
20756e6976657273,15472,' univers'
676c6f77,15473,'glow'
20696d70726f76696e67,15474,' improving'
6173696c79,15475,'asily'
206578706572696d656e7473,15476,' experiments'
206d656e75,15477,' menu'
20766f6c756d6573,15478,' volumes'
6f756e636572,15479,'ouncer'
2067726f616e,15480,' groan'
206c75726b73,15481,' lurks'
20666c61776564,15482,' flawed'
20617474656d70746564,15483,' attempted'
2053747265657473,15484,' Streets'
20636f726b,15485,' cork'
4561727468,15486,'Earth'
2053756e73746f6e65,15487,' Sunstone'
61746f7273,15488,'ators'
2073636f6f70696e67,15489,' scooping'
556e757375616c6c79,15490,'Unusually'
20737069,15491,' spi'
205377656174,15492,' Sweat'
205465636879,15493,' Techy'
20426f626f,15494,' Bobo'
20417374,15495,' Ast'
2046616c,15496,' Fal'
206a616e69746f72,15497,' janitor'
20427265657a65,15498,' Breeze'
205370726f636b6574,15499,' Sprocket'
205275667573,15500,' Rufus'
204177,15501,' Aw'
2061726f6d6173,15502,' aromas'
205a6f726261,15503,' Zorba'
207768696d706572696e67,15504,' whimpering'
2064656c69766572696e67,15505,' delivering'
436f6d657473,15506,'Comets'
205a6970,15507,' Zip'
2041726d,15508,' Arm'
2061737369676e,15509,' assign'
2063617073697a6564,15510,' capsized'
205468616e6b696e67,15511,' Thanking'
20576967676c65,15512,' Wiggle'
7374696e,15513,'stin'
636c6f636b,15514,'clock'
4f737472696368,15515,'Ostrich'
20476f72,15516,' Gor'
20737065636b,15517,' speck'
617a656d656e74,15518,'azement'
2074616e676c65,15519,' tangle'
206d616c66756e6374696f6e6564,15520,' malfunctioned'
20636f6d6679,15521,' comfy'
2050617261736175726f6c6f70687573,15522,' Parasaurolophus'
20686f6f6473,15523,' hoods'
20427567,15524,' Bug'
206c65617368,15525,' leash'
206b6e6974746564,15526,' knitted'
20617263686573,15527,' arches'
2073636f6f74657273,15528,' scooters'
206d6973686170,15529,' mishap'
20616c6c6579776179,15530,' alleyway'
2073656e74696e,15531,' sentin'
2062616c6d,15532,' balm'
44657363656e64696e67,15533,'Descending'
2068656564,15534,' heed'
2047726f6d,15535,' Grom'
2077696c6c73,15536,' wills'
2057617272696f7273,15537,' Warriors'
2077697065,15538,' wipe'
20737175697265,15539,' squire'
2070726576696f7573,15540,' previous'
2053686f636b6564,15541,' Shocked'
2062757267657273,15542,' burgers'
20636f6e666c69637473,15543,' conflicts'
2064697363757373696f6e73,15544,' discussions'
4e656974686572,15545,'Neither'
207361626f74616765,15546,' sabotage'
20736b617465626f617264696e67,15547,' skateboarding'
206772616475,15548,' gradu'
616c61637469746573,15549,'alactites'
207375727669766f72,15550,' survivor'
436f6e,15551,'Con'
20656173696e67,15552,' easing'
206a617a7a,15553,' jazz'
20636f6d706c6574696e67,15554,' completing'
697469,15555,'iti'
2072756d6d6167696e67,15556,' rummaging'
2073696d706c6963697479,15557,' simplicity'
7474657273,15558,'tters'
2074726565746f7073,15559,' treetops'
206865726f6963,15560,' heroic'
6262696573,15561,'bbies'
4b696e646c79,15562,'Kindly'
20537472656574,15563,' Street'
466f6f747072696e7473,15564,'Footprints'
20636875726e696e67,15565,' churning'
20756e77656c636f6d696e67,15566,' unwelcoming'
46617374,15567,'Fast'
20756e6465746572726564,15568,' undeterred'
61726f,15569,'aro'
696775726573,15570,'igures'
206c7572696e67,15571,' luring'
2073656c,15572,' sel'
20636c75636b696e67,15573,' clucking'
2046616c6c,15574,' Fall'
206d75726d757273,15575,' murmurs'
20636f6d656469616e,15576,' comedian'
50616e63616b6573,15577,'Pancakes'
2064697370,15578,' disp'
2066616d696c696172697479,15579,' familiarity'
2046697265666c696573,15580,' Fireflies'
2065617274687175616b65,15581,' earthquake'
20626c61737473,15582,' blasts'
206e61706b696e73,15583,' napkins'
20696e766573746967,15584,' investig'
206d65736d6572697a696e67,15585,' mesmerizing'
2077616e6564,15586,' waned'
2077616e65,15587,' wane'
20436c6177,15588,' Claw'
206d6f6465,15589,' mode'
20766962726174696f6e73,15590,' vibrations'
206d756773,15591,' mugs'
20646f64676562616c6c,15592,' dodgeball'
206f666669636572,15593,' officer'
207265746f72746564,15594,' retorted'
206a657374657273,15595,' jesters'
72657368696e67,15596,'reshing'
20636f6e6372657465,15597,' concrete'
5468696e6773,15598,'Things'
726f7273,15599,'rors'
2070756e697368,15600,' punish'
2052696e67,15601,' Ring'
20476976657273,15602,' Givers'
206b616e6761726f6f,15603,' kangaroo'
61737473,15604,'asts'
20617865,15605,' axe'
2075706c696674,15606,' uplift'
20756e646f6e65,15607,' undone'
20636865657379,15608,' cheesy'
20617363656e74,15609,' ascent'
4e696d626c65,15610,'Nimble'
20616d626974696f6e73,15611,' ambitions'
20666972656669676874,15612,' firefight'
20466973686572,15613,' Fisher'
4772616e646d61,15614,'Grandma'
2072656c79696e67,15615,' relying'
736d656c6c696e67,15616,'smelling'
20536f727279,15617,' Sorry'
4275696c64696e67,15618,'Building'
57686f7365,15619,'Whose'
205a6f6f6d6572,15620,' Zoomer'
2046696e646572,15621,' Finder'
696e78,15622,'inx'
204669676874,15623,' Fight'
2044656c,15624,' Del'
436f6d70,15625,'Comp'
20526561646572,15626,' Reader'
506f6e64,15627,'Pond'
696e6b6c6573,15628,'inkles'
42616b696e67,15629,'Baking'
5072616374,15630,'Pract'
4772616262696e67,15631,'Grabbing'
206b696c6c,15632,' kill'
4d6f6d6d79,15633,'Mommy'
20656e76696564,15634,' envied'
2068696363,15635,' hicc'
6c6f76696e67,15636,'loving'
576f6f66,15637,'Woof'
2046697265666c79,15638,' Firefly'
546f636b,15639,'Tock'
636f64,15640,'cod'
496e76,15641,'Inv'
20736d617368696e67,15642,' smashing'
6674656e,15643,'ften'
447265616d696c79,15644,'Dreamily'
7261696e,15645,'rain'
2074617270,15646,' tarp'
20766f7465,15647,' vote'
2074696d656b6565706572,15648,' timekeeper'
20636c757463686573,15649,' clutches'
416d617a656d656e74,15650,'Amazement'
204c797261,15651,' Lyra'
20666f7262696464656e,15652,' forbidden'
6c6172,15653,'lar'
2061646d697474696e67,15654,' admitting'
20666f6c6473,15655,' folds'
20737072696e74,15656,' sprint'
20726569676e69746564,15657,' reignited'
20696e74656e646564,15658,' intended'
2065736361706573,15659,' escapes'
20746563686e69,15660,' techni'
536868,15661,'Shh'
20546f6f,15662,' Too'
20746f6e67756573,15663,' tongues'
20486f707079,15664,' Hoppy'
2048757274,15665,' Hurt'
2073776561746572,15666,' sweater'
2066617363696e6174696e67,15667,' fascinating'
2050696e6b,15668,' Pink'
696c6967,15669,'ilig'
2057696e67,15670,' Wing'
206275736879,15671,' bushy'
4d61676e,15672,'Magn'
2074686572,15673,' ther'
20746865726d6f73,15674,' thermos'
75727374696e67,15675,'ursting'
206c6f6e656c69657374,15676,' loneliest'
4572,15677,'Er'
20736e7566666564,15678,' snuffed'
6164657273,15679,'aders'
206772756e74,15680,' grunt'
686f74,15681,'hot'
206d696e657273,15682,' miners'
20537472656e677468,15683,' Strength'
6f6c66,15684,'olf'
20756e6576656e,15685,' uneven'
4469736865617274656e6564,15686,'Disheartened'
20706f6c697368696e67,15687,' polishing'
20726f75746573,15688,' routes'
20736e617073,15689,' snaps'
7468616e6b,15690,'thank'
20706967656f6e,15691,' pigeon'
436172,15692,'Car'
4d69727468,15693,'Mirth'
20656e6c69676874,15694,' enlight'
4c656164,15695,'Lead'
20626964,15696,' bid'
546f72,15697,'Tor'
206672616d6573,15698,' frames'
20636f616c,15699,' coal'
6f6c6964,15700,'olid'
2073636176656e676572,15701,' scavenger'
42657272696573,15702,'Berries'
6f6d626572,15703,'omber'
207265636f7665726564,15704,' recovered'
20476967676c79,15705,' Giggly'
2053757065726865726f6573,15706,' Superheroes'
20646f6572,15707,' doer'
207761636b79,15708,' wacky'
20417061746f736175727573,15709,' Apatosaurus'
2046756e6e79,15710,' Funny'
6c656c616e64,15711,'leland'
205765656473,15712,' Weeds'
2073696e73,15713,' sins'
205075666679,15714,' Puffy'
20736e61746368696e67,15715,' snatching'
69646961,15716,'idia'
205265666c656374696f6e73,15717,' Reflections'
20746563686e6971756573,15718,' techniques'
2053707269746573,15719,' Sprites'
20726562656c6c696f7573,15720,' rebellious'
206372696d6573,15721,' crimes'
52617973,15722,'Rays'
42616d626f6f,15723,'Bamboo'
206261746564,15724,' bated'
466c6173686261636b,15725,'Flashback'
2072657472616365,15726,' retrace'
206465636c617265,15727,' declare'
207368696d6d657273,15728,' shimmers'
206c696b696e67,15729,' liking'
20436f6e74657374,15730,' Contest'
2054726176656c6572,15731,' Traveler'
20637261746572,15732,' crater'
2064756c6c6e657373,15733,' dullness'
2063686170656c,15734,' chapel'
204a6574,15735,' Jet'
2053686970,15736,' Ship'
20696e63686573,15737,' inches'
776f756c64,15738,'would'
4672757374726174696f6e,15739,'Frustration'
206c617665,15740,' lave'
206c6176656e646572,15741,' lavender'
206772696c6c,15742,' grill'
66656172,15743,'fear'
2044657370616972,15744,' Despair'
65737379,15745,'essy'
205261636572,15746,' Racer'
2048756765,15747,' Huge'
20696e63686564,15748,' inched'
636f64696c65,15749,'codile'
2063726f636f64696c65,15750,' crocodile'
616c6c6564,15751,'alled'
77696c6c,15752,'will'
2076696f6c6574,15753,' violet'
2073776174,15754,' swat'
536b,15755,'Sk'
2041656c6f726961,15756,' Aeloria'
4f626c6976,15757,'Obliv'
20626f74686572696e67,15758,' bothering'
46756e6b79,15759,'Funky'
206261726265637565,15760,' barbecue'
20536f6c7374696365,15761,' Solstice'
204d697374616b6573,15762,' Mistakes'
206d656368616e6963616c,15763,' mechanical'
2062756d626c65,15764,' bumble'
204c6f6c6c69706f70,15765,' Lollipop'
206d617269676f6c6473,15766,' marigolds'
446566,15767,'Def'
63616b65,15768,'cake'
446f67,15769,'Dog'
204f6674656e,15770,' Often'
2068617264656e,15771,' harden'
20626f756e746966756c,15772,' bountiful'
207769706573,15773,' wipes'
206a696e676c65,15774,' jingle'
2077696e676564,15775,' winged'
206d61746579,15776,' matey'
20636f6c6f7373,15777,' coloss'
204265616d,15778,' Beam'
20636f6c6f7373616c,15779,' colossal'
20636f6d706c696d656e7473,15780,' compliments'
746f6e,15781,'ton'
6976617465,15782,'ivate'
205761636b79,15783,' Wacky'
204e6967687466616c6c,15784,' Nightfall'
44696d,15785,'Dim'
2042726f776e,15786,' Brown'
506f77657266756c,15787,'Powerful'
4f4f,15788,'OO'
204163636f7264696e67,15789,' According'
20636f6f6c696e67,15790,' cooling'
2045617274686c696e6773,15791,' Earthlings'
61756e74,15792,'aunt'
20676573747572696e67,15793,' gesturing'
206c6966656c,15794,' lifel'
20646561646c79,15795,' deadly'
50616464,15796,'Padd'
20506c6f6f70,15797,' Ploop'
206b6e656164696e67,15798,' kneading'
205374617276616c65,15799,' Starvale'
206f7574646f6e65,15800,' outdone'
2050617374,15801,' Past'
20476c6974746572696e67,15802,' Glittering'
20766172696f7573,15803,' various'
20636f6d6d656e74,15804,' comment'
576865656c73,15805,'Wheels'
20536e61696c,15806,' Snail'
20627261776e,15807,' brawn'
4265617273,15808,'Bears'
697261666665,15809,'iraffe'
2063656c65627261746573,15810,' celebrates'
206c6c,15811,' ll'
206272616368696f736175727573,15812,' brachiosaurus'
5768656565,15813,'Wheee'
68617070696e657373,15814,'happiness'
20776967,15815,' wig'
20626c756562656c6c,15816,' bluebell'
204d7973746572,15817,' Myster'
20696d7072657373696e67,15818,' impressing'
61726765,15819,'arge'
576f6f686f6f,15820,'Woohoo'
2063726f616b73,15821,' croaks'
2072656e746564,15822,' rented'
536e,15823,'Sn'
20737469746368696e67,15824,' stitching'
206d697366,15825,' misf'
4f757472616765,15826,'Outrage'
556e6365727461696e,15827,'Uncertain'
20636f6e6a75726564,15828,' conjured'
206c756d6265726564,15829,' lumbered'
2070657273657665726564,15830,' persevered'
4d656c6f64,15831,'Melod'
20736c696d79,15832,' slimy'
456d6572616c64,15833,'Emerald'
2046696e6e79,15834,' Finny'
204f766572636f6d696e67,15835,' Overcoming'
20617761726473,15836,' awards'
206261636b66697265,15837,' backfire'
2070756e697368696e67,15838,' punishing'
206d6973657279,15839,' misery'
20657665,15840,' eve'
207072756e,15841,' prun'
7475726e6564,15842,'turned'
20446f6c7068,15843,' Dolph'
20477265656e79,15844,' Greeny'
20646973677569736573,15845,' disguises'
697665727365,15846,'iverse'
77656176657273,15847,'weavers'
2062696b696e67,15848,' biking'
2053696e67,15849,' Sing'
20627562626c79,15850,' bubbly'
4475636b73,15851,'Ducks'
205369626c696e67,15852,' Sibling'
206e6f6972,15853,' noir'
20456d6572616c64,15854,' Emerald'
206d616e61676572,15855,' manager'
2044616e676572,15856,' Danger'
2050696e,15857,' Pin'
2061727473,15858,' arts'
20736f6369616c,15859,' social'
486f75736573,15860,'Houses'
526573706f6e736962696c697479,15861,'Responsibility'
4c696768746e696e67,15862,'Lightning'
2062756464696e67,15863,' budding'
2070726563697365,15864,' precise'
20636c65616e7570,15865,' cleanup'
207265736f6e6174696e67,15866,' resonating'
2070726f666573736f72,15867,' professor'
47657474696e67,15868,'Getting'
2046616c6c73,15869,' Falls'
2074696d656c696e65,15870,' timeline'
20646570696374696e67,15871,' depicting'
2070726f6265,15872,' probe'
20737475747465726564,15873,' stuttered'
75646765,15874,'udge'
6f637573696e67,15875,'ocusing'
206f75746c696e6573,15876,' outlines'
7468726976696e67,15877,'thriving'
2046757a7a,15878,' Fuzz'
206361707461696e73,15879,' captains'
776f72746879,15880,'worthy'
206368616e64656c,15881,' chandel'
2062757a7a6573,15882,' buzzes'
207377616e73,15883,' swans'
52656672657368696e67,15884,'Refreshing'
20756e6d617463686564,15885,' unmatched'
20706f657473,15886,' poets'
20446f6573,15887,' Does'
20636c6970,15888,' clip'
204c617465,15889,' Late'
207377697463686573,15890,' switches'
6572656e65,15891,'erene'
617074697661746564,15892,'aptivated'
206d61676963616c6c79,15893,' magically'
20737761726d6564,15894,' swarmed'
20626f79667269656e64,15895,' boyfriend'
20766972,15896,' vir'
6c61756768696e67,15897,'laughing'
207061776e73,15898,' pawns'
2050726f746563746f72,15899,' Protector'
6f616c61,15900,'oala'
6967676c79,15901,'iggly'
6574686572,15902,'ether'
7468656972,15903,'their'
576f6c766573,15904,'Wolves'
4b6e6f77,15905,'Know'
206f7574736d617274696e67,15906,' outsmarting'
207374726169676874656e6564,15907,' straightened'
204c696573,15908,' Lies'
2073756e646165,15909,' sundae'
207069706573,15910,' pipes'
206275726e73,15911,' burns'
20726562656c73,15912,' rebels'
2077696c6c696e676e657373,15913,' willingness'
72657373696e67,15914,'ressing'
77617463686572,15915,'watcher'
205a6962,15916,' Zib'
207472616e7175696c,15917,' tranquil'
2065726173,15918,' eras'
20647265616d776561766572,15919,' dreamweaver'
72657061726564,15920,'repared'
4d6f72616c,15921,'Moral'
726f75706564,15922,'rouped'
207370656563686c657373,15923,' speechless'
20566973696f6e,15924,' Vision'
526f626f,15925,'Robo'
2070726f7370,15926,' prosp'
206e6565646c6573,15927,' needles'
207374726970706564,15928,' stripped'
20636c6f766572,15929,' clover'
6f756c,15930,'oul'
2053776565746c616e64,15931,' Sweetland'
53696e67696e67,15932,'Singing'
4d756666696e73,15933,'Muffins'
5061696e7462727573686573,15934,'Paintbrushes'
20556e69746564,15935,' United'
206d6f74697661746564,15936,' motivated'
6d6f76696e67,15937,'moving'
204c756e6172,15938,' Lunar'
20666c616d696e676f,15939,' flamingo'
20756e696d70726573736564,15940,' unimpressed'
4f6273696469616e,15941,'Obsidian'
20696e766164657273,15942,' invaders'
76656c6f7573,15943,'velous'
4d616d61,15944,'Mama'
206c6f676963616c,15945,' logical'
20696e7365637572,15946,' insecur'
20696e73656375726974696573,15947,' insecurities'
207363726170696e67,15948,' scraping'
207375727665796564,15949,' surveyed'
20646f63746f7273,15950,' doctors'
456d62657273,15951,'Embers'
20756e6675726c6564,15952,' unfurled'
20706f6c6b61,15953,' polka'
206d69786573,15954,' mixes'
69656e,15955,'ien'
206d61676e696679696e67,15956,' magnifying'
206e696e6a61,15957,' ninja'
20696d6974,15958,' imit'
7761726473,15959,'wards'
6c6967687473,15960,'lights'
205061,15961,' Pa'
20616c61726d6564,15962,' alarmed'
6666697469,15963,'ffiti'
20696e747275646572,15964,' intruder'
20616e6765726564,15965,' angered'
20636f6c6c696465,15966,' collide'
20736e6f7265,15967,' snore'
2047726579,15968,' Grey'
62656c69657665,15969,'believe'
20616d617a65,15970,' amaze'
616d6173,15971,'amas'
2046696e6e,15972,' Finn'
20666c75666669657374,15973,' fluffiest'
20736b656c65746f6e,15974,' skeleton'
20666c75,15975,' flu'
496d706174,15976,'Impat'
20736c616d,15977,' slam'
696d6d65726564,15978,'immered'
2070726f737065726564,15979,' prospered'
2073696d6d65726564,15980,' simmered'
206e6562756c6165,15981,' nebulae'
6f74697661746564,15982,'otivated'
207265636b6f6e696e67,15983,' reckoning'
6172696c79,15984,'arily'
20657868696c617261746564,15985,' exhilarated'
20636f62626c6573746f6e6573,15986,' cobblestones'
72656e657373,15987,'reness'
207761766572696e67,15988,' wavering'
20756e6c696b656c,15989,' unlikel'
20756e6c696b656c69657374,15990,' unlikeliest'
20436c6f75646c616e64,15991,' Cloudland'
20616e6e6f756e63696e67,15992,' announcing'
536f756e64,15993,'Sound'
2073657276696365,15994,' service'
20657870616e646564,15995,' expanded'
20636f6e74726962757465,15996,' contribute'
4765617273,15997,'Gears'
205374616c61637469746573,15998,' Stalactites'
204272696768747761746572,15999,' Brightwater'
20666c6f75726973686573,16000,' flourishes'
206669667468,16001,' fifth'
20636f6d6d656e7473,16002,' comments'
69636c65,16003,'icle'
636c6177,16004,'claw'
77697468,16005,'with'
20477561726473,16006,' Guards'
206b697373696e67,16007,' kissing'
62797373,16008,'byss'
20626c757368696e67,16009,' blushing'
20536b796c6172,16010,' Skylar'
536c69636b,16011,'Slick'
20626f78696e67,16012,' boxing'
2053776f726473,16013,' Swords'
456c657068616e7473,16014,'Elephants'
20636c65616e73696e67,16015,' cleansing'
2073706f6e74616e65697479,16016,' spontaneity'
207965,16017,' ye'
2073717569726d6564,16018,' squirmed'
20476c6962,16019,' Glib'
20636f6c6c61626f72617465,16020,' collaborate'
207265736f6e617465,16021,' resonate'
20726570656174696e67,16022,' repeating'
206465736372696265,16023,' describe'
73616e64,16024,'sand'
207769746864,16025,' withd'
696c6f74,16026,'ilot'
2077656273697465,16027,' website'
20667275697479,16028,' fruity'
206a6f67676564,16029,' jogged'
61646f6573,16030,'adoes'
20676967616e746963,16031,' gigantic'
65736d6572697a6564,16032,'esmerized'
207461726e,16033,' tarn'
207461726e6973686564,16034,' tarnished'
416d75736564,16035,'Amused'
20706c616e6574617269756d,16036,' planetarium'
20426c616465,16037,' Blade'
6964616c,16038,'idal'
204d61736b6564,16039,' Masked'
2077617273,16040,' wars'
20776869736b6579,16041,' whiskey'
207374756666696e67,16042,' stuffing'
20626c616e6b6c79,16043,' blankly'
20737563636573736573,16044,' successes'
20456767,16045,' Egg'
65727665,16046,'erve'
20476f6c64686176656e,16047,' Goldhaven'
2063616d70657273,16048,' campers'
436f72616c,16049,'Coral'
20666c6f77657270,16050,' flowerp'
2070696e6563,16051,' pinec'
204b6964,16052,' Kid'
20476c69746368,16053,' Glitch'
2070726f74657374,16054,' protest'
207363756c70746564,16055,' sculpted'
506963,16056,'Pic'
45636c6970736564,16057,'Eclipsed'
696e6974656c79,16058,'initely'
20756e7072657061726564,16059,' unprepared'
20476c696d6d6572696e67,16060,' Glimmering'
2073747261796564,16061,' strayed'
2063656e7465727069656365,16062,' centerpiece'
20427261696e79,16063,' Brainy'
43726f756368696e67,16064,'Crouching'
20736c6963696e67,16065,' slicing'
20636c696d6178,16066,' climax'
617068,16067,'aph'
6173636f74,16068,'ascot'
206d6173636f74,16069,' mascot'
706f776572,16070,'power'
416374,16071,'Act'
206c756c6c6162696573,16072,' lullabies'
4f76657267726f776e,16073,'Overgrown'
426f786573,16074,'Boxes'
6168,16075,'ah'
20646976657273697479,16076,' diversity'
206f7267616e697a6174696f6e,16077,' organization'
20647261676f6e666c696573,16078,' dragonflies'
204f66,16079,' Of'
2074617869,16080,' taxi'
206775696c64,16081,' guild'
2068756666,16082,' huff'
757474696e67,16083,'utting'
20686f6262696573,16084,' hobbies'
20636f6e71756572696e67,16085,' conquering'
2075736572,16086,' user'
206e6f73747269,16087,' nostri'
206e6f737472696c73,16088,' nostrils'
2052756d626c65,16089,' Rumble'
2053756e6265616d,16090,' Sunbeam'
576176696e67,16091,'Waving'
2061676564,16092,' aged'
6174657270696c6c,16093,'aterpill'
20496c6c7573696f6e,16094,' Illusion'
2073757272656e646572,16095,' surrender'
20656d627261636573,16096,' embraces'
6c657266697368,16097,'lerfish'
20506c616e7473,16098,' Plants'
20706174726f6c6c6564,16099,' patrolled'
696e616c73,16100,'inals'
7175656e746c79,16101,'quently'
206d657373696e657373,16102,' messiness'
7a75,16103,'zu'
757a75,16104,'uzu'
7564646572,16105,'udder'
2073687564646572,16106,' shudder'
616c74,16107,'alt'
4372696d736f6e,16108,'Crimson'
207265736375696e67,16109,' rescuing'
205479,16110,' Ty'
20666f72676976696e67,16111,' forgiving'
20696e7465,16112,' inte'
20526f626f4275646479,16113,' RoboBuddy'
20696e74656772697479,16114,' integrity'
20747269636b6c65,16115,' trickle'
57617279,16116,'Wary'
6d696e646564,16117,'minded'
417965,16118,'Aye'
2057686973706572657273,16119,' Whisperers'
696e676f,16120,'ingo'
57726974696e67,16121,'Writing'
2072617473,16122,' rats'
204d6f766564,16123,' Moved'
2072656d6f727365,16124,' remorse'
20636f6d6d69746d656e74,16125,' commitment'
4a656c6c79,16126,'Jelly'
206469616c6564,16127,' dialed'
2053656c66,16128,' Self'
2064697073,16129,' dips'
2062756d626c65626565,16130,' bumblebee'
2067726974,16131,' grit'
20486f7070,16132,' Hopp'
20617272616e67,16133,' arrang'
2072656164696e6773,16134,' readings'
2073686565706973686c79,16135,' sheepishly'
20737072696e6774696d65,16136,' springtime'
556d6272656c6c6173,16137,'Umbrellas'
2072656c697368696e67,16138,' relishing'
71756973,16139,'quis'
206772616e64706172656e74,16140,' grandparent'
2072616964657273,16141,' raiders'
207065616368,16142,' peach'
207261696c,16143,' rail'
2064756c6c657374,16144,' dullest'
62656e64,16145,'bend'
206469736d697373,16146,' dismiss'
20736e65657a696e67,16147,' sneezing'
4f6c697665,16148,'Olive'
20556e636c65,16149,' Uncle'
205374617266697265,16150,' Starfire'
20526964646c65,16151,' Riddle'
76696e676c79,16152,'vingly'
206472696c6c73,16153,' drills'
726f77696e67,16154,'rowing'
2062616e646564,16155,' banded'
626f6c74,16156,'bolt'
6f6e6773,16157,'ongs'
2068616e647368,16158,' handsh'
206469736865617274656e6564,16159,' disheartened'
20537465616c,16160,' Steal'
207072616e6b73746572,16161,' prankster'
627269646765,16162,'bridge'
20737461626c65,16163,' stable'
20646563657074,16164,' decept'
206d696d69636b696e67,16165,' mimicking'
20506f7461746f,16166,' Potato'
204170706c65,16167,' Apple'
206665646f7261,16168,' fedora'
68616e64,16169,'hand'
20576174657266616c6c,16170,' Waterfall'
20657870656e7365,16171,' expense'
5768616c6573,16172,'Whales'
536f6172696e67,16173,'Soaring'
206c61636b696e67,16174,' lacking'
204d616368696e65,16175,' Machine'
20476967676c6576696c6c65,16176,' Giggleville'
20776f6f6c,16177,' wool'
206d697368617073,16178,' mishaps'
20707465726f64616374796c73,16179,' pterodactyls'
2056696c6c616765,16180,' Village'
706f7572,16181,'pour'
20646f776e706f7572,16182,' downpour'
7761726d696e67,16183,'warming'
4d617276656c6f7573,16184,'Marvelous'
207065707065726f6e,16185,' pepperon'
4d657465,16186,'Mete'
4861756e746564,16187,'Haunted'
506c616e657473,16188,'Planets'
506c616e7473,16189,'Plants'
20476f6c64656e74,16190,' Goldent'
20696e666c75656e6365,16191,' influence'
20417263,16192,' Arc'
6372657374,16193,'crest'
20536f6d657768657265,16194,' Somewhere'
207377617973,16195,' sways'
756c6f75736c79,16196,'ulously'
6c65746f776e,16197,'letown'
20696e646976696475616c73,16198,' individuals'
20696d6167696e61626c65,16199,' imaginable'
696576696e67,16200,'ieving'
20756e737461626c65,16201,' unstable'
5468616e6b696e67,16202,'Thanking'
53637265616d,16203,'Scream'
204c6561726e696e67,16204,' Learning'
206f7973746572,16205,' oyster'
206d69736c6564,16206,' misled'
206c6966656c6f6e67,16207,' lifelong'
6f6f6c73,16208,'ools'
44696e6f,16209,'Dino'
20616e7469717565,16210,' antique'
2073637574746c696e67,16211,' scuttling'
2070616e656c73,16212,' panels'
204c756d6973,16213,' Lumis'
20456c7973,16214,' Elys'
70746572,16215,'pter'
636570746572,16216,'cepter'
206368616d62657273,16217,' chambers'
204c61756768,16218,' Laugh'
2053746172696e67,16219,' Staring'
20637261776c73,16220,' crawls'
206361736573,16221,' cases'
20636c6f636b6d616b6572,16222,' clockmaker'
2064657363656e64696e67,16223,' descending'
20696e7465726e6574,16224,' internet'
204a6f,16225,' Jo'
54696768746c79,16226,'Tightly'
20746f65,16227,' toe'
204f72696e,16228,' Orin'
20416c7068,16229,' Alph'
206c697175696473,16230,' liquids'
206865617274696c79,16231,' heartily'
636861626c65,16232,'chable'
204172726976696e67,16233,' Arriving'
204769616e7473,16234,' Giants'
63686f6f,16235,'choo'
6a6573746963616c6c79,16236,'jestically'
20636f6e73657175656e6365,16237,' consequence'
726966696564,16238,'rified'
476967676c65,16239,'Giggle'
20486964696e67,16240,' Hiding'
7468726f756768,16241,'through'
2053756e666c6f776572,16242,' Sunflower'
20556e6465727761746572,16243,' Underwater'
2070656163686573,16244,' peaches'
65656d,16245,'eem'
20636f6d706172,16246,' compar'
54616c6b,16247,'Talk'
20636f6d70617269736f6e,16248,' comparison'
50656e6775696e73,16249,'Penguins'
2050617469656e6365,16250,' Patience'
69676572,16251,'iger'
74656368,16252,'tech'
206d617267,16253,' marg'
20656e6761676564,16254,' engaged'
496e65,16255,'Ine'
207574746572,16256,' utter'
20706f736573,16257,' poses'
2069736c65,16258,' isle'
2075747465726c79,16259,' utterly'
204d617468,16260,' Math'
204f6464,16261,' Odd'
6973636f766572,16262,'iscover'
2072656163746564,16263,' reacted'
206861726d6f6e,16264,' harmon'
2073636f7265626f617264,16265,' scoreboard'
2064656570656e73,16266,' deepens'
206c757263686564,16267,' lurched'
20696e736967687473,16268,' insights'
2043616b65,16269,' Cake'
207374616972,16270,' stair'
20666964676574,16271,' fidget'
20696c6c756d696e617465,16272,' illuminate'
2062616e7175,16273,' banqu'
4d69646e69676874,16274,'Midnight'
20686f706566756c6c79,16275,' hopefully'
70696c6f74,16276,'pilot'
20756e7061636b6564,16277,' unpacked'
4372656174696e67,16278,'Creating'
536f72726f7766756c6c79,16279,'Sorrowfully'
696c6967656e746c79,16280,'iligently'
6f7465626f6f6b,16281,'otebook'
20706965726365,16282,' pierce'
206d65726368616e7473,16283,' merchants'
66616365,16284,'face'
20636173636164696e67,16285,' cascading'
46696e,16286,'Fin'
20537068657265,16287,' Sphere'
57686973746c65,16288,'Whistle'
68697265,16289,'hire'
206d6173686564,16290,' mashed'
20636f6e76696e63696e67,16291,' convincing'
206d617272696564,16292,' married'
206f7474657273,16293,' otters'
6f726365,16294,'orce'
657870,16295,'exp'
20776166666c6573,16296,' waffles'
206272616b6573,16297,' brakes'
206269727468,16298,' birth'
206f7574736964657273,16299,' outsiders'
2074656d706f72,16300,' tempor'
20476f6c6473746f6e65,16301,' Goldstone'
207370726179696e67,16302,' spraying'
7368696674657273,16303,'shifters'
2073706f7274736d616e73686970,16304,' sportsmanship'
204a6f65,16305,' Joe'
20626c65616b,16306,' bleak'
207363726f6c6c696e67,16307,' scrolling'
6c69766573,16308,'lives'
206372696d696e616c73,16309,' criminals'
6f6c65,16310,'ole'
2067756c6c,16311,' gull'
20706f6c6974656c79,16312,' politely'
2070726573657276696e67,16313,' preserving'
467572,16314,'Fur'
416e7974696d65,16315,'Anytime'
207472656e64,16316,' trend'
2064656679,16317,' defy'
20466f72676574,16318,' Forget'
20656e6475726564,16319,' endured'
2061737369676e6d656e74,16320,' assignment'
2066696c746572696e67,16321,' filtering'
206e6574776f726b,16322,' network'
204f7665726a6f796564,16323,' Overjoyed'
2073636f6f7073,16324,' scoops'
416363657074,16325,'Accept'
20706f737473,16326,' posts'
53616e64636173746c6573,16327,'Sandcastles'
206e617073,16328,' naps'
7269676964,16329,'rigid'
757272696564,16330,'urried'
20737065637461746f72,16331,' spectator'
206c6561677565,16332,' league'
207265616374696f6e73,16333,' reactions'
2046696775726573,16334,' Figures'
206c75726b,16335,' lurk'
2066726175676874,16336,' fraught'
206772616e64657374,16337,' grandest'
53617665,16338,'Save'
526f7365,16339,'Rose'
6f776572696e67,16340,'owering'
20756e6561727468696e67,16341,' unearthing'
7269676874656e6564,16342,'rightened'
747572616c,16343,'tural'
2070726976617465,16344,' private'
20486170707976696c6c65,16345,' Happyville'
20706c756e67696e67,16346,' plunging'
62756c62,16347,'bulb'
20626f6172,16348,' boar'
20466f67,16349,' Fog'
726f7065,16350,'rope'
6c696564,16351,'lied'
206170706c696564,16352,' applied'
206163636964656e7473,16353,' accidents'
2072757374696e67,16354,' rusting'
61726164,16355,'arad'
6172616465726965,16356,'araderie'
2063616d6172616465726965,16357,' camaraderie'
20756e696d6167,16358,' unimag'
20756e696d6167696e61626c65,16359,' unimaginable'
20737573,16360,' sus'
20737573706563746564,16361,' suspected'
20656172746879,16362,' earthy'
467265656c79,16363,'Freely'
204368656572,16364,' Cheer'
207361766f72,16365,' savor'
20706173747279,16366,' pastry'
4d6f74697661746564,16367,'Motivated'
207370656c6c6564,16368,' spelled'
2062616c6c6572,16369,' baller'
20646976657273696f6e,16370,' diversion'
204c6967687476616c65,16371,' Lightvale'
4368617365,16372,'Chase'
207363727562626564,16373,' scrubbed'
206f7574636f6d6573,16374,' outcomes'
4669657279,16375,'Fiery'
20667269656e646c696572,16376,' friendlier'
506c616e73,16377,'Plans'
207669727573,16378,' virus'
20476c69646572,16379,' Glider'
2046657374,16380,' Fest'
20546f776572,16381,' Tower'
2070726163746963616c,16382,' practical'
204272616e63686573,16383,' Branches'
